"""Discount Amount"" (Y) must not exceed ""Discount Qty Step"" (X), or no discount will apply.","""Rabattbetrag"" (Y) darf ""Rabatt-Mengenschritt"" (X) nicht überschreiten, sonst wird kein Rabatt angewendet."
"+ New Campaign","+ Neue Kampagne"
"+%1 min","+%1 Min."
"Abandoned Cart Recovery","Wiederherstellung abgebrochener Warenkörbe"
"Action","Aktion"
"Action timeline","Aktions-Zeitachse"
"Actions","Aktionen"
"Actions (run in order)","Aktionen (werden der Reihe nach ausgeführt)"
"Add Action","Aktion hinzufügen"
"Add Condition","Bedingung hinzufügen"
"Add New Campaign","Neue Kampagne hinzufügen"
"Add New Content Block","Neuen Inhaltsblock hinzufügen"
"Add New Free Gift Offer","Neues Geschenkangebot hinzufügen"
"Add New Score Rule","Neue Bewertungsregel hinzufügen"
"Add New Segment","Neues Segment hinzufügen"
"Add Points","Punkte hinzufügen"
"Add SKU","SKU hinzufügen"
"Add Tag","Tag hinzufügen"
"Add Tier","Stufe hinzufügen"
"Add Trigger","Auslöser hinzufügen"
"Apply flow to form & Save","Ablauf auf Formular anwenden & speichern"
"Are you sure you want to delete this %1?","Möchten Sie ""%1"" wirklich löschen?"
"Are you sure you want to delete this campaign?","Möchten Sie diese Kampagne wirklich löschen?"
"Are you sure you want to delete this content block?","Möchten Sie diesen Inhaltsblock wirklich löschen?"
"Are you sure you want to delete this free gift offer?","Möchten Sie dieses Geschenkangebot wirklich löschen?"
"Are you sure you want to delete this score rule?","Möchten Sie diese Bewertungsregel wirklich löschen?"
"Are you sure you want to delete this segment?","Möchten Sie dieses Segment wirklich löschen?"
"Assigned Sales Rep — Email","Zugewiesener Vertriebsmitarbeiter — E-Mail"
"Assigned Sales Rep — Name","Zugewiesener Vertriebsmitarbeiter — Name"
"Assigned Sales Rep — Phone","Zugewiesener Vertriebsmitarbeiter — Telefon"
"Attribute","Attribut"
"Attribute Code","Attributcode"
"Avg. Interval (days)","Durchschn. Intervall (Tage)"
"B2C Lifecycle Emails (Welcome / Win-back)","B2C-Lifecycle-E-Mails (Willkommen / Rückgewinnung)"
"Back","Zurück"
"Block Checkout When Over Credit Limit","Checkout bei Überschreitung des Kreditlimits blockieren"
"Build and manage automation campaigns","Automatisierungskampagnen erstellen und verwalten"
"Bulk actions on current members","Massenaktionen für aktuelle Mitglieder"
"Buy %1, get %2 free — customers pay for %1 out of every %3 (%4% off that batch).","%1 kaufen, %2 gratis erhalten — Kunden zahlen für %1 von jeweils %3 (%4 % Rabatt auf diese Menge)."
"CTA button URL","CTA-Button-URL"
"CTA button label","CTA-Button-Beschriftung"
"Call-to-action button URL","Call-to-Action-Button-URL"
"Call-to-action button label","Call-to-Action-Button-Beschriftung"
"Campaign Information","Kampagneninformationen"
"Campaign Calendar","Kampagnenkalender"
"Campaign","Kampagne"
"Campaign action with id ""%1"" does not exist.","Kampagnenaktion mit ID ""%1"" existiert nicht."
"Campaign condition with id ""%1"" does not exist.","Kampagnenbedingung mit ID ""%1"" existiert nicht."
"Campaign trigger with id ""%1"" does not exist.","Kampagnenauslöser mit ID ""%1"" existiert nicht."
"Campaign with id ""%1"" does not exist.","Kampagne mit ID ""%1"" existiert nicht."
"Campaigns","Kampagnen"
"Campaigns by trigger","Kampagnen nach Auslöser"
"Can be negative (a penalty rule).","Kann negativ sein (eine Strafregel)."
"Can be negative to subtract points when this rule matches","Kann negativ sein, um Punkte abzuziehen, wenn diese Regel zutrifft"
"Cart Abandoned","Warenkorb abgebrochen"
"Cart Price Rule","Warenkorb-Preisregel"
"Cart Price Rule ID","Warenkorb-Preisregel-ID"
"Cart price rule ID","Warenkorb-Preisregel-ID"
"Cart with id ""%1"" does not exist.","Warenkorb mit ID ""%1"" existiert nicht."
"Cascading tiers — every tier the cart subtotal reaches ADDS its gift slots, cumulative","Kaskadierende Stufen — jede erreichte Stufe der Warenkorb-Zwischensumme ADDIERT ihre Geschenkplätze, kumulativ"
"Category","Kategorie"
"Category ID","Kategorie-ID"
"Cheapest item in qualifying set free (Ordo Automation)","Günstigster Artikel im qualifizierten Set gratis (Ordo Automation)"
"Condition","Bedingung"
"Conditions","Bedingungen"
"Conditions (all must match — AND)","Bedingungen (alle müssen zutreffen — UND)"
"Conditions (all must pass — AND)","Bedingungen (alle müssen erfüllt sein — UND)"
"Configuration","Konfiguration"
"Contains","Enthält"
"Content Block Information","Informationen zum Inhaltsblock"
"Content Blocks","Inhaltsblöcke"
"Content block","Inhaltsblock"
"Content block not found.","Inhaltsblock nicht gefunden."
"Could not add gift ""%1"" to the cart: %2","Geschenk ""%1"" konnte nicht zum Warenkorb hinzugefügt werden: %2"
"Could not delete the campaign action: %1","Kampagnenaktion konnte nicht gelöscht werden: %1"
"Could not delete the campaign condition: %1","Kampagnenbedingung konnte nicht gelöscht werden: %1"
"Could not delete the campaign trigger: %1","Kampagnenauslöser konnte nicht gelöscht werden: %1"
"Could not delete the campaign: %1","Kampagne konnte nicht gelöscht werden: %1"
"Could not delete the content block: %1","Inhaltsblock konnte nicht gelöscht werden: %1"
"Could not delete the free gift offer: %1","Geschenkangebot konnte nicht gelöscht werden: %1"
"Could not delete the free gift product: %1","Geschenkprodukt konnte nicht gelöscht werden: %1"
"Could not delete the free gift tier: %1","Geschenkstufe konnte nicht gelöscht werden: %1"
"Could not delete the offer: %1","Angebot konnte nicht gelöscht werden: %1"
"Could not delete the score rule: %1","Bewertungsregel konnte nicht gelöscht werden: %1"
"Could not delete the segment: %1","Segment konnte nicht gelöscht werden: %1"
"Could not save the campaign action: %1","Kampagnenaktion konnte nicht gespeichert werden: %1"
"Could not save the campaign condition: %1","Kampagnenbedingung konnte nicht gespeichert werden: %1"
"Could not save the campaign trigger: %1","Kampagnenauslöser konnte nicht gespeichert werden: %1"
"Could not save the campaign: %1","Kampagne konnte nicht gespeichert werden: %1"
"Could not save the content block: %1","Inhaltsblock konnte nicht gespeichert werden: %1"
"Could not save the free gift offer: %1","Geschenkangebot konnte nicht gespeichert werden: %1"
"Could not save the free gift product: %1","Geschenkprodukt konnte nicht gespeichert werden: %1"
"Could not save the free gift tier: %1","Geschenkstufe konnte nicht gespeichert werden: %1"
"Could not save the offer: %1","Angebot konnte nicht gespeichert werden: %1"
"Could not save the score rule: %1","Bewertungsregel konnte nicht gespeichert werden: %1"
"Could not save the segment: %1","Segment konnte nicht gespeichert werden: %1"
"Coupon code prefix","Gutscheincode-Präfix"
"Created","Erstellt"
"Credit Limit","Kreditlimit"
"Credit Limit Alert","Kreditlimit-Warnung"
"Customer ID","Kunden-ID"
"Customer Registered","Kunde registriert"
"Dashboard","Dashboard"
"Days Since Last Order","Tage seit letzter Bestellung"
"Days added per self-extension","Hinzugefügte Tage pro Selbstverlängerung"
"Delay (minutes)","Verzögerung (Minuten)"
"Delete","Löschen"
"Delete %1 ""%2""","%1 ""%2"" löschen"
"Delete raw events older than this many days","Rohereignisse löschen, die älter als so viele Tage sind"
"Demographic-attribute lead scoring rules","Lead-Bewertungsregeln nach demografischen Attributen"
"Diagnostic view of detected reorder patterns","Diagnoseansicht erkannter Nachbestellmuster"
"Disabled","Deaktiviert"
"Drag a block from the palette onto the canvas, then drag from the small dot on the right edge of one node to the dot on the left edge of the next to connect them. A campaign can start from more than one trigger — every one of them must lead all the way through to an Action before you can save. Then ""Apply flow to form & Save"" writes the graph into the form below and saves through the same action the Save button uses.","Ziehen Sie einen Block aus der Palette auf die Zeichenfläche und verbinden Sie ihn, indem Sie vom kleinen Punkt am rechten Rand eines Knotens zum Punkt am linken Rand des nächsten ziehen. Eine Kampagne kann mit mehr als einem Auslöser beginnen — jeder von ihnen muss bis zu einer Aktion führen, bevor Sie speichern können. ""Ablauf auf Formular anwenden & speichern"" überträgt den Graphen dann in das untenstehende Formular und speichert über dieselbe Aktion, die auch die Schaltfläche ""Speichern"" verwendet."
"Edit","Bearbeiten"
"Edit Campaign ""%1""","Kampagne ""%1"" bearbeiten"
"Edit Content Block ""%1""","Inhaltsblock ""%1"" bearbeiten"
"Edit Free Gift Offer ""%1""","Geschenkangebot ""%1"" bearbeiten"
"Edit Score Rule ""%1""","Bewertungsregel ""%1"" bearbeiten"
"Edit Segment ""%1""","Segment ""%1"" bearbeiten"
"Email","E-Mail"
"Email template identifier","E-Mail-Vorlagenkennung"
"Enable on-site popups","Popups auf der Website aktivieren"
"Enabled","Aktiviert"
"Enter ""Discount Qty Step (Buy X)"" and ""Discount Amount"" (as Y, free qty) to see a preview.","Geben Sie ""Rabatt-Mengenschritt (Kauf X)"" und ""Rabattbetrag"" (als Y, kostenlose Menge) ein, um eine Vorschau zu sehen."
"Equals","Gleich"
"Escalate (resend) if not decided within this many days","Eskalieren (erneut senden), wenn innerhalb so vieler Tage keine Entscheidung getroffen wurde"
"Expires","Läuft ab"
"Every campaign's trigger(s) and its action chain's timing in one place — ""offset"" is the cumulative wait since the trigger fires, not just that step's own delay, since each action's delay_minutes counts from the PREVIOUS action, not from the start.","Auslöser und der zeitliche Ablauf der Aktionskette jeder Kampagne an einem Ort — der „Versatz“ ist die kumulierte Wartezeit seit dem Auslösen des Triggers, nicht nur die Verzögerung dieses einzelnen Schritts, da delay_minutes jeder Aktion ab der VORHERIGEN Aktion gezählt wird, nicht ab dem Start."
"Every campaign's trigger(s) and action timing in one place","Trigger und Aktionszeitpunkte jeder Kampagne an einem Ort"
"Extend by %1 day(s)","Um %1 Tag(e) verlängern"
"F Quintile","F-Quintil"
"Feed URL","Feed-URL"
"Feed refreshed.","Feed aktualisiert."
"First Name","Vorname"
"Flow","Ablauf"
"Free Gift Above Threshold","Geschenk ab Schwellenwert"
"Free Gift Offer Information","Informationen zum Geschenkangebot"
"Free Gift Offers","Geschenkangebote"
"Free gift offer with id ""%1"" does not exist.","Geschenkangebot mit ID ""%1"" existiert nicht."
"Free gift offers","Geschenkangebote"
"Free gift product with id ""%1"" does not exist.","Geschenkprodukt mit ID ""%1"" existiert nicht."
"Free gift tier with id ""%1"" does not exist.","Geschenkstufe mit ID ""%1"" existiert nicht."
"General","Allgemein"
"Gift pool — SKUs a customer may pick from once eligible","Geschenkpool — SKUs, aus denen ein Kunde nach Berechtigung auswählen kann"
"Gift slots this tier adds","Von dieser Stufe hinzugefügte Geschenkplätze"
"HTML","HTML"
"HTML Snippet","HTML-Snippet"
"Hard-blocks order placement for a logged-in customer whose credit limit utilization has reached 100%. Disabled by default — separate opt-in from the warning email above.","Blockiert die Bestellaufgabe für einen angemeldeten Kunden vollständig, dessen Kreditlimitauslastung 100 % erreicht hat. Standardmäßig deaktiviert — unabhängig von der obigen Warn-E-Mail separat zu aktivieren."
"How many feed items to include","Wie viele Feed-Einträge einbezogen werden sollen"
"How many products to include","Wie viele Produkte einbezogen werden sollen"
"ID","ID"
"Identifier","Kennung"
"Invalid bulk action type.","Ungültiger Massenaktionstyp."
"Invalid offer.","Ungültiges Angebot."
"Invalid or already-used approval token.","Ungültiges oder bereits verwendetes Genehmigungstoken."
"Invalid segment.","Ungültiges Segment."
"Item Count","Anzahl der Einträge"
"Last Name","Nachname"
"Last Order","Letzte Bestellung"
"Last Recalculated","Zuletzt neu berechnet"
"Lead Scoring","Lead-Bewertung"
"Leave blank if you filled in Tag / Minimum order total / Minimum score above.","Leer lassen, wenn Sie oben Tag / Mindestbestellwert / Mindestpunktzahl ausgefüllt haben."
"Leave blank if you filled in one of the dedicated fields above.","Leer lassen, wenn Sie eines der oben genannten dedizierten Felder ausgefüllt haben."
"M Quintile","M-Quintil"
"Manage cascading-tier gift offers and their gift pools","Geschenkangebote mit kaskadierenden Stufen und deren Geschenkpools verwalten"
"Maximum reminders per cart","Maximale Erinnerungen pro Warenkorb"
"Maximum times a customer can self-extend an offer","Maximale Anzahl, wie oft ein Kunde ein Angebot selbst verlängern kann"
"Message","Nachricht"
"Minimum cart subtotal","Mindest-Zwischensumme des Warenkorbs"
"Minimum cart subtotal to trigger a reminder","Mindest-Warenkorb-Zwischensumme zum Auslösen einer Erinnerung"
"Minimum days between repeated alerts for the same threshold","Mindestanzahl Tage zwischen wiederholten Warnungen für denselben Schwellenwert"
"Minimum order total","Mindestbestellwert"
"Minimum orders to detect a pattern","Mindestanzahl Bestellungen zur Erkennung eines Musters"
"Minimum score","Mindestpunktzahl"
"Minimum time between two popups shown to the same visitor/customer. 0 disables the cap.","Mindestzeit zwischen zwei Popups, die demselben Besucher/Kunden angezeigt werden. 0 deaktiviert die Begrenzung."
"Missing campaign id.","Kampagnen-ID fehlt."
"Missing content block id.","Inhaltsblock-ID fehlt."
"Missing free gift offer id.","Geschenkangebot-ID fehlt."
"Missing score rule id.","Bewertungsregel-ID fehlt."
"Missing segment id.","Segment-ID fehlt."
"My Offers","Meine Angebote"
"Name","Name"
"New Campaign","Neue Kampagne"
"New Content Block","Neuer Inhaltsblock"
"New Free Gift Offer","Neues Geschenkangebot"
"New Score Rule","Neue Bewertungsregel"
"New Segment","Neues Segment"
"Next Expected","Nächste erwartet"
"No authenticated customer for this request.","Kein authentifizierter Kunde für diese Anfrage."
"No actions configured","Keine Aktionen konfiguriert"
"No campaigns yet — create one to get started.","Noch keine Kampagnen — erstellen Sie eine, um zu beginnen."
"No customers currently match this segment.","Derzeit stimmen keine Kunden mit diesem Segment überein."
"No free items — Y is 0. Set ""Discount Amount"" to how many should be free.","Keine kostenlosen Artikel — Y ist 0. Legen Sie mit ""Rabattbetrag"" fest, wie viele kostenlos sein sollen."
"No trigger configured","Kein Auslöser konfiguriert"
"Not Equals","Ungleich"
"Not eligible for extension","Nicht verlängerungsberechtigt"
"Offer ""%1"" has been extended to %2.","Angebot ""%1"" wurde bis %2 verlängert."
"Offer Expiry Reminder","Erinnerung an Angebotsablauf"
"Offer with id ""%1"" does not exist.","Angebot mit ID ""%1"" existiert nicht."
"On-Site Behavior Tracking","Verhaltensverfolgung auf der Website"
"Operator","Operator"
"Order Approval Admin Email","Admin-E-Mail für Bestellgenehmigung"
"Order Approval Workflow","Workflow für Bestellgenehmigung"
"Order Placed","Bestellung aufgegeben"
"Order Spend Limit (requires approval above this amount)","Bestellausgabenlimit (erfordert Genehmigung oberhalb dieses Betrags)"
"Order approval with id ""%1"" does not exist or is no longer pending.","Bestellgenehmigung mit ID ""%1"" existiert nicht mehr oder steht nicht mehr aus."
"Order approval with id ""%1"" does not exist.","Bestellgenehmigung mit ID ""%1"" existiert nicht."
"Orders","Bestellungen"
"Orders Considered","Berücksichtigte Bestellungen"
"Ordo Automation","Ordo Automation"
"Ordo Automation Campaigns","Ordo Automation – Kampagnen"
"Ordo Automation Content Blocks","Ordo Automation – Inhaltsblöcke"
"Ordo Automation Free Gifts","Ordo Automation – Geschenke"
"Ordo Automation Score Rules","Ordo Automation – Bewertungsregeln"
"Ordo Automation Section","Ordo Automation – Bereich"
"Ordo Automation Segments","Ordo Automation – Segmente"
"Output variable name (optional)","Name der Ausgabevariable (optional)"
"Params (JSON)","Parameter (JSON)"
"Params (JSON) — only needed for a condition type without a dedicated field above","Parameter (JSON) — nur erforderlich für einen Bedingungstyp ohne dediziertes Feld oben"
"Params (JSON) — only needed for an action type without a dedicated field above","Parameter (JSON) — nur erforderlich für einen Aktionstyp ohne dediziertes Feld oben"
"Please enter a tag.","Bitte geben Sie einen Tag ein."
"Please enter a valid number of points.","Bitte geben Sie eine gültige Punktzahl ein."
"Points","Punkte"
"Points (used by ""Add Points"")","Punkte (verwendet von ""Punkte hinzufügen"")"
"Popup body","Popup-Text"
"Popup frequency cap (hours)","Popup-Häufigkeitsbegrenzung (Stunden)"
"Popup headline","Popup-Überschrift"
"Popup poll interval (seconds)","Popup-Abfrageintervall (Sekunden)"
"Preview","Vorschau"
"Product Feed","Produkt-Feed"
"Products","Produkte"
"Queued ""%1"" for %2 matching customer(s).","""%1"" für %2 passende Kunde(n) in die Warteschlange gestellt."
"R Quintile","R-Quintil"
"RFM Report","RFM-Bericht"
"RFM Score","RFM-Wert"
"RSS 2.0 feed URL, refetched every 30 minutes by cron (or on demand via ""Refresh Feed Now"")","RSS-2.0-Feed-URL, wird alle 30 Minuten per Cron neu abgerufen (oder bei Bedarf über ""Feed jetzt aktualisieren"")"
"RSS Feed","RSS-Feed"
"Raw HTML to embed for a ""snippet"" block.","Roher HTML-Code, der für einen ""Snippet""-Block eingebettet wird."
"Recency, frequency and spend quintiles across all customers","Aktualitäts-, Häufigkeits- und Ausgaben-Quintile über alle Kunden hinweg"
"Recovered revenue","Zurückgewonnener Umsatz"
"Reference","Referenz"
"Refresh Feed Now","Feed jetzt aktualisieren"
"Refresh failed: %1","Aktualisierung fehlgeschlagen: %1"
"Remove","Entfernen"
"Reorder Cycles","Nachbestellzyklen"
"Reorder Reminder","Nachbestellerinnerung"
"Reorder cycle with id ""%1"" does not exist.","Nachbestellzyklus mit ID ""%1"" existiert nicht."
"Responded","Reagiert"
"Response rate","Antwortquote"
"Reusable HTML snippet, RSS, and product feed blocks for campaign emails","Wiederverwendbare HTML-Snippet-, RSS- und Produkt-Feed-Blöcke für Kampagnen-E-Mails"
"Run Bulk Action","Massenaktion ausführen"
"Runs against everyone currently matching this segment's conditions. The action is queued and applied asynchronously.","Wird auf alle angewendet, die derzeit den Bedingungen dieses Segments entsprechen. Die Aktion wird in die Warteschlange gestellt und asynchron ausgeführt."
"SKU","SKU"
"SKU ""%1"" is not an eligible free gift for this cart.","SKU ""%1"" ist für diesen Warenkorb kein berechtigtes Geschenk."
"Sales Rep Signature & Digest","Vertriebsmitarbeiter-Signatur & Zusammenfassung"
"Save & Continue Edit","Speichern & Bearbeitung fortsetzen"
"Save Campaign","Kampagne speichern"
"Save Content Block","Inhaltsblock speichern"
"Save Offer","Angebot speichern"
"Save Score Rule","Bewertungsregel speichern"
"Save Segment","Segment speichern"
"Saved, reusable customer conditions — reference from any campaign via the ""In Segment"" condition","Gespeicherte, wiederverwendbare Kundenbedingungen — aus jeder Kampagne über die Bedingung ""Im Segment"" referenzierbar"
"Score Rule Information","Informationen zur Bewertungsregel"
"Score Rules","Bewertungsregeln"
"Score Threshold","Bewertungsschwellenwert"
"Score Threshold Crossed","Bewertungsschwellenwert überschritten"
"Searchable — includes core customer fields and EAV custom attributes","Durchsuchbar — umfasst Kern-Kundenfelder und benutzerdefinierte EAV-Attribute"
"Segment Information","Segmentinformationen"
"Segments","Segmente"
"Send reminder N days before the expected date","Erinnerung N Tage vor dem erwarteten Datum senden"
"Send reminder N days before the offer expires","Erinnerung N Tage vor Ablauf des Angebots senden"
"Send reminder N minutes after last cart activity","Erinnerung N Minuten nach der letzten Warenkorbaktivität senden"
"Send weekly digest to reps","Wöchentliche Zusammenfassung an Vertriebsmitarbeiter senden"
"Sent","Gesendet"
"Sort Order","Sortierreihenfolge"
"Source","Quelle"
"Status","Status"
"Tag","Tag"
"Tag (used by ""Add Tag"")","Tag (verwendet von ""Tag hinzufügen"")"
"Tag Added","Tag hinzugefügt"
"Tag a customer ""inactive"" after this many days without an order","Kunden nach so vielen Tagen ohne Bestellung als ""inaktiv"" markieren"
"Tag a customer after this many clicks on the same tracked element","Kunden nach so vielen Klicks auf dasselbe verfolgte Element markieren"
"Tag a customer after this many views of the same item","Kunden nach so vielen Ansichten desselben Artikels markieren"
"The campaign has been deleted.","Die Kampagne wurde gelöscht."
"The campaign has been saved.","Die Kampagne wurde gespeichert."
"The content block has been deleted.","Der Inhaltsblock wurde gelöscht."
"The content block has been saved.","Der Inhaltsblock wurde gespeichert."
"The free gift offer has been deleted.","Das Geschenkangebot wurde gelöscht."
"The free gift offer has been saved.","Das Geschenkangebot wurde gespeichert."
"The gift selection contains duplicate SKUs.","Die Geschenkauswahl enthält doppelte SKUs."
"The order for this approval could not be found.","Die Bestellung für diese Genehmigung konnte nicht gefunden werden."
"The score rule has been deleted.","Die Bewertungsregel wurde gelöscht."
"The score rule has been saved.","Die Bewertungsregel wurde gespeichert."
"The segment has been deleted.","Das Segment wurde gelöscht."
"The segment has been saved.","Das Segment wurde gespeichert."
"This campaign no longer exists.","Diese Kampagne existiert nicht mehr."
"This content block is not an RSS feed.","Dieser Inhaltsblock ist kein RSS-Feed."
"This content block no longer exists.","Dieser Inhaltsblock existiert nicht mehr."
"This free gift offer no longer exists.","Dieses Geschenkangebot existiert nicht mehr."
"This offer could not be found.","Dieses Angebot konnte nicht gefunden werden."
"This offer has already been extended the maximum of %1 time(s).","Dieses Angebot wurde bereits die maximale Anzahl von %1 Mal(en) verlängert."
"This score rule no longer exists.","Diese Bewertungsregel existiert nicht mehr."
"This segment no longer exists.","Dieses Segment existiert nicht mehr."
"Tiers","Stufen"
"Total","Gesamt"
"Total Spend","Gesamtausgaben"
"Total campaigns","Kampagnen gesamt"
"Tracked reorder cycles","Verfolgte Nachbestellzyklen"
"Trigger","Auslöser"
"Trigger Event","Auslöserereignis"
"Trigger performance","Auslöserleistung"
"Triggers","Auslöser"
"Trigger(s)","Auslöser"
"Triggers, thresholds, tracking, and more","Auslöser, Schwellenwerte, Tracking und mehr"
"Triggers: %1","Auslöser: %1"
"Type","Typ"
"Unique machine identifier, referenced by a campaign's ""Add Dynamic Content"" action","Eindeutige maschinenlesbare Kennung, auf die von der Kampagnenaktion ""Dynamischen Inhalt hinzufügen"" verwiesen wird"
"Updated","Aktualisiert"
"Value","Wert"
"Visitor Tag Added (anonymous)","Tag für anonymen Besucher hinzugefügt"
"Wait this long after the previous step (or the trigger, for the first action) before running this one. 0 runs immediately.","So lange nach dem vorherigen Schritt (oder dem Auslöser bei der ersten Aktion) warten, bevor dieser ausgeführt wird. 0 führt sofort aus."
"Warn at this % of credit limit used","Bei diesem Prozentsatz der genutzten Kreditlimit-Auslastung warnen"
"You have no offers yet.","Sie haben noch keine Angebote."
"You may select at most %1 gift(s) with the current cart subtotal.","Bei der aktuellen Warenkorb-Zwischensumme können Sie höchstens %1 Geschenk(e) auswählen."
"Your order could not be placed because your account has reached its credit limit. Please contact your sales representative.","Ihre Bestellung konnte nicht aufgegeben werden, da Ihr Konto sein Kreditlimit erreicht hat. Bitte wenden Sie sich an Ihren Vertriebsmitarbeiter."
"campaign","Kampagne"
"content block","Inhaltsblock"
"e.g. {""tag"":""vip""}, {""amount"":""100""}, {""threshold"":""50""}, {""days"":""30""}, {""count"":""3""}, {""segment_id"":""2""} — see the condition type's docblock in Model/Campaign/Condition/ for the exact keys it reads.","z. B. {""tag"":""vip""}, {""amount"":""100""}, {""threshold"":""50""}, {""days"":""30""}, {""count"":""3""}, {""segment_id"":""2""} — die genauen Schlüssel finden Sie im Docblock des jeweiligen Bedingungstyps in Model/Campaign/Condition/."
"free gift offer","Geschenkangebot"
"score rule","Bewertungsregel"
"immediate","sofort"
"segment","Segment"
"""All"" (AND) requires every condition below to match; ""Any"" (OR) requires only one.","„Alle“ (UND) erfordert, dass jede der folgenden Bedingungen zutrifft; „Beliebig“ (ODER) erfordert nur eine."
"%1 — customer #%2 (%3)","%1 — Kunde #%2 (%3)"
"(deleted campaign)","(gelöschte Kampagne)"
"(no split)","(keine Aufteilung)"
"+%1 days","+%1 Tage"
"+%1 hours","+%1 Stunden"
"+1 day","+1 Tag"
"+1 hour","+1 Stunde"
"-- Select --","-- Auswählen --"
"0 / %1 characters","0 / %1 Zeichen"
"A later ""Send Email"" action in this same chain can render the result with {{var <output variable name>|raw}}. Defaults to ""ai_content_html"" if left blank.","Eine spätere Aktion „E-Mail senden“ in derselben Kette kann das Ergebnis mit {{var <output variable name>|raw}} ausgeben. Standardmäßig „ai_content_html“, wenn leer gelassen."
"A quick checklist for the real dependency order: configure a channel, build a segment, then a campaign that uses it.","Eine kurze Checkliste für die tatsächliche Reihenfolge der Abhängigkeiten: einen Kanal konfigurieren, ein Segment erstellen, dann eine Kampagne, die es verwendet."
"A saved, reusable set of customer conditions — reference it from any campaign via the ""In Segment"" condition instead of repeating the same conditions everywhere.","Eine gespeicherte, wiederverwendbare Gruppe von Kundenbedingungen — verweisen Sie über die Bedingung „Im Segment“ aus jeder Kampagne darauf, anstatt dieselben Bedingungen überall zu wiederholen."
"A single 0-10 question, e.g. ""How likely are you to recommend us to a friend?""","Eine einzelne Frage mit Skala 0–10, z. B. „Wie wahrscheinlich ist es, dass Sie uns einem Freund weiterempfehlen?“"
"A total of %1 WhatsApp template(s) have been deleted.","Insgesamt %1 WhatsApp-Vorlage(n) wurden gelöscht."
"A total of %1 ad audience(s) have been deleted.","Insgesamt %1 Werbezielgruppe(n) wurden gelöscht."
"A total of %1 ad audience(s) have been disabled.","Insgesamt %1 Werbezielgruppe(n) wurden deaktiviert."
"A total of %1 ad audience(s) have been enabled.","Insgesamt %1 Werbezielgruppe(n) wurden aktiviert."
"A total of %1 campaign(s) have been deleted.","Insgesamt %1 Kampagne(n) wurden gelöscht."
"A total of %1 campaign(s) have been disabled.","Insgesamt %1 Kampagne(n) wurden deaktiviert."
"A total of %1 campaign(s) have been enabled.","Insgesamt %1 Kampagne(n) wurden aktiviert."
"A total of %1 content block(s) have been deleted.","Insgesamt %1 Inhaltsblock/Inhaltsblöcke wurden gelöscht."
"A total of %1 content block(s) have been disabled.","Insgesamt %1 Inhaltsblock/Inhaltsblöcke wurden deaktiviert."
"A total of %1 content block(s) have been enabled.","Insgesamt %1 Inhaltsblock/Inhaltsblöcke wurden aktiviert."
"A total of %1 free gift offer(s) have been deleted.","Insgesamt %1 Geschenkangebot(e) wurden gelöscht."
"A total of %1 free gift offer(s) have been disabled.","Insgesamt %1 Geschenkangebot(e) wurden deaktiviert."
"A total of %1 free gift offer(s) have been enabled.","Insgesamt %1 Geschenkangebot(e) wurden aktiviert."
"A total of %1 lead routing rule(s) have been deleted.","Insgesamt %1 Lead-Routing-Regel(n) wurden gelöscht."
"A total of %1 lead routing rule(s) have been disabled.","Insgesamt %1 Lead-Routing-Regel(n) wurden deaktiviert."
"A total of %1 lead routing rule(s) have been enabled.","Insgesamt %1 Lead-Routing-Regel(n) wurden aktiviert."
"A total of %1 message log entry(s) have been deleted.","Insgesamt %1 Nachrichtenprotokoll-Eintrag/Einträge wurden gelöscht."
"A total of %1 price watch subscription(s) have been deleted.","Insgesamt %1 Preisbeobachtungs-Abonnement(s) wurden gelöscht."
"A total of %1 push subscription(s) have been deleted.","Insgesamt %1 Push-Abonnement(s) wurden gelöscht."
"A total of %1 reorder cycle(s) have been deleted.","Insgesamt %1 Nachbestellzyklus/Nachbestellzyklen wurden gelöscht."
"A total of %1 score rule(s) have been deleted.","Insgesamt %1 Bewertungsregel(n) wurden gelöscht."
"A total of %1 score rule(s) have been disabled.","Insgesamt %1 Bewertungsregel(n) wurden deaktiviert."
"A total of %1 score rule(s) have been enabled.","Insgesamt %1 Bewertungsregel(n) wurden aktiviert."
"A total of %1 segment(s) have been deleted.","Insgesamt %1 Segment(e) wurden gelöscht."
"A total of %1 segment(s) have been disabled.","Insgesamt %1 Segment(e) wurden deaktiviert."
"A total of %1 segment(s) have been enabled.","Insgesamt %1 Segment(e) wurden aktiviert."
"A trigger, plus whatever conditions/actions should run when it fires — the Flow canvas is the fastest way to build one.","Ein Auslöser plus die Bedingungen/Aktionen, die beim Auslösen ausgeführt werden sollen — die Ablauf-Zeichenfläche ist der schnellste Weg, eine Kampagne zu erstellen."
"AI-agent commerce endpoints are disabled.","KI-Agent-Commerce-Endpunkte sind deaktiviert."
"Ad Audience","Werbezielgruppe"
"Ad Audience Information","Informationen zur Werbezielgruppe"
"Ad Audiences","Werbezielgruppen"
"Add New Ad Audience","Neue Werbezielgruppe hinzufügen"
"Add New Lead Routing Rule","Neue Lead-Routing-Regel hinzufügen"
"Add New Template","Neue Vorlage hinzufügen"
"Add Rep","Vertriebsmitarbeiter hinzufügen"
"Added to Cart","Zum Warenkorb hinzugefügt"
"Added to Wishlist","Zum Wunschzettel hinzugefügt"
"Admin Action Log","Admin-Aktionsprotokoll"
"Admin User","Admin-Benutzer"
"Admin-facing only - not sent to Meta.","Nur für Admin-Ansicht - wird nicht an Meta gesendet."
"All conditions (AND)","Alle Bedingungen (UND)"
"Already fired","Bereits ausgelöst"
"Any condition (OR)","Beliebige Bedingung (ODER)"
"Approve","Genehmigen"
"Approved","Genehmigt"
"Are you sure you want to delete the selected WhatsApp template(s)?","Möchten Sie die ausgewählte(n) WhatsApp-Vorlage(n) wirklich löschen?"
"Are you sure you want to delete the selected ad audience(s)?","Möchten Sie die ausgewählte(n) Werbezielgruppe(n) wirklich löschen?"
"Are you sure you want to delete the selected campaign(s)?","Möchten Sie die ausgewählte(n) Kampagne(n) wirklich löschen?"
"Are you sure you want to delete the selected content block(s)?","Möchten Sie den/die ausgewählten Inhaltsblock/Inhaltsblöcke wirklich löschen?"
"Are you sure you want to delete the selected free gift offer(s)?","Möchten Sie das/die ausgewählte(n) Geschenkangebot(e) wirklich löschen?"
"Are you sure you want to delete the selected lead routing rule(s)?","Möchten Sie die ausgewählte(n) Lead-Routing-Regel(n) wirklich löschen?"
"Are you sure you want to delete the selected message log entry(s)?","Möchten Sie den/die ausgewählten Nachrichtenprotokoll-Eintrag/Einträge wirklich löschen?"
"Are you sure you want to delete the selected reorder cycle(s)?","Möchten Sie den/die ausgewählten Nachbestellzyklus/Nachbestellzyklen wirklich löschen?"
"Are you sure you want to delete the selected score rule(s)?","Möchten Sie die ausgewählte(n) Bewertungsregel(n) wirklich löschen?"
"Are you sure you want to delete the selected segment(s)?","Möchten Sie das/die ausgewählte(n) Segment(e) wirklich löschen?"
"Are you sure you want to delete this WhatsApp template?","Möchten Sie diese WhatsApp-Vorlage wirklich löschen?"
"Are you sure you want to delete this ad audience?","Möchten Sie diese Werbezielgruppe wirklich löschen?"
"Are you sure you want to delete this lead routing rule?","Möchten Sie diese Lead-Routing-Regel wirklich löschen?"
"Are you sure you want to reject this order?","Möchten Sie diese Bestellung wirklich ablehnen?"
"Attributed Revenue","Zugeordneter Umsatz"
"Audience & Targeting","Zielgruppe & Targeting"
"Audience Size As Of","Zielgruppengröße Stand"
"Authentication","Authentifizierung"
"Average projected CLV","Durchschnittlicher prognostizierter CLV"
"Back In Stock","Wieder auf Lager"
"Back to Dashboard","Zurück zum Dashboard"
"Body Text","Nachrichtentext"
"Browse Abandoned (viewed a product, no order since)","Ansicht abgebrochen (Produkt angesehen, seitdem keine Bestellung)"
"Browse and act on pending order approvals without the original decision email","Ausstehende Bestellgenehmigungen durchsehen und bearbeiten, ohne die ursprüngliche Entscheidungs-E-Mail"
"Build Cart","Warenkorb erstellen"
"Build a campaign","Eine Kampagne erstellen"
"Build a segment","Ein Segment erstellen"
"Build reorder cart","Nachbestell-Warenkorb erstellen"
"Campaign ""%1"" was imported.","Kampagne „%1“ wurde importiert."
"Campaign Action Timeline","Zeitachse der Kampagnenaktionen"
"Campaign conversion rate (%1 sent, %2 converted)","Kampagnen-Konversionsrate (%1 gesendet, %2 konvertiert)"
"Campaign not found.","Kampagne nicht gefunden."
"Campaigns & Automation","Kampagnen & Automatisierung"
"Cancel","Abbrechen"
"Cart built for this customer - review and place the order below.","Warenkorb für diesen Kunden erstellt - unten prüfen und die Bestellung aufgeben."
"Changes","Änderungen"
"Channel","Kanal"
"Channels & Content","Kanäle & Inhalte"
"Clicked","Angeklickt"
"Combines this group's own conditions below with AND/OR, independently of the segment's top-level setting.","Verknüpft die eigenen Bedingungen dieser Gruppe unten mit UND/ODER, unabhängig von der übergeordneten Einstellung des Segments."
"Compare","Vergleichen"
"Compliance & Settings","Compliance & Einstellungen"
"Configure a messaging channel","Einen Nachrichtenkanal konfigurieren"
"Connected. Response: ""%1""","Verbunden. Antwort: „%1“"
"Consent updated.","Einwilligung aktualisiert."
"Consent — customer #%1 (%2)","Einwilligung — Kunde #%1 (%2)"
"Content Block","Inhaltsblock"
"Conversations","Unterhaltungen"
"Conversion Rate","Konversionsrate"
"Converted","Konvertiert"
"Could not build the cart: %1","Der Warenkorb konnte nicht erstellt werden: %1"
"Could not delete the WhatsApp template: %1","Die WhatsApp-Vorlage konnte nicht gelöscht werden: %1"
"Could not delete the ad audience: %1","Die Werbezielgruppe konnte nicht gelöscht werden: %1"
"Could not delete the lead routing rule: %1","Die Lead-Routing-Regel konnte nicht gelöscht werden: %1"
"Could not refresh the template status: %1","Der Vorlagenstatus konnte nicht aktualisiert werden: %1"
"Could not restore template ""%1"": %2","Vorlage „%1“ konnte nicht wiederhergestellt werden: %2"
"Could not save the WhatsApp template: %1","Die WhatsApp-Vorlage konnte nicht gespeichert werden: %1"
"Could not save the ad audience: %1","Die Werbezielgruppe konnte nicht gespeichert werden: %1"
"Could not save the lead routing rule: %1","Die Lead-Routing-Regel konnte nicht gespeichert werden: %1"
"Could not send the reminder: %1","Die Erinnerung konnte nicht gesendet werden: %1"
"Could not submit the template to Meta: %1","Die Vorlage konnte nicht an Meta übermittelt werden: %1"
"Create","Erstellen"
"Cron Run Log","Cron-Ausführungsprotokoll"
"Cron expression","Cron-Ausdruck"
"Crons failed (last 24h)","Fehlgeschlagene Crons (letzte 24 Std.)"
"Customer","Kunde"
"Customer 360","Kunde 360"
"Customer Email","Kunden-E-Mail"
"Customer email","Kunden-E-Mail"
"Customers currently matching this segment's saved conditions.","Kunden, die derzeit den gespeicherten Bedingungen dieses Segments entsprechen."
"Data subject actions","Aktionen für betroffene Personen"
"Date/time (store timezone)","Datum/Uhrzeit (Zeitzone des Shops)"
"Days since last order","Tage seit letzter Bestellung"
"Decided","Entschieden"
"Delete WhatsApp templates","WhatsApp-Vorlagen löschen"
"Delete ad audiences","Werbezielgruppen löschen"
"Delete campaigns","Kampagnen löschen"
"Delete content blocks","Inhaltsblöcke löschen"
"Delete free gift offers","Geschenkangebote löschen"
"Delete lead routing rules","Lead-Routing-Regeln löschen"
"Delete message log entries","Nachrichtenprotokoll-Einträge löschen"
"Delete price watch subscription(s)","Preisbeobachtungs-Abonnement(s) löschen"
"Delete push subscription(s)","Push-Abonnement(s) löschen"
"Delete reorder cycles","Nachbestellzyklen löschen"
"Delete score rules","Bewertungsregeln löschen"
"Delete segments","Segmente löschen"
"Delete the selected price watch subscription(s)? This cancels the watch - the customer or guest will need to register it again to be notified.","Ausgewählte(s) Preisbeobachtungs-Abonnement(s) löschen? Dies bricht die Beobachtung ab - der Kunde oder Gast muss sie erneut registrieren, um benachrichtigt zu werden."
"Delete the selected push subscription(s)? The device will need to re-subscribe to receive push notifications again.","Ausgewählte(s) Push-Abonnement(s) löschen? Das Gerät muss sich erneut anmelden, um wieder Push-Benachrichtigungen zu erhalten."
"Delivered","Zugestellt"
"Diagnostics","Diagnose"
"Disable","Deaktivieren"
"Done","Fertig"
"Drift ratio, at least (1.0 = exactly on schedule)","Abweichungsverhältnis, mindestens (1,0 = genau nach Zeitplan)"
"E.g. 80 = among the best 20% of customers on this metric.","Z. B. 80 = unter den besten 20 % der Kunden bei dieser Kennzahl."
"Each variant gets a relative weight (they don't need to sum to 100) and its own action chain. A customer is assigned to exactly one variant, deterministically, the first time they enter this split - repeat dispatches (and a delayed resume elsewhere in the chain) always land in the same variant. A variant's own actions can't have their own delay yet.","Jede Variante erhält eine relative Gewichtung (die Summe muss nicht 100 ergeben) und eine eigene Aktionskette. Ein Kunde wird beim ersten Eintritt in diese Aufteilung deterministisch genau einer Variante zugeordnet - wiederholte Aussendungen (und eine verzögerte Fortsetzung an anderer Stelle der Kette) landen immer in derselben Variante. Die eigenen Aktionen einer Variante können noch keine eigene Verzögerung haben."
"Edit Ad Audience ""%1""","Werbezielgruppe „%1“ bearbeiten"
"Edit Lead Routing Rule ""%1""","Lead-Routing-Regel „%1“ bearbeiten"
"Edit WhatsApp Template ""%1""","WhatsApp-Vorlage „%1“ bearbeiten"
"Email Template Versions","E-Mail-Vorlagenversionen"
"Email address, or +15551234567 for SMS/WhatsApp","E-Mail-Adresse oder +15551234567 für SMS/WhatsApp"
"Enable","Aktivieren"
"Enable in Configuration","In der Konfiguration aktivieren"
"Endpoint","Endpunkt"
"Entity","Entität"
"Entity ID","Entitäts-ID"
"Erase all data","Alle Daten löschen"
"Erased %1 Ordo Automation row(s) for customer #%2.","%1 Ordo-Automation-Datensatz/Datensätze für Kunde #%2 gelöscht."
"Error","Fehler"
"Error Code","Fehlercode"
"Estimated Audience Size","Geschätzte Zielgruppengröße"
"Event","Ereignis"
"Every browser/device Web Push subscription currently registered","Jedes derzeit registrierte Web-Push-Abonnement pro Browser/Gerät"
"Every enabled campaign's ""Scheduled Date/Time"" or ""Recurring Schedule"" trigger, plotted on the day it will (or did) fire — event-based triggers (order placed, tag added, ...) have no fixed date and so don't appear here; see ""Campaign Action Timeline"" for those.","Der Auslöser „Geplantes Datum/Uhrzeit“ oder „Wiederkehrender Zeitplan“ jeder aktivierten Kampagne, eingetragen an dem Tag, an dem er auslösen wird (oder ausgelöst hat) — ereignisbasierte Auslöser (Bestellung aufgegeben, Tag hinzugefügt, …) haben kein festes Datum und erscheinen daher hier nicht; siehe dafür „Zeitachse der Kampagnenaktionen“."
"Every price-drop or back-in-stock watch a customer or guest has registered","Jede Preissenkungs- oder Wieder-auf-Lager-Beobachtung, die ein Kunde oder Gast registriert hat"
"Every snapshot taken of a Magento email template, with a restore option","Jeder erstellte Schnappschuss einer Magento-E-Mail-Vorlage, mit Wiederherstellungsoption"
"Export","Exportieren"
"Export all data (JSON)","Alle Daten exportieren (JSON)"
"External Audience ID","Externe Zielgruppen-ID"
"Failed","Fehlgeschlagen"
"Failure","Fehlschlag"
"Fallback text","Ausweichtext"
"Feed","Feed"
"File","Datei"
"Fills the template's {{1}}, {{2}}, ... placeholders in order, e.g. for a template body of ""Hi {{1}}, your order {{2}} shipped"": John,ORD-1234","Füllt die Platzhalter {{1}}, {{2}}, … der Vorlage der Reihe nach, z. B. für einen Vorlagentext „Hi {{1}}, Ihre Bestellung {{2}} wurde versendet“: John,ORD-1234"
"Find a customer","Kunde suchen"
"Fit all nodes in view","Alle Knoten in Ansicht einpassen"
"Follow Up on Tagged Customers","Nachfassen bei markierten Kunden"
"Format: YYYY-MM-DD HH:MM:SS, e.g. 2026-11-28 09:00:00. Fires at most once, the next time Cron\DispatchScheduledCampaignTriggers scans (every 5 minutes) after this moment.","Format: JJJJ-MM-TT HH:MM:SS, z. B. 2026-11-28 09:00:00. Löst höchstens einmal aus, beim nächsten Scan von Cron\DispatchScheduledCampaignTriggers (alle 5 Minuten) nach diesem Zeitpunkt."
"Free Gift Offer","Geschenkangebot"
"Fri","Fr"
"From","Von"
"Full Screen","Vollbild"
"Funnel","Funnel"
"GDPR / Consent","DSGVO / Einwilligung"
"Go","Los"
"Good news — the price dropped to %1.","Gute Nachrichten — der Preis ist auf %1 gesunken."
"Good news — the product you were watching is back in stock.","Gute Nachrichten — das von Ihnen beobachtete Produkt ist wieder auf Lager."
"Google Ads","Google Ads"
"Google Ads: an existing user list resourceName (customers/{id}/userLists/{id}). Meta: leave blank to have a new Custom Audience created on first sync.","Google Ads: ein vorhandener Benutzerlisten-resourceName (customers/{id}/userLists/{id}). Meta: leer lassen, damit beim ersten Sync eine neue Custom Audience erstellt wird."
"Google Merchant Center feed URL:","Google-Merchant-Center-Feed-URL:"
"Group (nested AND/OR)","Gruppe (verschachteltes UND/ODER)"
"Group conditions","Gruppenbedingungen"
"Group matches","Gruppentreffer"
"Guest Email","Gast-E-Mail"
"How many recommended products to include","Wie viele empfohlene Produkte einbezogen werden sollen"
"Import","Importieren"
"Import %1","%1 importieren"
"Import Campaign","Kampagne importieren"
"Import Segment","Segment importieren"
"In both (intersection):","In beiden (Schnittmenge):"
"Include an opt-out instruction (e.g. ""Reply STOP to unsubscribe"") in the first message to any recipient — required by Twilio's messaging policy and, in the US, the TCPA.","Fügen Sie in der ersten Nachricht an jeden Empfänger einen Abmeldehinweis ein (z. B. „Antworten Sie mit STOP zum Abbestellen“) — erforderlich gemäß Twilios Messaging-Richtlinie und, in den USA, dem TCPA."
"Internal engine views for verifying automation is working correctly - not needed for day-to-day use.","Interne Engine-Ansichten zur Überprüfung, ob die Automatisierung korrekt funktioniert - für den täglichen Gebrauch nicht erforderlich."
"Invalid consent update request.","Ungültige Anfrage zur Aktualisierung der Einwilligung."
"Invalid customer.","Ungültiger Kunde."
"Language","Sprache"
"Last Known Price","Zuletzt bekannter Preis"
"Last Reminder Sent","Zuletzt gesendete Erinnerung"
"Last Seen","Zuletzt gesehen"
"Last Sync Message","Letzte Sync-Meldung"
"Last Sync Status","Letzter Sync-Status"
"Last Synced At","Zuletzt synchronisiert am"
"Lead Routing Rule Information","Informationen zur Lead-Routing-Regel"
"Lead Routing Rules","Lead-Routing-Regeln"
"Lead score","Lead-Bewertung"
"Leave blank to match any product.","Leer lassen, um auf jedes Produkt zuzutreffen."
"Leave blank to match every customer (a catch-all/default pool rule)","Leer lassen, um auf jeden Kunden zuzutreffen (eine Auffang-/Standard-Pool-Regel)"
"Level","Ebene"
"Lifetime spend","Gesamtausgaben (Lifetime)"
"Load a Template","Vorlage laden"
"Look up one customer by email to see everything this module already knows about them - segments, tags, RFM/CLV, lead score, NPS, loyalty tier, and order history - on one screen.","Suchen Sie einen Kunden per E-Mail, um alles anzuzeigen, was dieses Modul bereits über ihn weiß - Segmente, Tags, RFM/CLV, Lead-Bewertung, NPS, Treuestufe und Bestellhistorie - auf einem Bildschirm."
"Look up one customer by email to view or change their marketing consent, export their data, or permanently erase it — for handling a GDPR/data-protection rights request.","Suchen Sie einen Kunden per E-Mail, um dessen Marketing-Einwilligung anzuzeigen oder zu ändern, seine Daten zu exportieren oder dauerhaft zu löschen — zur Bearbeitung einer DSGVO-/Datenschutz-Rechteanfrage."
"Lowercase letters, digits, and underscores only - this is the exact name registered with Meta.","Nur Kleinbuchstaben, Ziffern und Unterstriche - dies ist der exakte, bei Meta registrierte Name."
"Loyalty tier","Treuestufe"
"Loyalty tiers","Treuestufen"
"Manage and submit templates the send_whatsapp campaign action can use","Vorlagen verwalten und einreichen, die die Kampagnenaktion send_whatsapp verwenden kann"
"Marketing","Marketing"
"Match order — the first enabled rule that matches a customer wins","Übereinstimmungsreihenfolge — die erste aktivierte Regel, die auf einen Kunden zutrifft, gewinnt"
"Matches a purchase from this category or any of its subcategories.","Trifft auf einen Kauf aus dieser Kategorie oder einer ihrer Unterkategorien zu."
"Matching customers are assigned round-robin across this pool, in the order listed","Passende Kunden werden reihum (Round-Robin) über diesen Pool zugewiesen, in der aufgeführten Reihenfolge"
"Maximum days since last order","Höchstens Tage seit letzter Bestellung"
"Message Log","Nachrichtenprotokoll"
"Meta","Meta"
"Meta Template ID","Meta-Vorlagen-ID"
"Meta Template Name","Meta-Vorlagenname"
"Meta locale code, e.g. en_US, pl_PL.","Meta-Gebietsschema-Code, z. B. en_US, pl_PL."
"Minimum NPS score","Mindest-NPS-Wert"
"Minimum lifetime total","Mindest-Gesamtsumme (Lifetime)"
"Minimum order count","Mindestanzahl Bestellungen"
"Minimum tier","Mindeststufe"
"Missing WhatsApp template id.","WhatsApp-Vorlagen-ID fehlt."
"Missing ad audience id.","Werbezielgruppen-ID fehlt."
"Missing lead routing rule id.","Lead-Routing-Regel-ID fehlt."
"Missing or invalid API key.","Fehlender oder ungültiger API-Schlüssel."
"Missing reorder cycle id.","Nachbestellzyklus-ID fehlt."
"Mon","Mo"
"Month-grid view of when scheduled/recurring campaigns fire","Monatsraster-Ansicht, wann geplante/wiederkehrende Kampagnen auslösen"
"NPS score","NPS-Wert"
"Never ordered","Nie bestellt"
"Never surveyed","Nie befragt"
"New Ad Audience","Neue Werbezielgruppe"
"New Lead Routing Rule","Neue Lead-Routing-Regel"
"New WhatsApp Template","Neue WhatsApp-Vorlage"
"New here? Finish setting up Ordo Automation.","Neu hier? Schließen Sie die Einrichtung von Ordo Automation ab."
"Next month →","Nächster Monat →"
"No","Nein"
"No - send immediately","Nein - sofort senden"
"No customer found for that email.","Kein Kunde für diese E-Mail-Adresse gefunden."
"No matching enabled segments.","Keine passenden aktivierten Segmente."
"No response - check the Base URL/Model below, and that the Ollama instance is reachable from this server.","Keine Antwort - prüfen Sie unten die Basis-URL/das Modell und ob die Ollama-Instanz von diesem Server aus erreichbar ist."
"No sends recorded for this campaign yet.","Für diese Kampagne wurden noch keine Sendungen erfasst."
"No tags.","Keine Tags."
"None of the requested SKUs could be quoted.","Für keine der angeforderten SKUs konnte ein Angebot erstellt werden."
"Not calculated yet","Noch nicht berechnet"
"Not set up yet — publish your catalog as a Google Merchant Center feed to unlock free Google Shopping listings.","Noch nicht eingerichtet — veröffentlichen Sie Ihren Katalog als Google-Merchant-Center-Feed, um kostenlose Google-Shopping-Einträge freizuschalten."
"Not yet computed","Noch nicht berechnet"
"Note","Hinweis"
"Notification body","Benachrichtigungstext"
"Notification title","Benachrichtigungstitel"
"Notified","Benachrichtigt"
"Notified Admin","Admin benachrichtigt"
"Only APPROVED templates appear here — the WhatsApp Business Platform never allows a free-form message from a campaign send.","Hier erscheinen nur GENEHMIGTE Vorlagen — die WhatsApp Business Platform erlaubt bei einem Kampagnenversand nie eine Freitextnachricht."
"Only in Segment A:","Nur in Segment A:"
"Only in Segment B:","Nur in Segment B:"
"Open Setup Guide","Einrichtungsanleitung öffnen"
"Opened","Geöffnet"
"Opened by push-sw.js's notificationclick handler when the browser notification is clicked - defaults to ""/"" if left blank.","Wird vom notificationclick-Handler von push-sw.js geöffnet, wenn auf die Browser-Benachrichtigung geklickt wird - standardmäßig „/“, wenn leer gelassen."
"Opt in","Zustimmen"
"Opt out","Ablehnen"
"Opted Out","Abgemeldet"
"Opted in","Zugestimmt"
"Opted out","Abgemeldet"
"Order Approvals","Bestellgenehmigungen"
"Order ID","Bestell-ID"
"Order approvals stuck","Feststeckende Bestellgenehmigungen"
"Order count, at least","Bestellanzahl, mindestens"
"Output variable name","Name der Ausgabevariable"
"Params (comma-separated)","Parameter (kommagetrennt)"
"Pending","Ausstehend"
"Per-customer marketing consent, data export, and erasure","Marketing-Einwilligung, Datenexport und -löschung pro Kunde"
"Percentile, at least (0-100)","Perzentil, mindestens (0-100)"
"Permanently erase all Ordo Automation data for this customer? This cannot be undone.","Alle Ordo-Automation-Daten für diesen Kunden dauerhaft löschen? Dies kann nicht rückgängig gemacht werden."
"Phone","Telefon"
"Pick two different segments.","Wählen Sie zwei unterschiedliche Segmente aus."
"Pick two segments to see how many customers currently match both — useful for avoiding message fatigue from campaigns that unknowingly target the same people.","Wählen Sie zwei Segmente aus, um zu sehen, wie viele Kunden derzeit auf beide zutreffen — nützlich, um Nachrichtenmüdigkeit durch Kampagnen zu vermeiden, die unwissentlich dieselben Personen ansprechen."
"Platform","Plattform"
"Post-Purchase Thank You + Coupon","Dankeschön nach dem Kauf + Gutschein"
"Price Drop","Preissenkung"
"Price Watch Subscriptions","Preisbeobachtungs-Abonnements"
"Product","Produkt"
"Product Count","Produktanzahl"
"Product Feed Health","Zustand des Produkt-Feeds"
"Product ID","Produkt-ID"
"Product Recommendations","Produktempfehlungen"
"Product feed refresh failed: %1","Aktualisierung des Produkt-Feeds fehlgeschlagen: %1"
"Product feeds refreshed for %1 store/format combination(s): %2 product(s) total.","Produkt-Feeds aktualisiert für %1 Shop-/Format-Kombination(en): insgesamt %2 Produkt(e)."
"Prompt","Prompt"
"Provider Message ID","Anbieter-Nachrichten-ID"
"Push Subscriptions","Push-Abonnements"
"Qualifies For","Qualifiziert sich für"
"Qualifies for segments","Qualifiziert sich für Segmente"
"RFM / order history","RFM / Bestellhistorie"
"RFM score","RFM-Wert"
"Rate limit exceeded.","Ratenlimit überschritten."
"Read-only: every admin save of a Campaign or Segment - who, when, and what changed","Nur lesend: jedes Admin-Speichern einer Kampagne oder eines Segments - wer, wann und was geändert wurde"
"Read-only: every shopping feed generation attempt, per store - success/error, item count","Nur lesend: jeder Versuch der Shopping-Feed-Erstellung, pro Shop - Erfolg/Fehler, Anzahl Einträge"
"Read-only: every summary/failure line every cron in this module has logged","Nur lesend: jede Zusammenfassungs-/Fehlerzeile, die jeder Cron dieses Moduls protokolliert hat"
"Read-only: inbound SMS/WhatsApp replies per customer, including STOP-keyword opt-outs","Nur lesend: eingehende SMS-/WhatsApp-Antworten pro Kunde, einschließlich Abmeldungen per STOP-Schlüsselwort"
"Read-only: raw delivery status of every SMS/email a campaign action sent","Nur lesend: roher Zustellstatus jeder von einer Kampagnenaktion gesendeten SMS/E-Mail"
"Read-only: what the reorder-detection engine currently believes about each customer/SKU","Nur lesend: was die Nachbestellungs-Erkennungs-Engine derzeit über jeden Kunden/jede SKU annimmt"
"Recalculate Now","Jetzt neu berechnen"
"Received At","Empfangen am"
"Recency (days since last order, at most)","Aktualität (Tage seit letzter Bestellung, höchstens)"
"Recurring Schedule","Wiederkehrender Zeitplan"
"Redo","Wiederholen"
"Reference dispatch context with {{placeholders}}, e.g. {{customer_first_name}}. Calls the self-hosted Ollama instance configured under Stores > Configuration > Ordo Automation > AI Content.","Verweisen Sie mit {{Platzhaltern}} auf den Versandkontext, z. B. {{customer_first_name}}. Ruft die selbst gehostete Ollama-Instanz auf, die unter Stores > Configuration > Ordo Automation > AI Content konfiguriert ist."
"Referral Converted (referred customer placed their first order)","Empfehlung konvertiert (geworbener Kunde hat seine erste Bestellung aufgegeben)"
"Refresh","Aktualisieren"
"Refresh Now","Jetzt aktualisieren"
"Refresh Status from Meta","Status von Meta aktualisieren"
"Refresh this template's status from Meta?","Status dieser Vorlage von Meta aktualisieren?"
"Reject","Ablehnen"
"Reject order","Bestellung ablehnen"
"Rejected","Abgelehnt"
"Rejection Reason","Ablehnungsgrund"
"Reminders Sent","Gesendete Erinnerungen"
"Reorder Cycle Drift Ratio, At Least (1.0 = exactly on schedule)","Nachbestellzyklus-Abweichungsverhältnis, mindestens (1,0 = genau nach Zeitplan)"
"Reorder cycle recalculation failed: %1","Neuberechnung des Nachbestellzyklus fehlgeschlagen: %1"
"Reorder cycles recalculated: %1 pair(s).","Nachbestellzyklen neu berechnet: %1 Paar(e)."
"Reorder reminder sent to %1.","Nachbestellerinnerung an %1 gesendet."
"Reordered?","Nachbestellt?"
"Reset Cached Score","Zwischengespeicherten Wert zurücksetzen"
"Reset cached RFM score","Zwischengespeicherten RFM-Wert zurücksetzen"
"Reset the cached RFM score for %1 customer(s) — recomputed on the next scheduled run (or live in the meantime).","Zwischengespeicherten RFM-Wert für %1 Kunde(n) zurücksetzen — wird beim nächsten geplanten Lauf neu berechnet (oder zwischenzeitlich live)."
"Reset the cached RFM score for the selected customer(s)? It will be recomputed on the next scheduled run (or live in the meantime).","Zwischengespeicherten RFM-Wert für die ausgewählten Kunden zurücksetzen? Er wird beim nächsten geplanten Lauf neu berechnet (oder zwischenzeitlich live)."
"Restore","Wiederherstellen"
"Restore template version(s)","Vorlagenversion(en) wiederherstellen"
"Restore the selected version(s)? This overwrites each version's template with this snapshot's subject/content, and itself creates a new snapshot of the resulting state.","Ausgewählte Version(en) wiederherstellen? Dies überschreibt die Vorlage jeder Version mit Betreff/Inhalt dieses Schnappschusses und erstellt selbst einen neuen Schnappschuss des resultierenden Zustands."
"Restored %1 template version(s).","%1 Vorlagenversion(en) wiederhergestellt."
"Revenue","Umsatz"
"Review Request Due (N days after a completed order)","Bewertungsanfrage fällig (N Tage nach abgeschlossener Bestellung)"
"Round-robin sales rep assignment for qualifying leads","Round-Robin-Zuweisung von Vertriebsmitarbeitern für qualifizierte Leads"
"SKU (optional)","SKU (optional)"
"SMS","SMS"
"SMS (Twilio) or WhatsApp (Meta) — a campaign's send_sms/send_whatsapp action silently fails at dispatch time until credentials are set here.","SMS (Twilio) oder WhatsApp (Meta) — die Aktion send_sms/send_whatsapp einer Kampagne schlägt beim Versand stillschweigend fehl, bis hier Anmeldedaten hinterlegt sind."
"SMS message","SMS-Nachricht"
"Sales Rep Pool","Vertriebsmitarbeiter-Pool"
"Sales Reps","Vertriebsmitarbeiter"
"Sat","Sa"
"Save Ad Audience","Werbezielgruppe speichern"
"Save Lead Routing Rule","Lead-Routing-Regel speichern"
"Save Template","Vorlage speichern"
"Scheduled Campaign Calendar","Kalender für geplante Kampagnen"
"Scheduled Date/Time","Geplantes Datum/Uhrzeit"
"Score Rule","Bewertungsregel"
"Search","Suchen"
"Search blocks…","Blöcke suchen…"
"Search palette blocks","Paletten-Blöcke suchen"
"See how many customers match two segments at once","Sehen Sie, wie viele Kunden gleichzeitig zwei Segmenten entsprechen"
"Segment","Segment"
"Segment ""%1"" was imported.","Segment „%1“ wurde importiert."
"Segment A","Segment A"
"Segment A size:","Größe von Segment A:"
"Segment B","Segment B"
"Segment B size:","Größe von Segment B:"
"Segment ID","Segment-ID"
"Segment Overlap","Segmentüberschneidung"
"Segment matches","Segmenttreffer"
"Segment not found.","Segment nicht gefunden."
"Segments, tags, RFM, lead score, NPS and loyalty tier for one customer","Segmente, Tags, RFM, Lead-Bewertung, NPS und Treuestufe für einen Kunden"
"Send Reminder Now","Erinnerung jetzt senden"
"Send Test","Test senden"
"Send a real test email/SMS/WhatsApp message to catch a typo before a customer does","Senden Sie eine echte Test-E-Mail/SMS/WhatsApp-Nachricht, um einen Tippfehler zu erkennen, bevor es ein Kunde tut"
"Send a real test message on any channel to catch a typo'd placeholder before a real customer does. Consent, quiet hours, and frequency caps are all skipped - this always attempts to send.","Senden Sie eine echte Testnachricht auf einem beliebigen Kanal, um einen fehlerhaften Platzhalter zu erkennen, bevor es ein echter Kunde tut. Einwilligung, Ruhezeiten und Häufigkeitsbegrenzungen werden dabei übersprungen - der Versand wird immer versucht."
"Send a reorder reminder email to this customer now?","Jetzt eine Nachbestellerinnerungs-E-Mail an diesen Kunden senden?"
"Send at customer's optimal time","Zum optimalen Zeitpunkt des Kunden senden"
"Send reorder reminder","Nachbestellerinnerung senden"
"Send to","Senden an"
"Sent At","Gesendet am"
"Setup Guide","Einrichtungsanleitung"
"Shopping feed","Shopping-Feed"
"Snapshot Taken","Schnappschuss erstellt"
"Standard 5-field cron, e.g. ""0 8 * * 1"" for every Monday at 08:00. Precision is bounded by the 5-minute scan interval — a minute field that isn't a multiple of 5 will never match.","Standard-Cron mit 5 Feldern, z. B. „0 8 * * 1“ für jeden Montag um 08:00 Uhr. Die Genauigkeit ist durch das 5-Minuten-Scanintervall begrenzt — ein Minutenfeld, das kein Vielfaches von 5 ist, wird nie zutreffen."
"Start a new order for this customer with this product already added?","Neue Bestellung für diesen Kunden starten, wobei dieses Produkt bereits hinzugefügt ist?"
"Start typing to search the catalog.","Beginnen Sie zu tippen, um den Katalog zu durchsuchen."
"Status refreshed from Meta: %1","Status von Meta aktualisiert: %1"
"Step %1","Schritt %1"
"Stop Keyword","Stopp-Schlüsselwort"
"Store","Shop"
"Subject","Betreff"
"Submit for Review","Zur Prüfung einreichen"
"Submit this template to Meta for approval?","Diese Vorlage zur Genehmigung an Meta übermitteln?"
"Submitted At","Übermittelt am"
"Success","Erfolg"
"Summary","Zusammenfassung"
"Sun","So"
"Survey question","Umfragefrage"
"Sync a segment as a Google Ads / Meta remarketing audience","Ein Segment als Google-Ads-/Meta-Remarketing-Zielgruppe synchronisieren"
"Tags","Tags"
"Template ID","Vorlagen-ID"
"Template Name","Vorlagenname"
"Template Test Send","Vorlagen-Testversand"
"Template parameters (comma-separated, optional)","Vorlagenparameter (kommagetrennt, optional)"
"Test Connection","Verbindung testen"
"That customer no longer exists.","Dieser Kunde existiert nicht mehr."
"That reorder cycle no longer exists.","Dieser Nachbestellzyklus existiert nicht mehr."
"The WhatsApp template has been deleted.","Die WhatsApp-Vorlage wurde gelöscht."
"The WhatsApp template has been saved.","Die WhatsApp-Vorlage wurde gespeichert."
"The ad audience has been deleted.","Die Werbezielgruppe wurde gelöscht."
"The ad audience has been saved.","Die Werbezielgruppe wurde gespeichert."
"The lead routing rule has been deleted.","Die Lead-Routing-Regel wurde gelöscht."
"The lead routing rule has been saved.","Die Lead-Routing-Regel wurde gespeichert."
"The real dependency order for a working campaign: configure a channel first, then build a segment, then a campaign that uses it. Each step below reflects whether it's actually been done, not just clicked through.","Die tatsächliche Reihenfolge der Abhängigkeiten für eine funktionierende Kampagne: zuerst einen Kanal konfigurieren, dann ein Segment erstellen, dann eine Kampagne, die es verwendet. Jeder Schritt unten spiegelt wider, ob er tatsächlich erledigt wurde, nicht nur angeklickt."
"The template has been submitted to Meta for approval.","Die Vorlage wurde zur Genehmigung an Meta übermittelt."
"The test failed.","Der Test ist fehlgeschlagen."
"This WhatsApp template no longer exists.","Diese WhatsApp-Vorlage existiert nicht mehr."
"This ad audience no longer exists.","Diese Werbezielgruppe existiert nicht mehr."
"This customer has opted out of email - reminder not sent.","Dieser Kunde hat sich von E-Mails abgemeldet - Erinnerung nicht gesendet."
"This lead routing rule no longer exists.","Diese Lead-Routing-Regel existiert nicht mehr."
"This order is no longer awaiting approval and cannot be acted on via this link.","Diese Bestellung wartet nicht mehr auf Genehmigung und kann über diesen Link nicht mehr bearbeitet werden."
"This template has already been submitted to Meta - nothing to do.","Diese Vorlage wurde bereits an Meta übermittelt - keine Aktion erforderlich."
"This template has not been submitted to Meta yet - nothing to refresh.","Diese Vorlage wurde noch nicht an Meta übermittelt - nichts zu aktualisieren."
"Thu","Do"
"To","An"
"Too many attempts. Please wait a while and try again.","Zu viele Versuche. Bitte warten Sie eine Weile und versuchen Sie es erneut."
"Total orders","Bestellungen gesamt"
"Tue","Di"
"URL to open on click (optional)","Beim Klick zu öffnende URL (optional)"
"Undelivered","Nicht zugestellt"
"Undo","Rückgängig machen"
"Up to 10 conditions per list (this one, or a single group's own nested list).","Bis zu 10 Bedingungen pro Liste (diese oder die eigene verschachtelte Liste einer einzelnen Gruppe)."
"Upcoming","Bevorstehend"
"Update","Aktualisieren"
"Updated At","Aktualisiert am"
"Use {{1}}, {{2}}, ... for placeholders filled positionally by the send_whatsapp campaign action's own ""params"" field at send time. Max 1024 characters, matching Meta's own WhatsApp template body limit.","Verwenden Sie {{1}}, {{2}}, … für Platzhalter, die beim Versand positionell durch das eigene Feld „params“ der Kampagnenaktion send_whatsapp gefüllt werden. Max. 1024 Zeichen, entsprechend Metas eigenem Limit für WhatsApp-Vorlagentexte."
"Used instead of a real Ollama response whenever AI content generation is disabled, unconfigured, or the local instance times out - the send is never blocked by this action.","Wird anstelle einer echten Ollama-Antwort verwendet, wenn die KI-Inhaltserstellung deaktiviert, nicht konfiguriert ist oder die lokale Instanz eine Zeitüberschreitung erleidet - der Versand wird durch diese Aktion nie blockiert."
"Utility","Utility"
"Variant","Variante"
"Variants","Varianten"
"View Scheduled Campaign Calendar →","Kalender für geplante Kampagnen anzeigen →"
"Visitor ID","Besucher-ID"
"Watch Type","Beobachtungstyp"
"Webhook Received (signed, from an external system)","Webhook empfangen (signiert, von einem externen System)"
"Wed","Mi"
"Welcome New Customer","Neuen Kunden willkommen heißen"
"WhatsApp","WhatsApp"
"WhatsApp Template","WhatsApp-Vorlage"
"WhatsApp Template Information","Informationen zur WhatsApp-Vorlage"
"WhatsApp Templates","WhatsApp-Vorlagen"
"WhatsApp template","WhatsApp-Vorlage"
"Within days","Innerhalb von Tagen"
"Yes","Ja"
"Yes - defer to this customer's own historically-best open/click hour (Model\Campaign\SendTimeOptimizer), when enough history exists","Ja - verwenden Sie die historisch beste Öffnungs-/Klick-Stunde dieses Kunden (Model\Campaign\SendTimeOptimizer), sofern ausreichend Verlauf vorhanden ist"
"You have unsaved changes on this page — the count below still reflects this segment's last saved conditions, not what's currently on screen.","Sie haben nicht gespeicherte Änderungen auf dieser Seite — die Anzahl unten spiegelt noch die zuletzt gespeicherten Bedingungen dieses Segments wider, nicht das, was aktuell auf dem Bildschirm zu sehen ist."
"ad audience","Werbezielgruppe"
"lead routing rule","Lead-Routing-Regel"
"← Back to Campaign Action Timeline","← Zurück zur Zeitachse der Kampagnenaktionen"
"← Back to Dashboard","← Zurück zum Dashboard"
"← Previous month","← Vorheriger Monat"
