"""Discount Amount"" (Y) must not exceed ""Discount Qty Step"" (X), or no discount will apply.","""Importe del descuento"" (Y) no debe superar el ""Paso de cantidad del descuento"" (X), o no se aplicará ningún descuento."
"+ New Campaign","+ Nueva campaña"
"+%1 min","+%1 min"
"Abandoned Cart Recovery","Recuperación de carrito abandonado"
"Action","Acción"
"Action timeline","Cronología de acciones"
"Actions","Acciones"
"Actions (run in order)","Acciones (se ejecutan en orden)"
"Add Action","Añadir acción"
"Add Condition","Añadir condición"
"Add New Campaign","Añadir nueva campaña"
"Add New Content Block","Añadir nuevo bloque de contenido"
"Add New Free Gift Offer","Añadir nueva oferta de regalo"
"Add New Score Rule","Añadir nueva regla de puntuación"
"Add New Segment","Añadir nuevo segmento"
"Add Points","Añadir puntos"
"Add SKU","Añadir SKU"
"Add Tag","Añadir etiqueta"
"Add Tier","Añadir nivel"
"Add Trigger","Añadir disparador"
"Apply flow to form & Save","Aplicar flujo al formulario y guardar"
"Are you sure you want to delete this %1?","¿Seguro que quieres eliminar %1?"
"Are you sure you want to delete this campaign?","¿Seguro que quieres eliminar esta campaña?"
"Are you sure you want to delete this content block?","¿Seguro que quieres eliminar este bloque de contenido?"
"Are you sure you want to delete this free gift offer?","¿Seguro que quieres eliminar esta oferta de regalo?"
"Are you sure you want to delete this score rule?","¿Seguro que quieres eliminar esta regla de puntuación?"
"Are you sure you want to delete this segment?","¿Seguro que quieres eliminar este segmento?"
"Assigned Sales Rep — Email","Representante de ventas asignado — Email"
"Assigned Sales Rep — Name","Representante de ventas asignado — Nombre"
"Assigned Sales Rep — Phone","Representante de ventas asignado — Teléfono"
"Attribute","Atributo"
"Attribute Code","Código de atributo"
"Avg. Interval (days)","Intervalo medio (días)"
"B2C Lifecycle Emails (Welcome / Win-back)","Emails de ciclo de vida B2C (bienvenida / recuperación)"
"Back","Volver"
"Block Checkout When Over Credit Limit","Bloquear checkout al superar el límite de crédito"
"Build and manage automation campaigns","Crea y gestiona campañas de automatización"
"Bulk actions on current members","Acciones masivas sobre los miembros actuales"
"Buy %1, get %2 free — customers pay for %1 out of every %3 (%4% off that batch).","Compra %1, llévate %2 gratis — el cliente paga %1 de cada %3 (%4% de descuento en ese lote)."
"CTA button URL","URL del botón CTA"
"CTA button label","Etiqueta del botón CTA"
"Call-to-action button URL","URL del botón de llamada a la acción"
"Call-to-action button label","Etiqueta del botón de llamada a la acción"
"Campaign Information","Información de la campaña"
"Campaign Calendar","Calendario de campañas"
"Campaign","Campaña"
"Campaign action with id ""%1"" does not exist.","La acción de campaña con id ""%1"" no existe."
"Campaign condition with id ""%1"" does not exist.","La condición de campaña con id ""%1"" no existe."
"Campaign trigger with id ""%1"" does not exist.","El disparador de campaña con id ""%1"" no existe."
"Campaign with id ""%1"" does not exist.","La campaña con id ""%1"" no existe."
"Campaigns","Campañas"
"Campaigns by trigger","Campañas por disparador"
"Can be negative (a penalty rule).","Puede ser negativo (regla de penalización)."
"Can be negative to subtract points when this rule matches","Puede ser negativo para restar puntos cuando esta regla coincide"
"Cart Abandoned","Carrito abandonado"
"Cart Price Rule","Regla de precio de carrito"
"Cart Price Rule ID","ID de regla de precio de carrito"
"Cart price rule ID","ID de regla de precio de carrito"
"Cart with id ""%1"" does not exist.","El carrito con id ""%1"" no existe."
"Cascading tiers — every tier the cart subtotal reaches ADDS its gift slots, cumulative","Niveles en cascada — cada nivel que alcanza el subtotal del carrito AÑADE sus plazas de regalo, de forma acumulativa"
"Category","Categoría"
"Category ID","ID de categoría"
"Cheapest item in qualifying set free (Ordo Automation)","El artículo más barato del conjunto elegible gratis (Ordo Automation)"
"Condition","Condición"
"Conditions","Condiciones"
"Conditions (all must match — AND)","Condiciones (todas deben cumplirse — AND)"
"Conditions (all must pass — AND)","Condiciones (todas deben cumplirse — AND)"
"Configuration","Configuración"
"Contains","Contiene"
"Content Block Information","Información del bloque de contenido"
"Content Blocks","Bloques de contenido"
"Content block","Bloque de contenido"
"Content block not found.","Bloque de contenido no encontrado."
"Could not add gift ""%1"" to the cart: %2","No se pudo añadir el regalo ""%1"" al carrito: %2"
"Could not delete the campaign action: %1","No se pudo eliminar la acción de campaña: %1"
"Could not delete the campaign condition: %1","No se pudo eliminar la condición de campaña: %1"
"Could not delete the campaign trigger: %1","No se pudo eliminar el disparador de campaña: %1"
"Could not delete the campaign: %1","No se pudo eliminar la campaña: %1"
"Could not delete the content block: %1","No se pudo eliminar el bloque de contenido: %1"
"Could not delete the free gift offer: %1","No se pudo eliminar la oferta de regalo: %1"
"Could not delete the free gift product: %1","No se pudo eliminar el producto de regalo: %1"
"Could not delete the free gift tier: %1","No se pudo eliminar el nivel de regalo: %1"
"Could not delete the offer: %1","No se pudo eliminar la oferta: %1"
"Could not delete the score rule: %1","No se pudo eliminar la regla de puntuación: %1"
"Could not delete the segment: %1","No se pudo eliminar el segmento: %1"
"Could not save the campaign action: %1","No se pudo guardar la acción de campaña: %1"
"Could not save the campaign condition: %1","No se pudo guardar la condición de campaña: %1"
"Could not save the campaign trigger: %1","No se pudo guardar el disparador de campaña: %1"
"Could not save the campaign: %1","No se pudo guardar la campaña: %1"
"Could not save the content block: %1","No se pudo guardar el bloque de contenido: %1"
"Could not save the free gift offer: %1","No se pudo guardar la oferta de regalo: %1"
"Could not save the free gift product: %1","No se pudo guardar el producto de regalo: %1"
"Could not save the free gift tier: %1","No se pudo guardar el nivel de regalo: %1"
"Could not save the offer: %1","No se pudo guardar la oferta: %1"
"Could not save the score rule: %1","No se pudo guardar la regla de puntuación: %1"
"Could not save the segment: %1","No se pudo guardar el segmento: %1"
"Coupon code prefix","Prefijo del código de cupón"
"Created","Creado"
"Credit Limit","Límite de crédito"
"Credit Limit Alert","Alerta de límite de crédito"
"Customer ID","ID de cliente"
"Customer Registered","Cliente registrado"
"Dashboard","Panel"
"Days Since Last Order","Días desde el último pedido"
"Days added per self-extension","Días añadidos por autoextensión"
"Delay (minutes)","Retraso (minutos)"
"Delete","Eliminar"
"Delete %1 ""%2""","Eliminar %1 ""%2"""
"Delete raw events older than this many days","Eliminar eventos en bruto con más de esta cantidad de días"
"Demographic-attribute lead scoring rules","Reglas de puntuación de leads por atributos demográficos"
"Diagnostic view of detected reorder patterns","Vista de diagnóstico de patrones de recompra detectados"
"Disabled","Deshabilitado"
"Drag a block from the palette onto the canvas, then drag from the small dot on the right edge of one node to the dot on the left edge of the next to connect them. A campaign can start from more than one trigger — every one of them must lead all the way through to an Action before you can save. Then ""Apply flow to form & Save"" writes the graph into the form below and saves through the same action the Save button uses.","Arrastra un bloque desde la paleta al lienzo y, después, arrastra desde el pequeño punto del borde derecho de un nodo hasta el punto del borde izquierdo del siguiente para conectarlos. Una campaña puede empezar con más de un disparador — todos ellos deben llegar hasta una Acción antes de poder guardar. Después, ""Aplicar flujo al formulario y guardar"" escribe el gráfico en el formulario de abajo y guarda mediante la misma acción que usa el botón Guardar."
"Edit","Editar"
"Edit Campaign ""%1""","Editar campaña ""%1"""
"Edit Content Block ""%1""","Editar bloque de contenido ""%1"""
"Edit Free Gift Offer ""%1""","Editar oferta de regalo ""%1"""
"Edit Score Rule ""%1""","Editar regla de puntuación ""%1"""
"Edit Segment ""%1""","Editar segmento ""%1"""
"Email","Email"
"Email template identifier","Identificador de plantilla de email"
"Enable on-site popups","Activar popups en el sitio"
"Enabled","Habilitado"
"Enter ""Discount Qty Step (Buy X)"" and ""Discount Amount"" (as Y, free qty) to see a preview.","Introduce ""Paso de cantidad del descuento (Compra X)"" y ""Importe del descuento"" (como Y, cantidad gratis) para ver una vista previa."
"Equals","Es igual a"
"Escalate (resend) if not decided within this many days","Escalar (reenviar) si no se decide en esta cantidad de días"
"Expires","Caduca"
"Every campaign's trigger(s) and its action chain's timing in one place — ""offset"" is the cumulative wait since the trigger fires, not just that step's own delay, since each action's delay_minutes counts from the PREVIOUS action, not from the start.","El/los disparador(es) y la sincronización de la cadena de acciones de cada campaña en un solo lugar — el «desfase» es la espera acumulada desde que se activa el disparador, no solo el retraso de ese paso, ya que el delay_minutes de cada acción se cuenta desde la acción ANTERIOR, no desde el inicio."
"Every campaign's trigger(s) and action timing in one place","El disparador y la sincronización de acciones de cada campaña en un solo lugar"
"Extend by %1 day(s)","Extender %1 día(s)"
"F Quintile","Quintil F"
"Feed URL","URL del feed"
"Feed refreshed.","Feed actualizado."
"First Name","Nombre"
"Flow","Flujo"
"Free Gift Above Threshold","Regalo por encima de un umbral"
"Free Gift Offer Information","Información de la oferta de regalo"
"Free Gift Offers","Ofertas de regalo"
"Free gift offer with id ""%1"" does not exist.","La oferta de regalo con id ""%1"" no existe."
"Free gift offers","Ofertas de regalo"
"Free gift product with id ""%1"" does not exist.","El producto de regalo con id ""%1"" no existe."
"Free gift tier with id ""%1"" does not exist.","El nivel de regalo con id ""%1"" no existe."
"General","General"
"Gift pool — SKUs a customer may pick from once eligible","Bolsa de regalos — SKUs que el cliente puede elegir una vez que es elegible"
"Gift slots this tier adds","Plazas de regalo que añade este nivel"
"HTML","HTML"
"HTML Snippet","Fragmento HTML"
"Hard-blocks order placement for a logged-in customer whose credit limit utilization has reached 100%. Disabled by default — separate opt-in from the warning email above.","Bloquea por completo la creación de pedidos de un cliente con sesión iniciada cuyo uso del límite de crédito ha llegado al 100%. Deshabilitado por defecto — se activa por separado del email de aviso anterior."
"How many feed items to include","Cuántos elementos del feed incluir"
"How many products to include","Cuántos productos incluir"
"ID","ID"
"Identifier","Identificador"
"Invalid bulk action type.","Tipo de acción masiva no válido."
"Invalid offer.","Oferta no válida."
"Invalid or already-used approval token.","Token de aprobación no válido o ya utilizado."
"Invalid segment.","Segmento no válido."
"Item Count","Número de elementos"
"Last Name","Apellidos"
"Last Order","Último pedido"
"Last Recalculated","Último recálculo"
"Lead Scoring","Puntuación de leads"
"Leave blank if you filled in Tag / Minimum order total / Minimum score above.","Déjalo en blanco si has rellenado arriba Etiqueta / Total mínimo del pedido / Puntuación mínima."
"Leave blank if you filled in one of the dedicated fields above.","Déjalo en blanco si has rellenado uno de los campos dedicados de arriba."
"M Quintile","Quintil M"
"Manage cascading-tier gift offers and their gift pools","Gestiona ofertas de regalo con niveles en cascada y sus bolsas de regalos"
"Maximum reminders per cart","Máximo de recordatorios por carrito"
"Maximum times a customer can self-extend an offer","Número máximo de veces que un cliente puede autoextender una oferta"
"Message","Mensaje"
"Minimum cart subtotal","Subtotal mínimo del carrito"
"Minimum cart subtotal to trigger a reminder","Subtotal mínimo del carrito para activar un recordatorio"
"Minimum days between repeated alerts for the same threshold","Días mínimos entre alertas repetidas para el mismo umbral"
"Minimum order total","Total mínimo del pedido"
"Minimum orders to detect a pattern","Pedidos mínimos para detectar un patrón"
"Minimum score","Puntuación mínima"
"Minimum time between two popups shown to the same visitor/customer. 0 disables the cap.","Tiempo mínimo entre dos popups mostrados al mismo visitante/cliente. 0 desactiva el límite."
"Missing campaign id.","Falta el id de la campaña."
"Missing content block id.","Falta el id del bloque de contenido."
"Missing free gift offer id.","Falta el id de la oferta de regalo."
"Missing score rule id.","Falta el id de la regla de puntuación."
"Missing segment id.","Falta el id del segmento."
"My Offers","Mis ofertas"
"Name","Nombre"
"New Campaign","Nueva campaña"
"New Content Block","Nuevo bloque de contenido"
"New Free Gift Offer","Nueva oferta de regalo"
"New Score Rule","Nueva regla de puntuación"
"New Segment","Nuevo segmento"
"Next Expected","Próximo esperado"
"No authenticated customer for this request.","No hay un cliente autenticado para esta solicitud."
"No actions configured","No hay acciones configuradas"
"No campaigns yet — create one to get started.","Todavía no hay campañas — crea una para empezar."
"No customers currently match this segment.","Actualmente ningún cliente coincide con este segmento."
"No free items — Y is 0. Set ""Discount Amount"" to how many should be free.","Ningún artículo gratis — Y es 0. Define ""Importe del descuento"" con la cantidad que debe ser gratis."
"No trigger configured","No hay ningún disparador configurado"
"Not Equals","No es igual a"
"Not eligible for extension","No elegible para extensión"
"Offer ""%1"" has been extended to %2.","La oferta ""%1"" se ha extendido hasta %2."
"Offer Expiry Reminder","Recordatorio de caducidad de oferta"
"Offer with id ""%1"" does not exist.","La oferta con id ""%1"" no existe."
"On-Site Behavior Tracking","Seguimiento del comportamiento en el sitio"
"Operator","Operador"
"Order Approval Admin Email","Email del administrador para aprobación de pedidos"
"Order Approval Workflow","Flujo de aprobación de pedidos"
"Order Placed","Pedido realizado"
"Order Spend Limit (requires approval above this amount)","Límite de gasto del pedido (requiere aprobación por encima de este importe)"
"Order approval with id ""%1"" does not exist or is no longer pending.","La aprobación de pedido con id ""%1"" no existe o ya no está pendiente."
"Order approval with id ""%1"" does not exist.","La aprobación de pedido con id ""%1"" no existe."
"Orders","Pedidos"
"Orders Considered","Pedidos considerados"
"Ordo Automation","Ordo Automation"
"Ordo Automation Campaigns","Ordo Automation — Campañas"
"Ordo Automation Content Blocks","Ordo Automation — Bloques de contenido"
"Ordo Automation Free Gifts","Ordo Automation — Regalos"
"Ordo Automation Score Rules","Ordo Automation — Reglas de puntuación"
"Ordo Automation Section","Ordo Automation — Sección"
"Ordo Automation Segments","Ordo Automation — Segmentos"
"Output variable name (optional)","Nombre de la variable de salida (opcional)"
"Params (JSON)","Parámetros (JSON)"
"Params (JSON) — only needed for a condition type without a dedicated field above","Parámetros (JSON) — solo necesario para un tipo de condición sin un campo dedicado arriba"
"Params (JSON) — only needed for an action type without a dedicated field above","Parámetros (JSON) — solo necesario para un tipo de acción sin un campo dedicado arriba"
"Please enter a tag.","Introduce una etiqueta."
"Please enter a valid number of points.","Introduce un número de puntos válido."
"Points","Puntos"
"Points (used by ""Add Points"")","Puntos (usado por ""Añadir puntos"")"
"Popup body","Cuerpo del popup"
"Popup frequency cap (hours)","Límite de frecuencia del popup (horas)"
"Popup headline","Titular del popup"
"Popup poll interval (seconds)","Intervalo de sondeo del popup (segundos)"
"Preview","Vista previa"
"Product Feed","Feed de productos"
"Products","Productos"
"Queued ""%1"" for %2 matching customer(s).","Se ha puesto en cola ""%1"" para %2 cliente(s) coincidente(s)."
"R Quintile","Quintil R"
"RFM Report","Informe RFM"
"RFM Score","Puntuación RFM"
"RSS 2.0 feed URL, refetched every 30 minutes by cron (or on demand via ""Refresh Feed Now"")","URL del feed RSS 2.0, se vuelve a obtener cada 30 minutos por cron (o bajo demanda con ""Actualizar feed ahora"")"
"RSS Feed","Feed RSS"
"Raw HTML to embed for a ""snippet"" block.","HTML en bruto para incrustar en un bloque de tipo ""fragmento""."
"Recency, frequency and spend quintiles across all customers","Quintiles de recencia, frecuencia y gasto de todos los clientes"
"Recovered revenue","Ingresos recuperados"
"Reference","Referencia"
"Refresh Feed Now","Actualizar feed ahora"
"Refresh failed: %1","Error al actualizar: %1"
"Remove","Quitar"
"Reorder Cycles","Ciclos de recompra"
"Reorder Reminder","Recordatorio de recompra"
"Reorder cycle with id ""%1"" does not exist.","El ciclo de recompra con id ""%1"" no existe."
"Responded","Respondido"
"Response rate","Tasa de respuesta"
"Reusable HTML snippet, RSS, and product feed blocks for campaign emails","Bloques reutilizables de fragmentos HTML, RSS y feeds de productos para emails de campaña"
"Run Bulk Action","Ejecutar acción masiva"
"Runs against everyone currently matching this segment's conditions. The action is queued and applied asynchronously.","Se ejecuta sobre todos los que actualmente cumplen las condiciones de este segmento. La acción se pone en cola y se aplica de forma asíncrona."
"SKU","SKU"
"SKU ""%1"" is not an eligible free gift for this cart.","El SKU ""%1"" no es un regalo elegible para este carrito."
"Sales Rep Signature & Digest","Firma y resumen del representante de ventas"
"Save & Continue Edit","Guardar y continuar editando"
"Save Campaign","Guardar campaña"
"Save Content Block","Guardar bloque de contenido"
"Save Offer","Guardar oferta"
"Save Score Rule","Guardar regla de puntuación"
"Save Segment","Guardar segmento"
"Saved, reusable customer conditions — reference from any campaign via the ""In Segment"" condition","Condiciones de cliente guardadas y reutilizables — referéncialas desde cualquier campaña mediante la condición ""En segmento"""
"Score Rule Information","Información de la regla de puntuación"
"Score Rules","Reglas de puntuación"
"Score Threshold","Umbral de puntuación"
"Score Threshold Crossed","Umbral de puntuación superado"
"Searchable — includes core customer fields and EAV custom attributes","Con búsqueda — incluye campos básicos del cliente y atributos personalizados EAV"
"Segment Information","Información del segmento"
"Segments","Segmentos"
"Send reminder N days before the expected date","Enviar recordatorio N días antes de la fecha prevista"
"Send reminder N days before the offer expires","Enviar recordatorio N días antes de que caduque la oferta"
"Send reminder N minutes after last cart activity","Enviar recordatorio N minutos después de la última actividad del carrito"
"Send weekly digest to reps","Enviar resumen semanal a los representantes"
"Sent","Enviado"
"Sort Order","Orden"
"Source","Origen"
"Status","Estado"
"Tag","Etiqueta"
"Tag (used by ""Add Tag"")","Etiqueta (usado por ""Añadir etiqueta"")"
"Tag Added","Etiqueta añadida"
"Tag a customer ""inactive"" after this many days without an order","Marca a un cliente como ""inactivo"" tras esta cantidad de días sin pedidos"
"Tag a customer after this many clicks on the same tracked element","Etiqueta a un cliente tras esta cantidad de clics en el mismo elemento rastreado"
"Tag a customer after this many views of the same item","Etiqueta a un cliente tras esta cantidad de visualizaciones del mismo artículo"
"The campaign has been deleted.","La campaña se ha eliminado."
"The campaign has been saved.","La campaña se ha guardado."
"The content block has been deleted.","El bloque de contenido se ha eliminado."
"The content block has been saved.","El bloque de contenido se ha guardado."
"The free gift offer has been deleted.","La oferta de regalo se ha eliminado."
"The free gift offer has been saved.","La oferta de regalo se ha guardado."
"The gift selection contains duplicate SKUs.","La selección de regalos contiene SKUs duplicados."
"The order for this approval could not be found.","No se ha podido encontrar el pedido de esta aprobación."
"The score rule has been deleted.","La regla de puntuación se ha eliminado."
"The score rule has been saved.","La regla de puntuación se ha guardado."
"The segment has been deleted.","El segmento se ha eliminado."
"The segment has been saved.","El segmento se ha guardado."
"This campaign no longer exists.","Esta campaña ya no existe."
"This content block is not an RSS feed.","Este bloque de contenido no es un feed RSS."
"This content block no longer exists.","Este bloque de contenido ya no existe."
"This free gift offer no longer exists.","Esta oferta de regalo ya no existe."
"This offer could not be found.","No se ha podido encontrar esta oferta."
"This offer has already been extended the maximum of %1 time(s).","Esta oferta ya se ha extendido el máximo de %1 vez/veces."
"This score rule no longer exists.","Esta regla de puntuación ya no existe."
"This segment no longer exists.","Este segmento ya no existe."
"Tiers","Niveles"
"Total","Total"
"Total Spend","Gasto total"
"Total campaigns","Campañas totales"
"Tracked reorder cycles","Ciclos de recompra rastreados"
"Trigger","Disparador"
"Trigger Event","Evento disparador"
"Trigger performance","Rendimiento del disparador"
"Triggers","Disparadores"
"Trigger(s)","Disparador(es)"
"Triggers, thresholds, tracking, and more","Disparadores, umbrales, seguimiento y más"
"Triggers: %1","Disparadores: %1"
"Type","Tipo"
"Unique machine identifier, referenced by a campaign's ""Add Dynamic Content"" action","Identificador único, referenciado por la acción ""Añadir contenido dinámico"" de una campaña"
"Updated","Actualizado"
"Value","Valor"
"Visitor Tag Added (anonymous)","Etiqueta añadida a un visitante anónimo"
"Wait this long after the previous step (or the trigger, for the first action) before running this one. 0 runs immediately.","Espera este tiempo tras el paso anterior (o el disparador, para la primera acción) antes de ejecutar este. 0 se ejecuta de inmediato."
"Warn at this % of credit limit used","Avisar a este % de uso del límite de crédito"
"You have no offers yet.","Todavía no tienes ofertas."
"You may select at most %1 gift(s) with the current cart subtotal.","Puedes seleccionar como máximo %1 regalo(s) con el subtotal actual del carrito."
"Your order could not be placed because your account has reached its credit limit. Please contact your sales representative.","Tu pedido no se ha podido realizar porque tu cuenta ha alcanzado su límite de crédito. Ponte en contacto con tu representante de ventas."
"campaign","campaña"
"content block","bloque de contenido"
"e.g. {""tag"":""vip""}, {""amount"":""100""}, {""threshold"":""50""}, {""days"":""30""}, {""count"":""3""}, {""segment_id"":""2""} — see the condition type's docblock in Model/Campaign/Condition/ for the exact keys it reads.","p. ej. {""tag"":""vip""}, {""amount"":""100""}, {""threshold"":""50""}, {""days"":""30""}, {""count"":""3""}, {""segment_id"":""2""} — consulta el docblock del tipo de condición en Model/Campaign/Condition/ para ver las claves exactas que lee."
"free gift offer","oferta de regalo"
"score rule","regla de puntuación"
"immediate","inmediato"
"segment","segmento"
"Customer 360","Cliente 360"
"Customer email","Correo del cliente"
"Find a customer","Buscar un cliente"
"Search","Buscar"
"← Back to Dashboard","← Volver al panel"
"Lead score","Puntuación de lead"
"Loyalty tier","Nivel de fidelidad"
"NPS score","Puntuación NPS"
"Never surveyed","Nunca encuestado"
"RFM / order history","RFM / historial de pedidos"
"RFM score","Puntuación RFM"
"Not yet computed","Aún no calculado"
"Days since last order","Días desde el último pedido"
"Never ordered","Nunca pidió"
"Total orders","Pedidos totales"
"Lifetime spend","Gasto total"
"Tags","Etiquetas"
"No tags.","Sin etiquetas."
"Qualifies for segments","Cumple segmentos"
"No matching enabled segments.","Ningún segmento habilitado coincide."
"No customer found for that email.","No se encontró ningún cliente con ese correo."
"Referral Program","Programa de referidos"
"Email Template Version History","Historial de versiones de plantillas de correo"
"Email Template Versions","Versiones de plantillas de correo"
"Could not restore template ""%1"": %2","No se pudo restaurar la plantilla ""%1"": %2"
"Restored %1 template version(s).","Se restauraron %1 versión(es) de plantilla."
"AI-Agent Commerce Readiness","Preparación comercial para agentes de IA"
"Description","Descripción"
"Contact Email","Correo de contacto"
"Requests Per Minute Per API Key","Solicitudes por minuto por clave de API"
"Estimated Delivery Days","Días de entrega estimados"
"AI-agent commerce endpoints are disabled.","Los endpoints de agentes de IA están deshabilitados."
"Missing or invalid API key.","Clave de API ausente o inválida."
"Rate limit exceeded.","Límite de solicitudes superado."
"None of the requested SKUs could be quoted.","No se pudo cotizar ninguno de los SKU solicitados."
"Ordo Automation Customer 360","Ordo Automation Cliente 360"
"Ordo Automation Email Template Versioning","Ordo Automation Versiones de plantillas de correo"
"Level","Nivel"
"Refresh","Actualizar"
"Provider Message ID","ID de mensaje del proveedor"
"Entity ID","ID de entidad"
"Good news — the product you were watching is back in stock.","Buenas noticias — el producto que estabas vigilando ha vuelto a estar en stock."
"Template ID","ID de plantilla"
"Submitted At","Enviado el"
"Per-customer marketing consent, data export, and erasure","Consentimiento de marketing, exportación de datos y borrado por cliente"
"Reorder cycle recalculation failed: %1","Error al recalcular el ciclo de recompra: %1"
"Browse and act on pending order approvals without the original decision email","Consulta y actúa sobre las aprobaciones de pedido pendientes sin el email original de decisión"
"Are you sure you want to delete this lead routing rule?","¿Seguro que quieres eliminar esta regla de enrutamiento de leads?"
"Channels & Content","Canales y contenido"
"Include an opt-out instruction (e.g. ""Reply STOP to unsubscribe"") in the first message to any recipient — required by Twilio's messaging policy and, in the US, the TCPA.","Incluye una instrucción de exclusión (p. ej. ""Responde STOP para darte de baja"") en el primer mensaje a cualquier destinatario — obligatorio según la política de mensajería de Twilio y, en EE. UU., la TCPA."
"Order Approvals","Aprobaciones de pedidos"
"Clicked","Clic realizado"
"Invalid consent update request.","Solicitud de actualización de consentimiento no válida."
"Done","Hecho"
"Customer Email","Email del cliente"
"Post-Purchase Thank You + Coupon","Agradecimiento posterior a la compra + cupón"
"0 / %1 characters","0 / %1 caracteres"
"Subject","Asunto"
"Sent At","Enviado el"
"Missing reorder cycle id.","Falta el id del ciclo de recompra."
"Upcoming","Próximamente"
"Failure","Fallo"
"Variant","Variante"
"Referral Converted (referred customer placed their first order)","Referido convertido (el cliente referido realizó su primer pedido)"
"Send a reorder reminder email to this customer now?","¿Enviar ahora un email de recordatorio de recompra a este cliente?"
"Send reorder reminder","Enviar recordatorio de recompra"
"Erase all data","Borrar todos los datos"
"Attributed Revenue","Ingresos atribuidos"
"All conditions (AND)","Todas las condiciones (AND)"
"Data subject actions","Acciones sobre el interesado"
"External Audience ID","ID de audiencia externa"
"Could not build the cart: %1","No se pudo crear el carrito: %1"
"That customer no longer exists.","Ese cliente ya no existe."
"Are you sure you want to delete the selected campaign(s)?","¿Seguro que quieres eliminar la(s) campaña(s) seleccionada(s)?"
"Campaign ""%1"" was imported.","Se ha importado la campaña ""%1""."
"Too many attempts. Please wait a while and try again.","Demasiados intentos. Espera un momento y vuelve a intentarlo."
"Opted in","Ha aceptado"
"Standard 5-field cron, e.g. ""0 8 * * 1"" for every Monday at 08:00. Precision is bounded by the 5-minute scan interval — a minute field that isn't a multiple of 5 will never match.","Cron estándar de 5 campos, p. ej. ""0 8 * * 1"" para todos los lunes a las 08:00. La precisión está limitada por el intervalo de escaneo de 5 minutos — un campo de minutos que no sea múltiplo de 5 nunca coincidirá."
"Read-only: inbound SMS/WhatsApp replies per customer, including STOP-keyword opt-outs","Solo lectura: respuestas entrantes de SMS/WhatsApp por cliente, incluyendo las exclusiones por la palabra clave STOP"
"Reset the cached RFM score for the selected customer(s)? It will be recomputed on the next scheduled run (or live in the meantime).","¿Restablecer la puntuación RFM en caché de los clientes seleccionados? Se recalculará en la próxima ejecución programada (o en vivo mientras tanto)."
"Only APPROVED templates appear here — the WhatsApp Business Platform never allows a free-form message from a campaign send.","Aquí solo aparecen las plantillas APROBADAS — la Plataforma de WhatsApp Business nunca permite un mensaje de texto libre en un envío de campaña."
"Drift ratio, at least (1.0 = exactly on schedule)","Ratio de desviación, como mínimo (1,0 = exactamente según lo previsto)"
"Added to Cart","Añadido al carrito"
"A total of %1 score rule(s) have been disabled.","Se ha(n) deshabilitado %1 regla(s) de puntuación."
"Browse Abandoned (viewed a product, no order since)","Navegación abandonada (vio un producto, sin pedido desde entonces)"
"Changes","Cambios"
"Last Synced At","Última sincronización el"
"Save Lead Routing Rule","Guardar regla de enrutamiento de leads"
"Language","Idioma"
"To","Hasta"
"Export all data (JSON)","Exportar todos los datos (JSON)"
"Fri","vie"
"Shopping feed","Feed de compras"
"New WhatsApp Template","Nueva plantilla de WhatsApp"
"Leave blank to match every customer (a catch-all/default pool rule)","Déjalo en blanco para que coincida con todos los clientes (una regla general/predeterminada de la bolsa)"
"Error","Error"
"Reordered?","¿Ha vuelto a pedir?"
"Welcome New Customer","Bienvenida a nuevo cliente"
"ad audience","audiencia publicitaria"
"Refresh Now","Actualizar ahora"
"Import Campaign","Importar campaña"
"Build a segment","Crea un segmento"
"Match order — the first enabled rule that matches a customer wins","Orden de coincidencia — gana la primera regla habilitada que coincida con un cliente"
"Webhook Received (signed, from an external system)","Webhook recibido (firmado, de un sistema externo)"
"Price Drop","Bajada de precio"
"Maximum days since last order","Máximo de días desde el último pedido"
"Lead Routing Rule Information","Información de la regla de enrutamiento de leads"
"Segment Overlap","Solapamiento de segmentos"
"Not calculated yet","Todavía no calculado"
"Send a real test message on any channel to catch a typo'd placeholder before a real customer does. Consent, quiet hours, and frequency caps are all skipped - this always attempts to send.","Envía un mensaje de prueba real en cualquier canal para detectar un marcador con errata antes de que lo haga un cliente real. Se omiten el consentimiento, las horas de silencio y los límites de frecuencia - esto siempre intenta enviar."
"A total of %1 campaign(s) have been enabled.","Se ha(n) habilitado %1 campaña(s)."
"Could not save the ad audience: %1","No se pudo guardar la audiencia publicitaria: %1"
"Event","Evento"
"Delete the selected price watch subscription(s)? This cancels the watch - the customer or guest will need to register it again to be notified.","¿Eliminar la(s) suscripción(es) de vigilancia de precio seleccionada(s)? Esto cancela la vigilancia - el cliente o invitado deberá registrarla de nuevo para recibir notificaciones."
"lead routing rule","regla de enrutamiento de leads"
"Opted out","Se ha excluido"
"Enable in Configuration","Habilitar en Configuración"
"Segments, tags, RFM, lead score, NPS and loyalty tier for one customer","Segmentos, etiquetas, RFM, puntuación de lead, NPS y nivel de fidelización de un cliente"
"Meta Template ID","ID de plantilla de Meta"
"Order approvals stuck","Aprobaciones de pedidos bloqueadas"
"Summary","Resumen"
"Opt in","Aceptar"
"SMS","SMS"
"Add New Lead Routing Rule","Añadir nueva regla de enrutamiento de leads"
"Customer","Cliente"
"Import %1","Importar %1"
"Every snapshot taken of a Magento email template, with a restore option","Todas las instantáneas tomadas de una plantilla de email de Magento, con opción de restaurar"
"Open Setup Guide","Abrir guía de configuración"
"Conversations","Conversaciones"
"Delete lead routing rules","Eliminar reglas de enrutamiento de leads"
"Last Known Price","Último precio conocido"
"Notified Admin","Administrador notificado"
"Ad Audience Information","Información de la audiencia publicitaria"
"Add New Template","Añadir nueva plantilla"
"Order count, at least","Número de pedidos, como mínimo"
"Could not save the lead routing rule: %1","No se pudo guardar la regla de enrutamiento de leads: %1"
"Are you sure you want to delete the selected lead routing rule(s)?","¿Seguro que quieres eliminar la(s) regla(s) de enrutamiento de leads seleccionada(s)?"
"Entity","Entidad"
"Edit Lead Routing Rule ""%1""","Editar regla de enrutamiento de leads ""%1"""
"Segment ID","ID de segmento"
"Refresh Status from Meta","Actualizar estado desde Meta"
"+%1 hours","+%1 horas"
"A total of %1 push subscription(s) have been deleted.","Se ha(n) eliminado %1 suscripción(es) push."
"No sends recorded for this campaign yet.","Todavía no hay envíos registrados para esta campaña."
"Pick two different segments.","Elige dos segmentos diferentes."
"SMS message","Mensaje SMS"
"The ad audience has been deleted.","La audiencia publicitaria se ha eliminado."
"Segment A","Segmento A"
"Admin User","Usuario administrador"
"Free Gift Offer","Oferta de regalo"
"Sun","dom"
"Delete free gift offers","Eliminar ofertas de regalo"
"SKU (optional)","SKU (opcional)"
"Group (nested AND/OR)","Grupo (AND/OR anidado)"
"Params (comma-separated)","Parámetros (separados por comas)"
"Setup Guide","Guía de configuración"
"← Back to Campaign Action Timeline","← Volver a la cronología de acciones de campaña"
"Every browser/device Web Push subscription currently registered","Todas las suscripciones de Web Push por navegador/dispositivo actualmente registradas"
"Read-only: raw delivery status of every SMS/email a campaign action sent","Solo lectura: estado de entrega en bruto de cada SMS/email enviado por una acción de campaña"
"Cart built for this customer - review and place the order below.","Carrito creado para este cliente - revisa y realiza el pedido abajo."
"Stop Keyword","Palabra clave de baja"
"A total of %1 free gift offer(s) have been enabled.","Se ha(n) habilitado %1 oferta(s) de regalo."
"Create","Crear"
"Full Screen","Pantalla completa"
"Start a new order for this customer with this product already added?","¿Iniciar un nuevo pedido para este cliente con este producto ya añadido?"
"Build Cart","Crear carrito"
"Scheduled Campaign Calendar","Calendario de campañas programadas"
"The ad audience has been saved.","La audiencia publicitaria se ha guardado."
"Product","Producto"
"Tue","mar"
"Cron Run Log","Registro de ejecuciones de cron"
"Not set up yet — publish your catalog as a Google Merchant Center feed to unlock free Google Shopping listings.","Todavía no configurado — publica tu catálogo como feed de Google Merchant Center para desbloquear listados gratuitos de Google Shopping."
"Content Block","Bloque de contenido"
"Price Watch Subscriptions","Suscripciones de vigilancia de precio"
"Mon","lun"
"Segment not found.","Segmento no encontrado."
"Reset the cached RFM score for %1 customer(s) — recomputed on the next scheduled run (or live in the meantime).","Restablecer la puntuación RFM en caché de %1 cliente(s) — se recalculará en la próxima ejecución programada (o en vivo mientras tanto)."
"Lead Routing Rules","Reglas de enrutamiento de leads"
"Send Reminder Now","Enviar recordatorio ahora"
"Crons failed (last 24h)","Crons fallidos (últimas 24 h)"
"Read-only: every shopping feed generation attempt, per store - success/error, item count","Solo lectura: cada intento de generación del feed de compras, por tienda - éxito/error, número de elementos"
"Refresh this template's status from Meta?","¿Actualizar el estado de esta plantilla desde Meta?"
"Undelivered","No entregado"
"Decided","Decidido"
"A total of %1 content block(s) have been deleted.","Se ha(n) eliminado %1 bloque(s) de contenido."
"Are you sure you want to delete the selected WhatsApp template(s)?","¿Seguro que quieres eliminar la(s) plantilla(s) de WhatsApp seleccionada(s)?"
"Product Feed Health","Estado del feed de productos"
"Delete content blocks","Eliminar bloques de contenido"
"Score Rule","Regla de puntuación"
"From","Desde"
"Notified","Notificado"
"Recalculate Now","Recalcular ahora"
"Review Request Due (N days after a completed order)","Solicitud de reseña pendiente (N días después de un pedido completado)"
"Compare","Comparar"
"Add New Ad Audience","Añadir nueva audiencia publicitaria"
"Conversion Rate","Tasa de conversión"
"Product ID","ID de producto"
"Yes - defer to this customer's own historically-best open/click hour (Model\Campaign\SendTimeOptimizer), when enough history exists","Sí - ceder a la mejor hora histórica de apertura/clic propia de este cliente (Model\Campaign\SendTimeOptimizer), cuando exista historial suficiente"
"Approve","Aprobar"
"Recency (days since last order, at most)","Recencia (días desde el último pedido, como máximo)"
"Up to 10 conditions per list (this one, or a single group's own nested list).","Hasta 10 condiciones por lista (esta, o la lista anidada propia de un único grupo)."
"Restore template version(s)","Restaurar versión(es) de plantilla"
"Google Merchant Center feed URL:","URL del feed de Google Merchant Center:"
"Back In Stock","De vuelta en stock"
"View Scheduled Campaign Calendar →","Ver calendario de campañas programadas →"
"WhatsApp template","plantilla de WhatsApp"
"Notification body","Cuerpo de la notificación"
"Submit for Review","Enviar para revisión"
"Are you sure you want to delete the selected reorder cycle(s)?","¿Seguro que quieres eliminar el/los ciclo(s) de recompra seleccionado(s)?"
"Endpoint","Endpoint"
"(deleted campaign)","(campaña eliminada)"
"WhatsApp","WhatsApp"
"Wed","mié"
"Ad Audience","Audiencia publicitaria"
"A later ""Send Email"" action in this same chain can render the result with {{var <output variable name>|raw}}. Defaults to ""ai_content_html"" if left blank.","Una acción ""Enviar email"" posterior en esta misma cadena puede mostrar el resultado con {{var <output variable name>|raw}}. Por defecto es ""ai_content_html"" si se deja en blanco."
"Email address, or +15551234567 for SMS/WhatsApp","Dirección de email, o +15551234567 para SMS/WhatsApp"
"Send a real test email/SMS/WhatsApp message to catch a typo before a customer does","Envía un email/SMS/mensaje de WhatsApp de prueba real para detectar una errata antes de que lo haga un cliente"
"Edit WhatsApp Template ""%1""","Editar plantilla de WhatsApp ""%1"""
"A total of %1 content block(s) have been disabled.","Se ha(n) deshabilitado %1 bloque(s) de contenido."
"-- Select --","-- Seleccionar --"
"Delete price watch subscription(s)","Eliminar suscripción(es) de vigilancia de precio"
"Are you sure you want to delete the selected segment(s)?","¿Seguro que quieres eliminar el/los segmento(s) seleccionado(s)?"
"Leave blank to match any product.","Déjalo en blanco para que coincida con cualquier producto."
"Sales Reps","Representantes de ventas"
"Segment","Segmento"
"You have unsaved changes on this page — the count below still reflects this segment's last saved conditions, not what's currently on screen.","Tienes cambios sin guardar en esta página — el recuento de abajo todavía refleja las últimas condiciones guardadas de este segmento, no lo que hay actualmente en pantalla."
"Update","Actualizar"
"Meta Template Name","Nombre de plantilla de Meta"
"Used instead of a real Ollama response whenever AI content generation is disabled, unconfigured, or the local instance times out - the send is never blocked by this action.","Se usa en lugar de una respuesta real de Ollama siempre que la generación de contenido con IA esté deshabilitada, sin configurar, o la instancia local agote el tiempo de espera - el envío nunca se bloquea por esta acción."
"Message Log","Registro de mensajes"
"""All"" (AND) requires every condition below to match; ""Any"" (OR) requires only one.","""Todas"" (AND) requiere que se cumplan todas las condiciones de abajo; ""Cualquiera"" (OR) requiere solo una."
"The lead routing rule has been deleted.","La regla de enrutamiento de leads se ha eliminado."
"File","Archivo"
"Admin Action Log","Registro de acciones de administración"
"Delete campaigns","Eliminar campañas"
"See how many customers match two segments at once","Consulta cuántos clientes coinciden con dos segmentos a la vez"
"Combines this group's own conditions below with AND/OR, independently of the segment's top-level setting.","Combina las condiciones propias de este grupo de abajo con AND/OR, de forma independiente al ajuste de nivel superior del segmento."
"Ad Audiences","Audiencias publicitarias"
"Export","Exportar"
"Could not delete the ad audience: %1","No se pudo eliminar la audiencia publicitaria: %1"
"New Ad Audience","Nueva audiencia publicitaria"
"Use {{1}}, {{2}}, ... for placeholders filled positionally by the send_whatsapp campaign action's own ""params"" field at send time. Max 1024 characters, matching Meta's own WhatsApp template body limit.","Usa {{1}}, {{2}}, ... para marcadores rellenados por posición mediante el propio campo ""params"" de la acción de campaña send_whatsapp en el momento del envío. Máximo 1024 caracteres, según el límite del cuerpo de plantilla de WhatsApp de Meta."
"Rejection Reason","Motivo del rechazo"
"A total of %1 ad audience(s) have been disabled.","Se ha(n) deshabilitado %1 audiencia(s) publicitaria(s)."
"Recurring Schedule","Programación recurrente"
"Failed","Fallido"
"Next month →","Mes siguiente →"
"Note","Nota"
"Product Count","Número de productos"
"Survey question","Pregunta de la encuesta"
"New here? Finish setting up Ordo Automation.","¿Eres nuevo aquí? Termina de configurar Ordo Automation."
"Segment ""%1"" was imported.","Se ha importado el segmento ""%1""."
"Could not submit the template to Meta: %1","No se pudo enviar la plantilla a Meta: %1"
"Output variable name","Nombre de la variable de salida"
"Platform","Plataforma"
"Any condition (OR)","Cualquier condición (OR)"
"Loyalty tiers","Niveles de fidelización"
"Revenue","Ingresos"
"Pick two segments to see how many customers currently match both — useful for avoiding message fatigue from campaigns that unknowingly target the same people.","Elige dos segmentos para ver cuántos clientes coinciden actualmente con ambos — útil para evitar la fatiga de mensajes de campañas que, sin saberlo, se dirigen a las mismas personas."
"Missing WhatsApp template id.","Falta el id de la plantilla de WhatsApp."
"Read-only: every summary/failure line every cron in this module has logged","Solo lectura: cada línea de resumen/fallo que ha registrado cada cron de este módulo"
"Customers currently matching this segment's saved conditions.","Clientes que actualmente cumplen las condiciones guardadas de este segmento."
"Template parameters (comma-separated, optional)","Parámetros de la plantilla (separados por comas, opcional)"
"Product feed refresh failed: %1","Error al actualizar el feed de productos: %1"
"Date/time (store timezone)","Fecha/hora (zona horaria de la tienda)"
"A total of %1 free gift offer(s) have been disabled.","Se ha(n) deshabilitado %1 oferta(s) de regalo."
"Fallback text","Texto de respaldo"
"A total of %1 lead routing rule(s) have been disabled.","Se ha(n) deshabilitado %1 regla(s) de enrutamiento de leads."
"The WhatsApp template has been saved.","La plantilla de WhatsApp se ha guardado."
"Restore the selected version(s)? This overwrites each version's template with this snapshot's subject/content, and itself creates a new snapshot of the resulting state.","¿Restaurar la(s) versión(es) seleccionada(s)? Esto sobrescribe la plantilla de cada versión con el asunto/contenido de esta instantánea, y a su vez crea una nueva instantánea del estado resultante."
"Fills the template's {{1}}, {{2}}, ... placeholders in order, e.g. for a template body of ""Hi {{1}}, your order {{2}} shipped"": John,ORD-1234","Rellena los marcadores {{1}}, {{2}}, ... de la plantilla en orden, p. ej. para un cuerpo de plantilla ""Hola {{1}}, tu pedido {{2}} se ha enviado"": John,ORD-1234"
"Google Ads","Google Ads"
"Search palette blocks","Buscar bloques en la paleta"
"Campaigns & Automation","Campañas y automatización"
"Could not send the reminder: %1","No se pudo enviar el recordatorio: %1"
"A total of %1 lead routing rule(s) have been deleted.","Se ha(n) eliminado %1 regla(s) de enrutamiento de leads."
"Go","Ir"
"Are you sure you want to delete the selected free gift offer(s)?","¿Seguro que quieres eliminar la(s) oferta(s) de regalo seleccionada(s)?"
"A total of %1 segment(s) have been deleted.","Se ha(n) eliminado %1 segmento(s)."
"Template Test Send","Envío de prueba de plantilla"
"The lead routing rule has been saved.","La regla de enrutamiento de leads se ha guardado."
"Approved","Aprobado"
"Converted","Convertido"
"Variants","Variantes"
"Segment B size:","Tamaño del segmento B:"
"Look up one customer by email to view or change their marketing consent, export their data, or permanently erase it — for handling a GDPR/data-protection rights request.","Busca un cliente por email para ver o cambiar su consentimiento de marketing, exportar sus datos o borrarlos permanentemente — para gestionar una solicitud de derechos de RGPD/protección de datos."
"A total of %1 segment(s) have been disabled.","Se ha(n) deshabilitado %1 segmento(s)."
"SMS (Twilio) or WhatsApp (Meta) — a campaign's send_sms/send_whatsapp action silently fails at dispatch time until credentials are set here.","SMS (Twilio) o WhatsApp (Meta) — la acción send_sms/send_whatsapp de una campaña falla silenciosamente en el momento del envío hasta que se configuren aquí las credenciales."
"Read-only: every admin save of a Campaign or Segment - who, when, and what changed","Solo lectura: cada guardado de administración de una Campaña o Segmento - quién, cuándo y qué cambió"
"Audience & Targeting","Audiencia y segmentación"
"Delete score rules","Eliminar reglas de puntuación"
"Are you sure you want to delete the selected message log entry(s)?","¿Seguro que quieres eliminar la(s) entrada(s) del registro de mensajes seleccionada(s)?"
"Every price-drop or back-in-stock watch a customer or guest has registered","Todas las vigilancias de bajada de precio o de vuelta en stock que ha registrado un cliente o invitado"
"+1 hour","+1 hora"
"Submit this template to Meta for approval?","¿Enviar esta plantilla a Meta para su aprobación?"
"Meta","Meta"
"Enable","Habilitar"
"Import","Importar"
"Cron expression","Expresión cron"
"Only in Segment B:","Solo en el segmento B:"
"Last Sync Status","Último estado de sincronización"
"Delivered","Entregado"
"Are you sure you want to delete the selected ad audience(s)?","¿Seguro que quieres eliminar la(s) audiencia(s) publicitaria(s) seleccionada(s)?"
"Every enabled campaign's ""Scheduled Date/Time"" or ""Recurring Schedule"" trigger, plotted on the day it will (or did) fire — event-based triggers (order placed, tag added, ...) have no fixed date and so don't appear here; see ""Campaign Action Timeline"" for those.","El disparador ""Fecha/hora programada"" o ""Programación recurrente"" de cada campaña habilitada, representado en el día en que se activará (o se activó) — los disparadores basados en eventos (pedido realizado, etiqueta añadida, ...) no tienen fecha fija y por eso no aparecen aquí; consulta ""Cronología de acciones de campaña"" para esos."
"Channel","Canal"
"Are you sure you want to delete this ad audience?","¿Seguro que quieres eliminar esta audiencia publicitaria?"
"Yes","Sí"
"Success","Éxito"
"Could not refresh the template status: %1","No se pudo actualizar el estado de la plantilla: %1"
"A total of %1 segment(s) have been enabled.","Se ha(n) habilitado %1 segmento(s)."
"Reorder reminder sent to %1.","Recordatorio de recompra enviado a %1."
"Each variant gets a relative weight (they don't need to sum to 100) and its own action chain. A customer is assigned to exactly one variant, deterministically, the first time they enter this split - repeat dispatches (and a delayed resume elsewhere in the chain) always land in the same variant. A variant's own actions can't have their own delay yet.","Cada variante recibe un peso relativo (no es necesario que sumen 100) y su propia cadena de acciones. Un cliente se asigna a exactamente una variante, de forma determinista, la primera vez que entra en esta división - los envíos repetidos (y una reanudación retrasada en otro punto de la cadena) siempre caen en la misma variante. Las acciones propias de una variante todavía no pueden tener su propio retraso."
"E.g. 80 = among the best 20% of customers on this metric.","P. ej., 80 = entre el mejor 20% de los clientes en esta métrica."
"Invalid customer.","Cliente no válido."
"Add Rep","Añadir representante"
"Campaign Action Timeline","Cronología de acciones de campaña"
"Consent — customer #%1 (%2)","Consentimiento — cliente n.º %1 (%2)"
"Minimum NPS score","Puntuación NPS mínima"
"A saved, reusable set of customer conditions — reference it from any campaign via the ""In Segment"" condition instead of repeating the same conditions everywhere.","Un conjunto guardado y reutilizable de condiciones de cliente — referéncialo desde cualquier campaña mediante la condición ""En segmento"" en lugar de repetir las mismas condiciones en todas partes."
"Are you sure you want to delete the selected score rule(s)?","¿Seguro que quieres eliminar la(s) regla(s) de puntuación seleccionada(s)?"
"GDPR / Consent","RGPD / Consentimiento"
"Status refreshed from Meta: %1","Estado actualizado desde Meta: %1"
"Within days","En un plazo de días"
"Only in Segment A:","Solo en el segmento A:"
"Reorder cycles recalculated: %1 pair(s).","Ciclos de recompra recalculados: %1 par(es)."
"Reset Cached Score","Restablecer puntuación en caché"
"Sat","sáb"
"A quick checklist for the real dependency order: configure a channel, build a segment, then a campaign that uses it.","Una lista de comprobación rápida para el orden real de dependencias: configura un canal, crea un segmento y luego una campaña que lo use."
"No","No"
"No - send immediately","No - enviar de inmediato"
"Restore","Restaurar"
"Template Name","Nombre de la plantilla"
"WhatsApp Templates","Plantillas de WhatsApp"
"Snapshot Taken","Instantánea tomada"
"Edit Ad Audience ""%1""","Editar audiencia publicitaria ""%1"""
"This customer has opted out of email - reminder not sent.","Este cliente se ha excluido del email - recordatorio no enviado."
"Send to","Enviar a"
"A total of %1 lead routing rule(s) have been enabled.","Se ha(n) habilitado %1 regla(s) de enrutamiento de leads."
"Admin-facing only - not sent to Meta.","Solo visible en el administrador - no se envía a Meta."
"Search blocks…","Buscar bloques…"
"Reject","Rechazar"
"Prompt","Prompt"
"Rejected","Rechazado"
"Start typing to search the catalog.","Empieza a escribir para buscar en el catálogo."
"A total of %1 reorder cycle(s) have been deleted.","Se ha(n) eliminado %1 ciclo(s) de recompra."
"Reject order","Rechazar pedido"
"Scheduled Date/Time","Fecha/hora programada"
"Campaign conversion rate (%1 sent, %2 converted)","Tasa de conversión de la campaña (%1 enviados, %2 convertidos)"
"Connected. Response: ""%1""","Conectado. Respuesta: ""%1"""
"Visitor ID","ID de visitante"
"Percentile, at least (0-100)","Percentil, como mínimo (0-100)"
"Read-only: what the reorder-detection engine currently believes about each customer/SKU","Solo lectura: lo que el motor de detección de recompra cree actualmente sobre cada cliente/SKU"
"Product Recommendations","Recomendaciones de productos"
"Step %1","Paso %1"
"The test failed.","La prueba ha fallado."
"Build reorder cart","Crear carrito de recompra"
"%1 — customer #%2 (%3)","%1 — cliente n.º %2 (%3)"
"Back to Dashboard","Volver al panel"
"Segment B","Segmento B"
"The real dependency order for a working campaign: configure a channel first, then build a segment, then a campaign that uses it. Each step below reflects whether it's actually been done, not just clicked through.","El orden real de dependencias para que una campaña funcione: configura primero un canal, luego crea un segmento y después una campaña que lo use. Cada paso de abajo refleja si realmente se ha completado, no solo si se ha pasado por él."
"Permanently erase all Ordo Automation data for this customer? This cannot be undone.","¿Borrar permanentemente todos los datos de Ordo Automation de este cliente? Esta acción no se puede deshacer."
"A total of %1 score rule(s) have been deleted.","Se ha(n) eliminado %1 regla(s) de puntuación."
"No response - check the Base URL/Model below, and that the Ollama instance is reachable from this server.","Sin respuesta - comprueba la URL base/modelo de abajo, y que la instancia de Ollama sea accesible desde este servidor."
"This template has already been submitted to Meta - nothing to do.","Esta plantilla ya se ha enviado a Meta - no hay nada que hacer."
"Missing ad audience id.","Falta el id de la audiencia publicitaria."
"A trigger, plus whatever conditions/actions should run when it fires — the Flow canvas is the fastest way to build one.","Un disparador, más las condiciones/acciones que deban ejecutarse cuando se active — el lienzo de Flujo es la forma más rápida de crear uno."
"Phone","Teléfono"
"A total of %1 campaign(s) have been deleted.","Se ha(n) eliminado %1 campaña(s)."
"A single 0-10 question, e.g. ""How likely are you to recommend us to a friend?""","Una única pregunta de 0 a 10, p. ej. ""¿Qué probabilidad hay de que nos recomiendes a un amigo?"""
"Body Text","Texto del cuerpo"
"Compliance & Settings","Cumplimiento y configuración"
"Guest Email","Email del invitado"
"This lead routing rule no longer exists.","Esta regla de enrutamiento de leads ya no existe."
"Delete message log entries","Eliminar entradas del registro de mensajes"
"A total of %1 content block(s) have been enabled.","Se ha(n) habilitado %1 bloque(s) de contenido."
"Authentication","Autenticación"
"Product feeds refreshed for %1 store/format combination(s): %2 product(s) total.","Feeds de productos actualizados para %1 combinación(es) de tienda/formato: %2 producto(s) en total."
"Group conditions","Condiciones del grupo"
"Round-robin sales rep assignment for qualifying leads","Asignación por turno rotatorio de representante de ventas para los leads que cumplen los requisitos"
"Last Seen","Última vez visto"
"Delete push subscription(s)","Eliminar suscripción(es) push"
"Look up one customer by email to see everything this module already knows about them - segments, tags, RFM/CLV, lead score, NPS, loyalty tier, and order history - on one screen.","Busca un cliente por email para ver todo lo que este módulo ya sabe sobre él - segmentos, etiquetas, RFM/CLV, puntuación de lead, NPS, nivel de fidelización e historial de pedidos - en una sola pantalla."
"Send at customer's optimal time","Enviar en el momento óptimo del cliente"
"A total of %1 ad audience(s) have been enabled.","Se ha(n) habilitado %1 audiencia(s) publicitaria(s)."
"Configure a messaging channel","Configura un canal de mensajería"
"A total of %1 message log entry(s) have been deleted.","Se ha(n) eliminado %1 entrada(s) del registro de mensajes."
"Opted Out","Excluido"
"Matching customers are assigned round-robin across this pool, in the order listed","Los clientes coincidentes se asignan por turno rotatorio entre esta bolsa, en el orden indicado"
"WhatsApp Template Information","Información de la plantilla de WhatsApp"
"Delete WhatsApp templates","Eliminar plantillas de WhatsApp"
"+1 day","+1 día"
"Could not delete the WhatsApp template: %1","No se pudo eliminar la plantilla de WhatsApp: %1"
"Minimum order count","Número mínimo de pedidos"
"Good news — the price dropped to %1.","Buenas noticias — el precio ha bajado a %1."
"Marketing","Marketing"
"New Lead Routing Rule","Nueva regla de enrutamiento de leads"
"+%1 days","+%1 días"
"Follow Up on Tagged Customers","Seguimiento de clientes etiquetados"
"Updated At","Actualizado el"
"Diagnostics","Diagnósticos"
"Test Connection","Probar conexión"
"Push Subscriptions","Suscripciones push"
"Delete the selected push subscription(s)? The device will need to re-subscribe to receive push notifications again.","¿Eliminar la(s) suscripción(es) push seleccionada(s)? El dispositivo deberá volver a suscribirse para recibir notificaciones push de nuevo."
"Already fired","Ya se ha activado"
"Import Segment","Importar segmento"
"Opened","Abierto"
"Qualifies For","Cumple los requisitos para"
"Opened by push-sw.js's notificationclick handler when the browser notification is clicked - defaults to ""/"" if left blank.","Abierto por el manejador notificationclick de push-sw.js cuando se hace clic en la notificación del navegador - por defecto es ""/"" si se deja en blanco."
"That reorder cycle no longer exists.","Ese ciclo de recompra ya no existe."
"A total of %1 score rule(s) have been enabled.","Se ha(n) habilitado %1 regla(s) de puntuación."
"Redo","Rehacer"
"Received At","Recibido el"
"Delete ad audiences","Eliminar audiencias publicitarias"
"Opt out","Excluirse"
"Load a Template","Cargar una plantilla"
"A total of %1 price watch subscription(s) have been deleted.","Se ha(n) eliminado %1 suscripción(es) de vigilancia de precio."
"Meta locale code, e.g. en_US, pl_PL.","Código de idioma de Meta, p. ej. en_US, pl_PL."
"Notification title","Título de la notificación"
"Send Test","Enviar prueba"
"Delete reorder cycles","Eliminar ciclos de recompra"
"Build a campaign","Crea una campaña"
"The WhatsApp template has been deleted.","La plantilla de WhatsApp se ha eliminado."
"Are you sure you want to reject this order?","¿Seguro que quieres rechazar este pedido?"
"Minimum tier","Nivel mínimo"
"Erased %1 Ordo Automation row(s) for customer #%2.","Se ha(n) borrado %1 fila(s) de Ordo Automation para el cliente n.º %2."
"A total of %1 ad audience(s) have been deleted.","Se ha(n) eliminado %1 audiencia(s) publicitaria(s)."
"This WhatsApp template no longer exists.","Esta plantilla de WhatsApp ya no existe."
"Disable","Deshabilitar"
"Average projected CLV","CLV medio proyectado"
"How many recommended products to include","Cuántos productos recomendados incluir"
"Minimum lifetime total","Total histórico mínimo"
"Sales Rep Pool","Bolsa de representantes de ventas"
"Last Reminder Sent","Último recordatorio enviado"
"Reset cached RFM score","Restablecer puntuación RFM en caché"
"Are you sure you want to delete this WhatsApp template?","¿Seguro que quieres eliminar esta plantilla de WhatsApp?"
"Audience Size As Of","Tamaño de audiencia a fecha de"
"Campaign not found.","Campaña no encontrada."
"Error Code","Código de error"
"Save Ad Audience","Guardar audiencia publicitaria"
"Reference dispatch context with {{placeholders}}, e.g. {{customer_first_name}}. Calls the self-hosted Ollama instance configured under Stores > Configuration > Ordo Automation > AI Content.","Referencia el contexto de envío con {{placeholders}}, p. ej. {{customer_first_name}}. Llama a la instancia de Ollama autoalojada configurada en Tiendas > Configuración > Ordo Automation > Contenido con IA."
"Missing lead routing rule id.","Falta el id de la regla de enrutamiento de leads."
"WhatsApp Template","Plantilla de WhatsApp"
"Segment matches","Coincidencias de segmento"
"Pending","Pendiente"
"Delete segments","Eliminar segmentos"
"Estimated Audience Size","Tamaño estimado de audiencia"
"Group matches","Coincidencias del grupo"
"Order ID","ID de pedido"
"Reminders Sent","Recordatorios enviados"
"Could not delete the lead routing rule: %1","No se pudo eliminar la regla de enrutamiento de leads: %1"
"Lowercase letters, digits, and underscores only - this is the exact name registered with Meta.","Solo letras minúsculas, dígitos y guiones bajos - este es el nombre exacto registrado en Meta."
"Sync a segment as a Google Ads / Meta remarketing audience","Sincroniza un segmento como audiencia de remarketing de Google Ads / Meta"
"Format: YYYY-MM-DD HH:MM:SS, e.g. 2026-11-28 09:00:00. Fires at most once, the next time Cron\DispatchScheduledCampaignTriggers scans (every 5 minutes) after this moment.","Formato: YYYY-MM-DD HH:MM:SS, p. ej. 2026-11-28 09:00:00. Se activa como mucho una vez, la próxima vez que Cron\DispatchScheduledCampaignTriggers realice un escaneo (cada 5 minutos) tras este momento."
"Consent updated.","Consentimiento actualizado."
"Feed","Feed"
"This template has not been submitted to Meta yet - nothing to refresh.","Esta plantilla todavía no se ha enviado a Meta - no hay nada que actualizar."
"Could not save the WhatsApp template: %1","No se pudo guardar la plantilla de WhatsApp: %1"
"Watch Type","Tipo de vigilancia"
"Cancel","Cancelar"
"Reorder Cycle Drift Ratio, At Least (1.0 = exactly on schedule)","Ratio de desviación del ciclo de recompra, como mínimo (1,0 = exactamente según lo previsto)"
"(no split)","(sin división)"
"Funnel","Embudo"
"A total of %1 campaign(s) have been disabled.","Se ha(n) deshabilitado %1 campaña(s)."
"Month-grid view of when scheduled/recurring campaigns fire","Vista de calendario mensual de cuándo se activan las campañas programadas/recurrentes"
"The template has been submitted to Meta for approval.","La plantilla se ha enviado a Meta para su aprobación."
"Added to Wishlist","Añadido a la lista de deseos"
"Segment A size:","Tamaño del segmento A:"
"← Previous month","← Mes anterior"
"Are you sure you want to delete the selected content block(s)?","¿Seguro que quieres eliminar el/los bloque(s) de contenido seleccionado(s)?"
"This order is no longer awaiting approval and cannot be acted on via this link.","Este pedido ya no está esperando aprobación y no se puede actuar sobre él mediante este enlace."
"A total of %1 WhatsApp template(s) have been deleted.","Se ha(n) eliminado %1 plantilla(s) de WhatsApp."
"In both (intersection):","En ambos (intersección):"
"Thu","jue"
"Internal engine views for verifying automation is working correctly - not needed for day-to-day use.","Vistas internas del motor para comprobar que la automatización funciona correctamente - no necesarias para el uso diario."
"Google Ads: an existing user list resourceName (customers/{id}/userLists/{id}). Meta: leave blank to have a new Custom Audience created on first sync.","Google Ads: un resourceName de lista de usuarios existente (customers/{id}/userLists/{id}). Meta: déjalo en blanco para que se cree una nueva Audiencia Personalizada en la primera sincronización."
"This ad audience no longer exists.","Esta audiencia publicitaria ya no existe."
"Fit all nodes in view","Ajustar todos los nodos a la vista"
"Store","Tienda"
"Undo","Deshacer"
"Save Template","Guardar plantilla"
"Utility","Utilidad"
"Manage and submit templates the send_whatsapp campaign action can use","Gestiona y envía las plantillas que puede usar la acción de campaña send_whatsapp"
"Matches a purchase from this category or any of its subcategories.","Coincide con una compra de esta categoría o de cualquiera de sus subcategorías."
"Last Sync Message","Último mensaje de sincronización"
"A total of %1 free gift offer(s) have been deleted.","Se ha(n) eliminado %1 oferta(s) de regalo."
"URL to open on click (optional)","URL a abrir al hacer clic (opcional)"
