"""Discount Amount"" (Y) must not exceed ""Discount Qty Step"" (X), or no discount will apply.","Le ""Montant de la remise"" (Y) ne doit pas dépasser le ""Palier de quantité pour remise"" (X), sinon aucune remise ne sera appliquée."
"+ New Campaign","+ Nouvelle campagne"
"+%1 min","+%1 min"
"Abandoned Cart Recovery","Récupération de panier abandonné"
"Action","Action"
"Action timeline","Chronologie des actions"
"Actions","Actions"
"Actions (run in order)","Actions (exécutées dans l'ordre)"
"Add Action","Ajouter une action"
"Add Condition","Ajouter une condition"
"Add New Campaign","Ajouter une nouvelle campagne"
"Add New Content Block","Ajouter un nouveau bloc de contenu"
"Add New Free Gift Offer","Ajouter une nouvelle offre de cadeau"
"Add New Score Rule","Ajouter une nouvelle règle de scoring"
"Add New Segment","Ajouter un nouveau segment"
"Add Points","Ajouter des points"
"Add SKU","Ajouter un SKU"
"Add Tag","Ajouter un tag"
"Add Tier","Ajouter un palier"
"Add Trigger","Ajouter un déclencheur"
"Apply flow to form & Save","Appliquer le flux au formulaire et enregistrer"
"Are you sure you want to delete this %1?","Voulez-vous vraiment supprimer : %1 ?"
"Are you sure you want to delete this campaign?","Voulez-vous vraiment supprimer cette campagne ?"
"Are you sure you want to delete this content block?","Voulez-vous vraiment supprimer ce bloc de contenu ?"
"Are you sure you want to delete this free gift offer?","Voulez-vous vraiment supprimer cette offre de cadeau ?"
"Are you sure you want to delete this score rule?","Voulez-vous vraiment supprimer cette règle de scoring ?"
"Are you sure you want to delete this segment?","Voulez-vous vraiment supprimer ce segment ?"
"Assigned Sales Rep — Email","Commercial assigné — e-mail"
"Assigned Sales Rep — Name","Commercial assigné — nom"
"Assigned Sales Rep — Phone","Commercial assigné — téléphone"
"Attribute","Attribut"
"Attribute Code","Code de l'attribut"
"Avg. Interval (days)","Intervalle moy. (jours)"
"B2C Lifecycle Emails (Welcome / Win-back)","E-mails de cycle de vie B2C (bienvenue / réactivation)"
"Back","Retour"
"Block Checkout When Over Credit Limit","Bloquer le paiement en cas de dépassement du plafond de crédit"
"Build and manage automation campaigns","Créer et gérer des campagnes d'automatisation"
"Bulk actions on current members","Actions groupées sur les membres actuels"
"Buy %1, get %2 free — customers pay for %1 out of every %3 (%4% off that batch).","Achetez %1, obtenez %2 gratuit(s) — le client paie %1 sur chaque lot de %3 (%4 % de remise sur ce lot)."
"CTA button URL","URL du bouton CTA"
"CTA button label","Libellé du bouton CTA"
"Call-to-action button URL","URL du bouton d'appel à l'action"
"Call-to-action button label","Libellé du bouton d'appel à l'action"
"Campaign Information","Informations sur la campagne"
"Campaign Calendar","Calendrier des campagnes"
"Campaign","Campagne"
"Campaign action with id ""%1"" does not exist.","L'action de campagne avec l'ID ""%1"" n'existe pas."
"Campaign condition with id ""%1"" does not exist.","La condition de campagne avec l'ID ""%1"" n'existe pas."
"Campaign trigger with id ""%1"" does not exist.","Le déclencheur de campagne avec l'ID ""%1"" n'existe pas."
"Campaign with id ""%1"" does not exist.","La campagne avec l'ID ""%1"" n'existe pas."
"Campaigns","Campagnes"
"Campaigns by trigger","Campagnes par déclencheur"
"Can be negative (a penalty rule).","Peut être négatif (règle de pénalité)."
"Can be negative to subtract points when this rule matches","Peut être négatif pour retirer des points lorsque cette règle correspond"
"Cart Abandoned","Panier abandonné"
"Cart Price Rule","Règle de prix panier"
"Cart Price Rule ID","ID de règle de prix panier"
"Cart price rule ID","ID de règle de prix panier"
"Cart with id ""%1"" does not exist.","Le panier avec l'ID ""%1"" n'existe pas."
"Cascading tiers — every tier the cart subtotal reaches ADDS its gift slots, cumulative","Paliers cumulatifs — chaque palier atteint par le sous-total du panier AJOUTE ses emplacements de cadeaux, de façon cumulative"
"Category","Catégorie"
"Category ID","ID de catégorie"
"Cheapest item in qualifying set free (Ordo Automation)","Article le moins cher offert dans l'ensemble éligible (Ordo Automation)"
"Condition","Condition"
"Conditions","Conditions"
"Conditions (all must match — AND)","Conditions (toutes doivent correspondre — ET)"
"Conditions (all must pass — AND)","Conditions (toutes doivent être satisfaites — ET)"
"Configuration","Configuration"
"Contains","Contient"
"Content Block Information","Informations sur le bloc de contenu"
"Content Blocks","Blocs de contenu"
"Content block","Bloc de contenu"
"Content block not found.","Bloc de contenu introuvable."
"Could not add gift ""%1"" to the cart: %2","Impossible d'ajouter le cadeau ""%1"" au panier : %2"
"Could not delete the campaign action: %1","Impossible de supprimer l'action de campagne : %1"
"Could not delete the campaign condition: %1","Impossible de supprimer la condition de campagne : %1"
"Could not delete the campaign trigger: %1","Impossible de supprimer le déclencheur de campagne : %1"
"Could not delete the campaign: %1","Impossible de supprimer la campagne : %1"
"Could not delete the content block: %1","Impossible de supprimer le bloc de contenu : %1"
"Could not delete the free gift offer: %1","Impossible de supprimer l'offre de cadeau : %1"
"Could not delete the free gift product: %1","Impossible de supprimer le produit-cadeau : %1"
"Could not delete the free gift tier: %1","Impossible de supprimer le palier de cadeau : %1"
"Could not delete the offer: %1","Impossible de supprimer l'offre : %1"
"Could not delete the score rule: %1","Impossible de supprimer la règle de scoring : %1"
"Could not delete the segment: %1","Impossible de supprimer le segment : %1"
"Could not save the campaign action: %1","Impossible d'enregistrer l'action de campagne : %1"
"Could not save the campaign condition: %1","Impossible d'enregistrer la condition de campagne : %1"
"Could not save the campaign trigger: %1","Impossible d'enregistrer le déclencheur de campagne : %1"
"Could not save the campaign: %1","Impossible d'enregistrer la campagne : %1"
"Could not save the content block: %1","Impossible d'enregistrer le bloc de contenu : %1"
"Could not save the free gift offer: %1","Impossible d'enregistrer l'offre de cadeau : %1"
"Could not save the free gift product: %1","Impossible d'enregistrer le produit-cadeau : %1"
"Could not save the free gift tier: %1","Impossible d'enregistrer le palier de cadeau : %1"
"Could not save the offer: %1","Impossible d'enregistrer l'offre : %1"
"Could not save the score rule: %1","Impossible d'enregistrer la règle de scoring : %1"
"Could not save the segment: %1","Impossible d'enregistrer le segment : %1"
"Coupon code prefix","Préfixe du code de coupon"
"Created","Créé"
"Credit Limit","Plafond de crédit"
"Credit Limit Alert","Alerte de plafond de crédit"
"Customer ID","ID client"
"Customer Registered","Client enregistré"
"Dashboard","Tableau de bord"
"Days Since Last Order","Jours depuis la dernière commande"
"Days added per self-extension","Jours ajoutés par prolongation"
"Delay (minutes)","Délai (minutes)"
"Delete","Supprimer"
"Delete %1 ""%2""","Supprimer %1 ""%2"""
"Delete raw events older than this many days","Supprimer les événements bruts de plus de X jours"
"Demographic-attribute lead scoring rules","Règles de scoring de leads par attributs démographiques"
"Diagnostic view of detected reorder patterns","Vue de diagnostic des cycles de réachat détectés"
"Disabled","Désactivé"
"Drag a block from the palette onto the canvas, then drag from the small dot on the right edge of one node to the dot on the left edge of the next to connect them. A campaign can start from more than one trigger — every one of them must lead all the way through to an Action before you can save. Then ""Apply flow to form & Save"" writes the graph into the form below and saves through the same action the Save button uses.","Faites glisser un bloc depuis la palette vers le canevas, puis reliez les nœuds en faisant glisser le petit point à droite d'un nœud vers le point à gauche du suivant. Une campagne peut démarrer à partir de plusieurs déclencheurs — chacun doit mener jusqu'à une action avant de pouvoir enregistrer. ""Appliquer le flux au formulaire et enregistrer"" écrit ensuite le graphe dans le formulaire ci-dessous et enregistre via la même action que le bouton Enregistrer."
"Edit","Modifier"
"Edit Campaign ""%1""","Modifier la campagne ""%1"""
"Edit Content Block ""%1""","Modifier le bloc de contenu ""%1"""
"Edit Free Gift Offer ""%1""","Modifier l'offre de cadeau ""%1"""
"Edit Score Rule ""%1""","Modifier la règle de scoring ""%1"""
"Edit Segment ""%1""","Modifier le segment ""%1"""
"Email","E-mail"
"Email template identifier","Identifiant du modèle d'e-mail"
"Enable on-site popups","Activer les popups sur le site"
"Enabled","Activé"
"Enter ""Discount Qty Step (Buy X)"" and ""Discount Amount"" (as Y, free qty) to see a preview.","Saisissez ""Palier de quantité pour remise (Achat X)"" et ""Montant de la remise"" (Y, quantité offerte) pour voir un aperçu."
"Equals","Égal à"
"Escalate (resend) if not decided within this many days","Escalader (renvoyer) si aucune décision n'est prise dans ce délai en jours"
"Expires","Expire"
"Every campaign's trigger(s) and its action chain's timing in one place — ""offset"" is the cumulative wait since the trigger fires, not just that step's own delay, since each action's delay_minutes counts from the PREVIOUS action, not from the start.","Le(s) déclencheur(s) et le calendrier de la chaîne d'actions de chaque campagne au même endroit — le « décalage » est l'attente cumulée depuis le déclenchement, pas seulement le délai de cette étape, car le delay_minutes de chaque action est compté depuis l'action PRÉCÉDENTE, pas depuis le début."
"Every campaign's trigger(s) and action timing in one place","Le(s) déclencheur(s) et le calendrier des actions de chaque campagne au même endroit"
"Extend by %1 day(s)","Prolonger de %1 jour(s)"
"F Quintile","Quintile F"
"Feed URL","URL du flux"
"Feed refreshed.","Flux actualisé."
"First Name","Prénom"
"Flow","Flux"
"Free Gift Above Threshold","Cadeau au-delà d'un seuil"
"Free Gift Offer Information","Informations sur l'offre de cadeau"
"Free Gift Offers","Offres de cadeaux"
"Free gift offer with id ""%1"" does not exist.","L'offre de cadeau avec l'ID ""%1"" n'existe pas."
"Free gift offers","Offres de cadeaux"
"Free gift product with id ""%1"" does not exist.","Le produit-cadeau avec l'ID ""%1"" n'existe pas."
"Free gift tier with id ""%1"" does not exist.","Le palier de cadeau avec l'ID ""%1"" n'existe pas."
"General","Général"
"Gift pool — SKUs a customer may pick from once eligible","Réserve de cadeaux — SKU parmi lesquels un client peut choisir une fois éligible"
"Gift slots this tier adds","Emplacements de cadeaux ajoutés par ce palier"
"HTML","HTML"
"HTML Snippet","Extrait HTML"
"Hard-blocks order placement for a logged-in customer whose credit limit utilization has reached 100%. Disabled by default — separate opt-in from the warning email above.","Bloque totalement la commande pour un client connecté dont l'utilisation du plafond de crédit a atteint 100 %. Désactivé par défaut — activation distincte de l'e-mail d'avertissement ci-dessus."
"How many feed items to include","Nombre d'éléments du flux à inclure"
"How many products to include","Nombre de produits à inclure"
"ID","ID"
"Identifier","Identifiant"
"Invalid bulk action type.","Type d'action groupée invalide."
"Invalid offer.","Offre invalide."
"Invalid or already-used approval token.","Jeton d'approbation invalide ou déjà utilisé."
"Invalid segment.","Segment invalide."
"Item Count","Nombre d'éléments"
"Last Name","Nom"
"Last Order","Dernière commande"
"Last Recalculated","Dernier recalcul"
"Lead Scoring","Scoring de leads"
"Leave blank if you filled in Tag / Minimum order total / Minimum score above.","Laissez vide si vous avez renseigné Tag / Total de commande minimum / Score minimum ci-dessus."
"Leave blank if you filled in one of the dedicated fields above.","Laissez vide si vous avez renseigné l'un des champs dédiés ci-dessus."
"M Quintile","Quintile M"
"Manage cascading-tier gift offers and their gift pools","Gérer les offres de cadeaux à paliers cumulatifs et leurs réserves de cadeaux"
"Maximum reminders per cart","Nombre maximum de relances par panier"
"Maximum times a customer can self-extend an offer","Nombre maximum de fois qu'un client peut prolonger une offre lui-même"
"Message","Message"
"Minimum cart subtotal","Sous-total minimum du panier"
"Minimum cart subtotal to trigger a reminder","Sous-total minimum du panier pour déclencher une relance"
"Minimum days between repeated alerts for the same threshold","Nombre minimum de jours entre deux alertes répétées pour le même seuil"
"Minimum order total","Total de commande minimum"
"Minimum orders to detect a pattern","Nombre minimum de commandes pour détecter un cycle"
"Minimum score","Score minimum"
"Minimum time between two popups shown to the same visitor/customer. 0 disables the cap.","Délai minimum entre deux popups affichés au même visiteur/client. 0 désactive la limite."
"Missing campaign id.","ID de campagne manquant."
"Missing content block id.","ID de bloc de contenu manquant."
"Missing free gift offer id.","ID d'offre de cadeau manquant."
"Missing score rule id.","ID de règle de scoring manquant."
"Missing segment id.","ID de segment manquant."
"My Offers","Mes offres"
"Name","Nom"
"New Campaign","Nouvelle campagne"
"New Content Block","Nouveau bloc de contenu"
"New Free Gift Offer","Nouvelle offre de cadeau"
"New Score Rule","Nouvelle règle de scoring"
"New Segment","Nouveau segment"
"Next Expected","Prochaine attendue"
"No authenticated customer for this request.","Aucun client authentifié pour cette requête."
"No actions configured","Aucune action configurée"
"No campaigns yet — create one to get started.","Aucune campagne pour le moment — créez-en une pour commencer."
"No customers currently match this segment.","Aucun client ne correspond actuellement à ce segment."
"No free items — Y is 0. Set ""Discount Amount"" to how many should be free.","Aucun article offert — Y vaut 0. Définissez ""Montant de la remise"" pour indiquer combien doivent être offerts."
"No trigger configured","Aucun déclencheur configuré"
"Not Equals","Différent de"
"Not eligible for extension","Non éligible à la prolongation"
"Offer ""%1"" has been extended to %2.","L'offre ""%1"" a été prolongée jusqu'au %2."
"Offer Expiry Reminder","Rappel d'expiration d'offre"
"Offer with id ""%1"" does not exist.","L'offre avec l'ID ""%1"" n'existe pas."
"On-Site Behavior Tracking","Suivi du comportement sur le site"
"Operator","Opérateur"
"Order Approval Admin Email","E-mail admin pour l'approbation de commande"
"Order Approval Workflow","Processus d'approbation de commande"
"Order Placed","Commande passée"
"Order Spend Limit (requires approval above this amount)","Plafond de dépense de commande (approbation requise au-delà de ce montant)"
"Order approval with id ""%1"" does not exist or is no longer pending.","L'approbation de commande avec l'ID ""%1"" n'existe pas ou n'est plus en attente."
"Order approval with id ""%1"" does not exist.","L'approbation de commande avec l'ID ""%1"" n'existe pas."
"Orders","Commandes"
"Orders Considered","Commandes prises en compte"
"Ordo Automation","Ordo Automation"
"Ordo Automation Campaigns","Ordo Automation – Campagnes"
"Ordo Automation Content Blocks","Ordo Automation – Blocs de contenu"
"Ordo Automation Free Gifts","Ordo Automation – Cadeaux"
"Ordo Automation Score Rules","Ordo Automation – Règles de scoring"
"Ordo Automation Section","Ordo Automation – Section"
"Ordo Automation Segments","Ordo Automation – Segments"
"Output variable name (optional)","Nom de la variable de sortie (facultatif)"
"Params (JSON)","Paramètres (JSON)"
"Params (JSON) — only needed for a condition type without a dedicated field above","Paramètres (JSON) — nécessaires uniquement pour un type de condition sans champ dédié ci-dessus"
"Params (JSON) — only needed for an action type without a dedicated field above","Paramètres (JSON) — nécessaires uniquement pour un type d'action sans champ dédié ci-dessus"
"Please enter a tag.","Veuillez saisir un tag."
"Please enter a valid number of points.","Veuillez saisir un nombre de points valide."
"Points","Points"
"Points (used by ""Add Points"")","Points (utilisé par ""Ajouter des points"")"
"Popup body","Corps du popup"
"Popup frequency cap (hours)","Plafond de fréquence des popups (heures)"
"Popup headline","Titre du popup"
"Popup poll interval (seconds)","Intervalle d'interrogation des popups (secondes)"
"Preview","Aperçu"
"Product Feed","Flux produits"
"Products","Produits"
"Queued ""%1"" for %2 matching customer(s).","""%1"" mis en file d'attente pour %2 client(s) correspondant(s)."
"R Quintile","Quintile R"
"RFM Report","Rapport RFM"
"RFM Score","Score RFM"
"RSS 2.0 feed URL, refetched every 30 minutes by cron (or on demand via ""Refresh Feed Now"")","URL du flux RSS 2.0, réactualisé toutes les 30 minutes par une tâche cron (ou à la demande via ""Actualiser le flux maintenant"")"
"RSS Feed","Flux RSS"
"Raw HTML to embed for a ""snippet"" block.","HTML brut à intégrer pour un bloc de type ""extrait""."
"Recency, frequency and spend quintiles across all customers","Quintiles de récence, fréquence et dépenses pour l'ensemble des clients"
"Recovered revenue","Revenu récupéré"
"Reference","Référence"
"Refresh Feed Now","Actualiser le flux maintenant"
"Refresh failed: %1","Échec de l'actualisation : %1"
"Remove","Retirer"
"Reorder Cycles","Cycles de réachat"
"Reorder Reminder","Rappel de réachat"
"Reorder cycle with id ""%1"" does not exist.","Le cycle de réachat avec l'ID ""%1"" n'existe pas."
"Responded","Répondu"
"Response rate","Taux de réponse"
"Reusable HTML snippet, RSS, and product feed blocks for campaign emails","Blocs réutilisables d'extraits HTML, de flux RSS et de flux produits pour les e-mails de campagne"
"Run Bulk Action","Exécuter l'action groupée"
"Runs against everyone currently matching this segment's conditions. The action is queued and applied asynchronously.","S'exécute sur tous ceux qui correspondent actuellement aux conditions de ce segment. L'action est mise en file d'attente et appliquée de manière asynchrone."
"SKU","SKU"
"SKU ""%1"" is not an eligible free gift for this cart.","Le SKU ""%1"" n'est pas un cadeau éligible pour ce panier."
"Sales Rep Signature & Digest","Signature et résumé du commercial"
"Save & Continue Edit","Enregistrer et continuer la modification"
"Save Campaign","Enregistrer la campagne"
"Save Content Block","Enregistrer le bloc de contenu"
"Save Offer","Enregistrer l'offre"
"Save Score Rule","Enregistrer la règle de scoring"
"Save Segment","Enregistrer le segment"
"Saved, reusable customer conditions — reference from any campaign via the ""In Segment"" condition","Conditions client enregistrées et réutilisables — référencées depuis n'importe quelle campagne via la condition ""Dans le segment"""
"Score Rule Information","Informations sur la règle de scoring"
"Score Rules","Règles de scoring"
"Score Threshold","Seuil de score"
"Score Threshold Crossed","Seuil de score franchi"
"Searchable — includes core customer fields and EAV custom attributes","Avec recherche — inclut les champs clients principaux et les attributs personnalisés EAV"
"Segment Information","Informations sur le segment"
"Segments","Segments"
"Send reminder N days before the expected date","Envoyer une relance N jours avant la date attendue"
"Send reminder N days before the offer expires","Envoyer une relance N jours avant l'expiration de l'offre"
"Send reminder N minutes after last cart activity","Envoyer une relance N minutes après la dernière activité du panier"
"Send weekly digest to reps","Envoyer un résumé hebdomadaire aux commerciaux"
"Sent","Envoyé"
"Sort Order","Ordre de tri"
"Source","Source"
"Status","Statut"
"Tag","Tag"
"Tag (used by ""Add Tag"")","Tag (utilisé par ""Ajouter un tag"")"
"Tag Added","Tag ajouté"
"Tag a customer ""inactive"" after this many days without an order","Marquer un client comme ""inactif"" après ce nombre de jours sans commande"
"Tag a customer after this many clicks on the same tracked element","Marquer un client après ce nombre de clics sur le même élément suivi"
"Tag a customer after this many views of the same item","Marquer un client après ce nombre de vues du même article"
"The campaign has been deleted.","La campagne a été supprimée."
"The campaign has been saved.","La campagne a été enregistrée."
"The content block has been deleted.","Le bloc de contenu a été supprimé."
"The content block has been saved.","Le bloc de contenu a été enregistré."
"The free gift offer has been deleted.","L'offre de cadeau a été supprimée."
"The free gift offer has been saved.","L'offre de cadeau a été enregistrée."
"The gift selection contains duplicate SKUs.","La sélection de cadeaux contient des SKU en double."
"The order for this approval could not be found.","La commande liée à cette approbation est introuvable."
"The score rule has been deleted.","La règle de scoring a été supprimée."
"The score rule has been saved.","La règle de scoring a été enregistrée."
"The segment has been deleted.","Le segment a été supprimé."
"The segment has been saved.","Le segment a été enregistré."
"This campaign no longer exists.","Cette campagne n'existe plus."
"This content block is not an RSS feed.","Ce bloc de contenu n'est pas un flux RSS."
"This content block no longer exists.","Ce bloc de contenu n'existe plus."
"This free gift offer no longer exists.","Cette offre de cadeau n'existe plus."
"This offer could not be found.","Cette offre est introuvable."
"This offer has already been extended the maximum of %1 time(s).","Cette offre a déjà été prolongée le nombre maximum de fois : %1."
"This score rule no longer exists.","Cette règle de scoring n'existe plus."
"This segment no longer exists.","Ce segment n'existe plus."
"Tiers","Paliers"
"Total","Total"
"Total Spend","Dépense totale"
"Total campaigns","Total des campagnes"
"Tracked reorder cycles","Cycles de réachat suivis"
"Trigger","Déclencheur"
"Trigger Event","Événement déclencheur"
"Trigger performance","Performance du déclencheur"
"Triggers","Déclencheurs"
"Trigger(s)","Déclencheur(s)"
"Triggers, thresholds, tracking, and more","Déclencheurs, seuils, suivi et plus encore"
"Triggers: %1","Déclencheurs : %1"
"Type","Type"
"Unique machine identifier, referenced by a campaign's ""Add Dynamic Content"" action","Identifiant technique unique, référencé par l'action de campagne ""Ajouter un contenu dynamique"""
"Updated","Mis à jour"
"Value","Valeur"
"Visitor Tag Added (anonymous)","Tag visiteur ajouté (anonyme)"
"Wait this long after the previous step (or the trigger, for the first action) before running this one. 0 runs immediately.","Attendre ce délai après l'étape précédente (ou le déclencheur, pour la première action) avant d'exécuter celle-ci. 0 exécute immédiatement."
"Warn at this % of credit limit used","Avertir à ce pourcentage d'utilisation du plafond de crédit"
"You have no offers yet.","Vous n'avez pas encore d'offres."
"You may select at most %1 gift(s) with the current cart subtotal.","Avec le sous-total actuel du panier, vous pouvez sélectionner au maximum %1 cadeau(x)."
"Your order could not be placed because your account has reached its credit limit. Please contact your sales representative.","Votre commande n'a pas pu être passée car votre compte a atteint son plafond de crédit. Veuillez contacter votre commercial."
"campaign","campagne"
"content block","bloc de contenu"
"e.g. {""tag"":""vip""}, {""amount"":""100""}, {""threshold"":""50""}, {""days"":""30""}, {""count"":""3""}, {""segment_id"":""2""} — see the condition type's docblock in Model/Campaign/Condition/ for the exact keys it reads.","ex. {""tag"":""vip""}, {""amount"":""100""}, {""threshold"":""50""}, {""days"":""30""}, {""count"":""3""}, {""segment_id"":""2""} — voir le docblock du type de condition dans Model/Campaign/Condition/ pour les clés exactes attendues."
"free gift offer","offre de cadeau"
"score rule","règle de scoring"
"immediate","immédiat"
"segment","segment"
"""All"" (AND) requires every condition below to match; ""Any"" (OR) requires only one.","« Toutes » (ET) exige que chaque condition ci-dessous corresponde ; « Au moins une » (OU) n'en exige qu'une seule."
"%1 — customer #%2 (%3)","%1 — client n°%2 (%3)"
"(deleted campaign)","(campagne supprimée)"
"(no split)","(pas de répartition)"
"+%1 days","+%1 jours"
"+%1 hours","+%1 heures"
"+1 day","+1 jour"
"+1 hour","+1 heure"
"-- Select --","-- Sélectionner --"
"0 / %1 characters","0 / %1 caractères"
"A later ""Send Email"" action in this same chain can render the result with {{var <output variable name>|raw}}. Defaults to ""ai_content_html"" if left blank.","Une action « Envoyer un e-mail » ultérieure dans cette même chaîne peut afficher le résultat avec {{var <output variable name>|raw}}. Par défaut « ai_content_html » si laissé vide."
"A quick checklist for the real dependency order: configure a channel, build a segment, then a campaign that uses it.","Une checklist rapide pour respecter l'ordre de dépendance réel : configurer un canal, créer un segment, puis une campagne qui l'utilise."
"A saved, reusable set of customer conditions — reference it from any campaign via the ""In Segment"" condition instead of repeating the same conditions everywhere.","Un ensemble de conditions client enregistré et réutilisable — référencez-le depuis n'importe quelle campagne via la condition « Dans le segment » au lieu de répéter les mêmes conditions partout."
"A single 0-10 question, e.g. ""How likely are you to recommend us to a friend?""","Une seule question notée de 0 à 10, par ex. « Quelle est la probabilité que vous nous recommandiez à un ami ? »"
"A total of %1 WhatsApp template(s) have been deleted.","%1 modèle(s) WhatsApp ont été supprimés au total."
"A total of %1 ad audience(s) have been deleted.","%1 audience(s) publicitaire(s) ont été supprimées au total."
"A total of %1 ad audience(s) have been disabled.","%1 audience(s) publicitaire(s) ont été désactivées au total."
"A total of %1 ad audience(s) have been enabled.","%1 audience(s) publicitaire(s) ont été activées au total."
"A total of %1 campaign(s) have been deleted.","%1 campagne(s) ont été supprimées au total."
"A total of %1 campaign(s) have been disabled.","%1 campagne(s) ont été désactivées au total."
"A total of %1 campaign(s) have been enabled.","%1 campagne(s) ont été activées au total."
"A total of %1 content block(s) have been deleted.","%1 bloc(s) de contenu ont été supprimés au total."
"A total of %1 content block(s) have been disabled.","%1 bloc(s) de contenu ont été désactivés au total."
"A total of %1 content block(s) have been enabled.","%1 bloc(s) de contenu ont été activés au total."
"A total of %1 free gift offer(s) have been deleted.","%1 offre(s) de cadeau ont été supprimées au total."
"A total of %1 free gift offer(s) have been disabled.","%1 offre(s) de cadeau ont été désactivées au total."
"A total of %1 free gift offer(s) have been enabled.","%1 offre(s) de cadeau ont été activées au total."
"A total of %1 lead routing rule(s) have been deleted.","%1 règle(s) de routage de leads ont été supprimées au total."
"A total of %1 lead routing rule(s) have been disabled.","%1 règle(s) de routage de leads ont été désactivées au total."
"A total of %1 lead routing rule(s) have been enabled.","%1 règle(s) de routage de leads ont été activées au total."
"A total of %1 message log entry(s) have been deleted.","%1 entrée(s) du journal des messages ont été supprimées au total."
"A total of %1 price watch subscription(s) have been deleted.","%1 abonnement(s) de veille de prix ont été supprimés au total."
"A total of %1 push subscription(s) have been deleted.","%1 abonnement(s) push ont été supprimés au total."
"A total of %1 reorder cycle(s) have been deleted.","%1 cycle(s) de réachat ont été supprimés au total."
"A total of %1 score rule(s) have been deleted.","%1 règle(s) de scoring ont été supprimées au total."
"A total of %1 score rule(s) have been disabled.","%1 règle(s) de scoring ont été désactivées au total."
"A total of %1 score rule(s) have been enabled.","%1 règle(s) de scoring ont été activées au total."
"A total of %1 segment(s) have been deleted.","%1 segment(s) ont été supprimés au total."
"A total of %1 segment(s) have been disabled.","%1 segment(s) ont été désactivés au total."
"A total of %1 segment(s) have been enabled.","%1 segment(s) ont été activés au total."
"A trigger, plus whatever conditions/actions should run when it fires — the Flow canvas is the fastest way to build one.","Un déclencheur, plus les conditions/actions à exécuter quand il se déclenche — le canevas Flux est le moyen le plus rapide d'en créer un."
"AI-agent commerce endpoints are disabled.","Les points de terminaison de commerce pour agent IA sont désactivés."
"Ad Audience","Audience publicitaire"
"Ad Audience Information","Informations sur l'audience publicitaire"
"Ad Audiences","Audiences publicitaires"
"Add New Ad Audience","Ajouter une nouvelle audience publicitaire"
"Add New Lead Routing Rule","Ajouter une nouvelle règle de routage de leads"
"Add New Template","Ajouter un nouveau modèle"
"Add Rep","Ajouter un commercial"
"Added to Cart","Ajouté au panier"
"Added to Wishlist","Ajouté à la liste de souhaits"
"Admin Action Log","Journal des actions admin"
"Admin User","Utilisateur admin"
"Admin-facing only - not sent to Meta.","Visible uniquement côté admin - non transmis à Meta."
"All conditions (AND)","Toutes les conditions (ET)"
"Already fired","Déjà déclenché"
"Any condition (OR)","Au moins une condition (OU)"
"Approve","Approuver"
"Approved","Approuvé"
"Are you sure you want to delete the selected WhatsApp template(s)?","Voulez-vous vraiment supprimer le(s) modèle(s) WhatsApp sélectionné(s) ?"
"Are you sure you want to delete the selected ad audience(s)?","Voulez-vous vraiment supprimer la ou les audience(s) publicitaire(s) sélectionnée(s) ?"
"Are you sure you want to delete the selected campaign(s)?","Voulez-vous vraiment supprimer la ou les campagne(s) sélectionnée(s) ?"
"Are you sure you want to delete the selected content block(s)?","Voulez-vous vraiment supprimer le ou les bloc(s) de contenu sélectionné(s) ?"
"Are you sure you want to delete the selected free gift offer(s)?","Voulez-vous vraiment supprimer la ou les offre(s) de cadeau sélectionnée(s) ?"
"Are you sure you want to delete the selected lead routing rule(s)?","Voulez-vous vraiment supprimer la ou les règle(s) de routage de leads sélectionnée(s) ?"
"Are you sure you want to delete the selected message log entry(s)?","Voulez-vous vraiment supprimer la ou les entrée(s) du journal des messages sélectionnée(s) ?"
"Are you sure you want to delete the selected reorder cycle(s)?","Voulez-vous vraiment supprimer le ou les cycle(s) de réachat sélectionné(s) ?"
"Are you sure you want to delete the selected score rule(s)?","Voulez-vous vraiment supprimer la ou les règle(s) de scoring sélectionnée(s) ?"
"Are you sure you want to delete the selected segment(s)?","Voulez-vous vraiment supprimer le ou les segment(s) sélectionné(s) ?"
"Are you sure you want to delete this WhatsApp template?","Voulez-vous vraiment supprimer ce modèle WhatsApp ?"
"Are you sure you want to delete this ad audience?","Voulez-vous vraiment supprimer cette audience publicitaire ?"
"Are you sure you want to delete this lead routing rule?","Voulez-vous vraiment supprimer cette règle de routage de leads ?"
"Are you sure you want to reject this order?","Voulez-vous vraiment rejeter cette commande ?"
"Attributed Revenue","Revenu attribué"
"Audience & Targeting","Audience et ciblage"
"Audience Size As Of","Taille de l'audience au"
"Authentication","Authentification"
"Average projected CLV","CLV projetée moyenne"
"Back In Stock","De nouveau en stock"
"Back to Dashboard","Retour au tableau de bord"
"Body Text","Texte du corps"
"Browse Abandoned (viewed a product, no order since)","Navigation abandonnée (produit consulté, aucune commande depuis)"
"Browse and act on pending order approvals without the original decision email","Consulter et traiter les approbations de commande en attente sans l'e-mail de décision d'origine"
"Build Cart","Créer le panier"
"Build a campaign","Créer une campagne"
"Build a segment","Créer un segment"
"Build reorder cart","Créer le panier de réachat"
"Campaign ""%1"" was imported.","La campagne « %1 » a été importée."
"Campaign Action Timeline","Chronologie des actions de campagne"
"Campaign conversion rate (%1 sent, %2 converted)","Taux de conversion de la campagne (%1 envoyés, %2 convertis)"
"Campaign not found.","Campagne introuvable."
"Campaigns & Automation","Campagnes et automatisation"
"Cancel","Annuler"
"Cart built for this customer - review and place the order below.","Panier créé pour ce client - vérifiez et passez la commande ci-dessous."
"Changes","Modifications"
"Channel","Canal"
"Channels & Content","Canaux et contenu"
"Clicked","Cliqué"
"Combines this group's own conditions below with AND/OR, independently of the segment's top-level setting.","Combine les conditions propres à ce groupe ci-dessous avec ET/OU, indépendamment du paramètre de premier niveau du segment."
"Compare","Comparer"
"Compliance & Settings","Conformité et paramètres"
"Configure a messaging channel","Configurer un canal de messagerie"
"Connected. Response: ""%1""","Connecté. Réponse : « %1 »"
"Consent updated.","Consentement mis à jour."
"Consent — customer #%1 (%2)","Consentement — client n°%1 (%2)"
"Content Block","Bloc de contenu"
"Conversations","Conversations"
"Conversion Rate","Taux de conversion"
"Converted","Converti"
"Could not build the cart: %1","Impossible de créer le panier : %1"
"Could not delete the WhatsApp template: %1","Impossible de supprimer le modèle WhatsApp : %1"
"Could not delete the ad audience: %1","Impossible de supprimer l'audience publicitaire : %1"
"Could not delete the lead routing rule: %1","Impossible de supprimer la règle de routage de leads : %1"
"Could not refresh the template status: %1","Impossible d'actualiser le statut du modèle : %1"
"Could not restore template ""%1"": %2","Impossible de restaurer le modèle « %1 » : %2"
"Could not save the WhatsApp template: %1","Impossible d'enregistrer le modèle WhatsApp : %1"
"Could not save the ad audience: %1","Impossible d'enregistrer l'audience publicitaire : %1"
"Could not save the lead routing rule: %1","Impossible d'enregistrer la règle de routage de leads : %1"
"Could not send the reminder: %1","Impossible d'envoyer la relance : %1"
"Could not submit the template to Meta: %1","Impossible de soumettre le modèle à Meta : %1"
"Create","Créer"
"Cron Run Log","Journal d'exécution des tâches cron"
"Cron expression","Expression cron"
"Crons failed (last 24h)","Tâches cron échouées (dernières 24 h)"
"Customer","Client"
"Customer 360","Vue 360 client"
"Customer Email","E-mail du client"
"Customer email","E-mail du client"
"Customers currently matching this segment's saved conditions.","Clients correspondant actuellement aux conditions enregistrées de ce segment."
"Data subject actions","Actions liées à la personne concernée"
"Date/time (store timezone)","Date/heure (fuseau horaire du site)"
"Days since last order","Jours depuis la dernière commande"
"Decided","Décidé"
"Delete WhatsApp templates","Supprimer les modèles WhatsApp"
"Delete ad audiences","Supprimer les audiences publicitaires"
"Delete campaigns","Supprimer les campagnes"
"Delete content blocks","Supprimer les blocs de contenu"
"Delete free gift offers","Supprimer les offres de cadeau"
"Delete lead routing rules","Supprimer les règles de routage de leads"
"Delete message log entries","Supprimer les entrées du journal des messages"
"Delete price watch subscription(s)","Supprimer le(s) abonnement(s) de veille de prix"
"Delete push subscription(s)","Supprimer le(s) abonnement(s) push"
"Delete reorder cycles","Supprimer les cycles de réachat"
"Delete score rules","Supprimer les règles de scoring"
"Delete segments","Supprimer les segments"
"Delete the selected price watch subscription(s)? This cancels the watch - the customer or guest will need to register it again to be notified.","Supprimer le(s) abonnement(s) de veille de prix sélectionné(s) ? Cela annule la veille - le client ou l'invité devra se réinscrire pour être notifié."
"Delete the selected push subscription(s)? The device will need to re-subscribe to receive push notifications again.","Supprimer le(s) abonnement(s) push sélectionné(s) ? L'appareil devra se réabonner pour recevoir de nouveau des notifications push."
"Delivered","Livré"
"Diagnostics","Diagnostics"
"Disable","Désactiver"
"Done","Terminé"
"Drift ratio, at least (1.0 = exactly on schedule)","Ratio de dérive, au moins (1,0 = exactement dans les temps)"
"E.g. 80 = among the best 20% of customers on this metric.","Par ex. 80 = parmi les 20 % de clients les plus performants sur cette métrique."
"Each variant gets a relative weight (they don't need to sum to 100) and its own action chain. A customer is assigned to exactly one variant, deterministically, the first time they enter this split - repeat dispatches (and a delayed resume elsewhere in the chain) always land in the same variant. A variant's own actions can't have their own delay yet.","Chaque variante reçoit un poids relatif (leur somme n'a pas besoin de faire 100) et sa propre chaîne d'actions. Un client est affecté à exactement une seule variante, de façon déterministe, la première fois qu'il entre dans cette répartition - les envois répétés (et une reprise différée ailleurs dans la chaîne) atterrissent toujours dans la même variante. Les actions propres à une variante ne peuvent pas encore avoir leur propre délai."
"Edit Ad Audience ""%1""","Modifier l'audience publicitaire « %1 »"
"Edit Lead Routing Rule ""%1""","Modifier la règle de routage de leads « %1 »"
"Edit WhatsApp Template ""%1""","Modifier le modèle WhatsApp « %1 »"
"Email Template Versions","Versions du modèle d'e-mail"
"Email address, or +15551234567 for SMS/WhatsApp","Adresse e-mail, ou +15551234567 pour SMS/WhatsApp"
"Enable","Activer"
"Enable in Configuration","Activer dans la configuration"
"Endpoint","Point de terminaison"
"Entity","Entité"
"Entity ID","ID d'entité"
"Erase all data","Effacer toutes les données"
"Erased %1 Ordo Automation row(s) for customer #%2.","%1 ligne(s) Ordo Automation effacée(s) pour le client n°%2."
"Error","Erreur"
"Error Code","Code d'erreur"
"Estimated Audience Size","Taille estimée de l'audience"
"Event","Événement"
"Every browser/device Web Push subscription currently registered","Chaque abonnement Web Push navigateur/appareil actuellement enregistré"
"Every enabled campaign's ""Scheduled Date/Time"" or ""Recurring Schedule"" trigger, plotted on the day it will (or did) fire — event-based triggers (order placed, tag added, ...) have no fixed date and so don't appear here; see ""Campaign Action Timeline"" for those.","Le déclencheur « Date/heure planifiée » ou « Planification récurrente » de chaque campagne activée, positionné au jour où il se déclenchera (ou s'est déclenché) — les déclencheurs basés sur un événement (commande passée, tag ajouté, ...) n'ont pas de date fixe et n'apparaissent donc pas ici ; voir « Chronologie des actions de campagne » pour ceux-là."
"Every price-drop or back-in-stock watch a customer or guest has registered","Chaque veille de baisse de prix ou de retour en stock enregistrée par un client ou un invité"
"Every snapshot taken of a Magento email template, with a restore option","Chaque instantané pris d'un modèle d'e-mail Magento, avec option de restauration"
"Export","Exporter"
"Export all data (JSON)","Exporter toutes les données (JSON)"
"External Audience ID","ID d'audience externe"
"Failed","Échoué"
"Failure","Échec"
"Fallback text","Texte de repli"
"Feed","Flux"
"File","Fichier"
"Fills the template's {{1}}, {{2}}, ... placeholders in order, e.g. for a template body of ""Hi {{1}}, your order {{2}} shipped"": John,ORD-1234","Remplit dans l'ordre les paramètres {{1}}, {{2}}, ... du modèle, par ex. pour un corps de modèle « Bonjour {{1}}, votre commande {{2}} a été expédiée » : John,ORD-1234"
"Find a customer","Rechercher un client"
"Fit all nodes in view","Ajuster tous les nœuds à la vue"
"Follow Up on Tagged Customers","Relancer les clients tagués"
"Format: YYYY-MM-DD HH:MM:SS, e.g. 2026-11-28 09:00:00. Fires at most once, the next time Cron\DispatchScheduledCampaignTriggers scans (every 5 minutes) after this moment.","Format : AAAA-MM-JJ HH:MM:SS, par ex. 2026-11-28 09:00:00. Se déclenche au plus une fois, lors du prochain passage de Cron\DispatchScheduledCampaignTriggers (toutes les 5 minutes) après ce moment."
"Free Gift Offer","Offre de cadeau"
"Fri","Ven"
"From","De"
"Full Screen","Plein écran"
"Funnel","Entonnoir"
"GDPR / Consent","RGPD / Consentement"
"Go","Ok"
"Good news — the price dropped to %1.","Bonne nouvelle — le prix a baissé à %1."
"Good news — the product you were watching is back in stock.","Bonne nouvelle — le produit que vous surveilliez est de nouveau en stock."
"Google Ads","Google Ads"
"Google Ads: an existing user list resourceName (customers/{id}/userLists/{id}). Meta: leave blank to have a new Custom Audience created on first sync.","Google Ads : un resourceName de liste d'utilisateurs existante (customers/{id}/userLists/{id}). Meta : laissez vide pour qu'une nouvelle audience personnalisée soit créée lors de la première synchronisation."
"Google Merchant Center feed URL:","URL du flux Google Merchant Center :"
"Group (nested AND/OR)","Groupe (ET/OU imbriqué)"
"Group conditions","Conditions du groupe"
"Group matches","Correspondances du groupe"
"Guest Email","E-mail invité"
"How many recommended products to include","Nombre de produits recommandés à inclure"
"Import","Importer"
"Import %1","Importer %1"
"Import Campaign","Importer une campagne"
"Import Segment","Importer un segment"
"In both (intersection):","Dans les deux (intersection) :"
"Include an opt-out instruction (e.g. ""Reply STOP to unsubscribe"") in the first message to any recipient — required by Twilio's messaging policy and, in the US, the TCPA.","Incluez une instruction de désinscription (par ex. « Répondez STOP pour vous désabonner ») dans le premier message envoyé à tout destinataire — exigé par la politique de messagerie de Twilio et, aux États-Unis, par le TCPA."
"Internal engine views for verifying automation is working correctly - not needed for day-to-day use.","Vues internes du moteur permettant de vérifier que l'automatisation fonctionne correctement - non nécessaires pour un usage quotidien."
"Invalid consent update request.","Requête de mise à jour du consentement invalide."
"Invalid customer.","Client invalide."
"Language","Langue"
"Last Known Price","Dernier prix connu"
"Last Reminder Sent","Dernière relance envoyée"
"Last Seen","Dernière visite"
"Last Sync Message","Dernier message de synchronisation"
"Last Sync Status","Dernier statut de synchronisation"
"Last Synced At","Dernière synchronisation le"
"Lead Routing Rule Information","Informations sur la règle de routage de leads"
"Lead Routing Rules","Règles de routage de leads"
"Lead score","Score de lead"
"Leave blank to match any product.","Laissez vide pour correspondre à n'importe quel produit."
"Leave blank to match every customer (a catch-all/default pool rule)","Laissez vide pour correspondre à tous les clients (règle de pool par défaut/générale)"
"Level","Niveau"
"Lifetime spend","Dépense totale (lifetime)"
"Load a Template","Charger un modèle"
"Look up one customer by email to see everything this module already knows about them - segments, tags, RFM/CLV, lead score, NPS, loyalty tier, and order history - on one screen.","Recherchez un client par e-mail pour voir en un seul écran tout ce que ce module sait déjà de lui - segments, tags, RFM/CLV, score de lead, NPS, palier de fidélité et historique de commandes."
"Look up one customer by email to view or change their marketing consent, export their data, or permanently erase it — for handling a GDPR/data-protection rights request.","Recherchez un client par e-mail pour consulter ou modifier son consentement marketing, exporter ses données, ou les effacer définitivement — pour traiter une demande de droit RGPD/protection des données."
"Lowercase letters, digits, and underscores only - this is the exact name registered with Meta.","Lettres minuscules, chiffres et underscores uniquement - il s'agit du nom exact enregistré auprès de Meta."
"Loyalty tier","Palier de fidélité"
"Loyalty tiers","Paliers de fidélité"
"Manage and submit templates the send_whatsapp campaign action can use","Gérer et soumettre les modèles utilisables par l'action de campagne send_whatsapp"
"Marketing","Marketing"
"Match order — the first enabled rule that matches a customer wins","Ordre de correspondance — la première règle activée qui correspond à un client l'emporte"
"Matches a purchase from this category or any of its subcategories.","Correspond à un achat dans cette catégorie ou l'une de ses sous-catégories."
"Matching customers are assigned round-robin across this pool, in the order listed","Les clients correspondants sont répartis en tourniquet dans ce pool, dans l'ordre indiqué"
"Maximum days since last order","Nombre maximum de jours depuis la dernière commande"
"Message Log","Journal des messages"
"Meta","Meta"
"Meta Template ID","ID de modèle Meta"
"Meta Template Name","Nom du modèle Meta"
"Meta locale code, e.g. en_US, pl_PL.","Code de locale Meta, par ex. en_US, pl_PL."
"Minimum NPS score","Score NPS minimum"
"Minimum lifetime total","Total lifetime minimum"
"Minimum order count","Nombre de commandes minimum"
"Minimum tier","Palier minimum"
"Missing WhatsApp template id.","ID de modèle WhatsApp manquant."
"Missing ad audience id.","ID d'audience publicitaire manquant."
"Missing lead routing rule id.","ID de règle de routage de leads manquant."
"Missing or invalid API key.","Clé API manquante ou invalide."
"Missing reorder cycle id.","ID de cycle de réachat manquant."
"Mon","Lun"
"Month-grid view of when scheduled/recurring campaigns fire","Vue en grille mensuelle des déclenchements des campagnes planifiées/récurrentes"
"NPS score","Score NPS"
"Never ordered","N'a jamais commandé"
"Never surveyed","Jamais sondé"
"New Ad Audience","Nouvelle audience publicitaire"
"New Lead Routing Rule","Nouvelle règle de routage de leads"
"New WhatsApp Template","Nouveau modèle WhatsApp"
"New here? Finish setting up Ordo Automation.","Nouveau ici ? Terminez la configuration d'Ordo Automation."
"Next month →","Mois suivant →"
"No","Non"
"No - send immediately","Non - envoyer immédiatement"
"No customer found for that email.","Aucun client trouvé pour cet e-mail."
"No matching enabled segments.","Aucun segment activé correspondant."
"No response - check the Base URL/Model below, and that the Ollama instance is reachable from this server.","Aucune réponse - vérifiez l'URL de base/le modèle ci-dessous, et que l'instance Ollama est accessible depuis ce serveur."
"No sends recorded for this campaign yet.","Aucun envoi encore enregistré pour cette campagne."
"No tags.","Aucun tag."
"None of the requested SKUs could be quoted.","Aucun des SKU demandés n'a pu être coté."
"Not calculated yet","Pas encore calculé"
"Not set up yet — publish your catalog as a Google Merchant Center feed to unlock free Google Shopping listings.","Pas encore configuré — publiez votre catalogue en tant que flux Google Merchant Center pour débloquer des annonces gratuites sur Google Shopping."
"Not yet computed","Pas encore calculé"
"Note","Note"
"Notification body","Corps de la notification"
"Notification title","Titre de la notification"
"Notified","Notifié"
"Notified Admin","Admin notifié"
"Only APPROVED templates appear here — the WhatsApp Business Platform never allows a free-form message from a campaign send.","Seuls les modèles APPROUVÉS apparaissent ici — la plateforme WhatsApp Business n'autorise jamais un message en texte libre depuis un envoi de campagne."
"Only in Segment A:","Uniquement dans le segment A :"
"Only in Segment B:","Uniquement dans le segment B :"
"Open Setup Guide","Ouvrir le guide de configuration"
"Opened","Ouvert"
"Opened by push-sw.js's notificationclick handler when the browser notification is clicked - defaults to ""/"" if left blank.","Ouvert par le gestionnaire notificationclick de push-sw.js lorsque la notification du navigateur est cliquée - par défaut « / » si laissé vide."
"Opt in","Consentir"
"Opt out","Se désinscrire"
"Opted Out","Désinscrit"
"Opted in","A consenti"
"Opted out","S'est désinscrit"
"Order Approvals","Approbations de commande"
"Order ID","ID de commande"
"Order approvals stuck","Approbations de commande bloquées"
"Order count, at least","Nombre de commandes, au moins"
"Output variable name","Nom de la variable de sortie"
"Params (comma-separated)","Paramètres (séparés par des virgules)"
"Pending","En attente"
"Per-customer marketing consent, data export, and erasure","Consentement marketing, export et effacement des données par client"
"Percentile, at least (0-100)","Percentile, au moins (0-100)"
"Permanently erase all Ordo Automation data for this customer? This cannot be undone.","Effacer définitivement toutes les données Ordo Automation de ce client ? Cette action est irréversible."
"Phone","Téléphone"
"Pick two different segments.","Choisissez deux segments différents."
"Pick two segments to see how many customers currently match both — useful for avoiding message fatigue from campaigns that unknowingly target the same people.","Choisissez deux segments pour voir combien de clients correspondent actuellement aux deux — utile pour éviter la lassitude des messages due à des campagnes ciblant sans le savoir les mêmes personnes."
"Platform","Plateforme"
"Post-Purchase Thank You + Coupon","Remerciement post-achat + coupon"
"Price Drop","Baisse de prix"
"Price Watch Subscriptions","Abonnements de veille de prix"
"Product","Produit"
"Product Count","Nombre de produits"
"Product Feed Health","État du flux produits"
"Product ID","ID produit"
"Product Recommendations","Recommandations de produits"
"Product feed refresh failed: %1","Échec de l'actualisation du flux produits : %1"
"Product feeds refreshed for %1 store/format combination(s): %2 product(s) total.","Flux produits actualisés pour %1 combinaison(s) site/format : %2 produit(s) au total."
"Prompt","Invite"
"Provider Message ID","ID de message du fournisseur"
"Push Subscriptions","Abonnements push"
"Qualifies For","Éligible à"
"Qualifies for segments","Éligible aux segments"
"RFM / order history","RFM / historique de commandes"
"RFM score","Score RFM"
"Rate limit exceeded.","Limite de débit dépassée."
"Read-only: every admin save of a Campaign or Segment - who, when, and what changed","Lecture seule : chaque enregistrement admin d'une campagne ou d'un segment - qui, quand, et ce qui a changé"
"Read-only: every shopping feed generation attempt, per store - success/error, item count","Lecture seule : chaque tentative de génération de flux shopping, par site - succès/erreur, nombre d'éléments"
"Read-only: every summary/failure line every cron in this module has logged","Lecture seule : chaque ligne de résumé/échec enregistrée par chaque tâche cron de ce module"
"Read-only: inbound SMS/WhatsApp replies per customer, including STOP-keyword opt-outs","Lecture seule : réponses SMS/WhatsApp entrantes par client, y compris les désinscriptions par mot-clé STOP"
"Read-only: raw delivery status of every SMS/email a campaign action sent","Lecture seule : statut de livraison brut de chaque SMS/e-mail envoyé par une action de campagne"
"Read-only: what the reorder-detection engine currently believes about each customer/SKU","Lecture seule : ce que le moteur de détection de réachat pense actuellement de chaque client/SKU"
"Recalculate Now","Recalculer maintenant"
"Received At","Reçu le"
"Recency (days since last order, at most)","Récence (jours depuis la dernière commande, au plus)"
"Recurring Schedule","Planification récurrente"
"Redo","Rétablir"
"Reference dispatch context with {{placeholders}}, e.g. {{customer_first_name}}. Calls the self-hosted Ollama instance configured under Stores > Configuration > Ordo Automation > AI Content.","Référencez le contexte d'envoi avec des {{placeholders}}, par ex. {{customer_first_name}}. Appelle l'instance Ollama auto-hébergée configurée sous Stores > Configuration > Ordo Automation > Contenu IA."
"Referral Converted (referred customer placed their first order)","Parrainage converti (le client parrainé a passé sa première commande)"
"Refresh","Actualiser"
"Refresh Now","Actualiser maintenant"
"Refresh Status from Meta","Actualiser le statut depuis Meta"
"Refresh this template's status from Meta?","Actualiser le statut de ce modèle depuis Meta ?"
"Reject","Rejeter"
"Reject order","Rejeter la commande"
"Rejected","Rejeté"
"Rejection Reason","Motif de rejet"
"Reminders Sent","Rappels envoyés"
"Reorder Cycle Drift Ratio, At Least (1.0 = exactly on schedule)","Ratio de dérive du cycle de réachat, au minimum (1,0 = exactement dans les délais)"
"Reorder cycle recalculation failed: %1","Échec du recalcul du cycle de réachat : %1"
"Reorder cycles recalculated: %1 pair(s).","Cycles de réachat recalculés : %1 paire(s)."
"Reorder reminder sent to %1.","Rappel de réachat envoyé à %1."
"Reordered?","Réachat effectué ?"
"Reset Cached Score","Réinitialiser le score en cache"
"Reset cached RFM score","Réinitialiser le score RFM en cache"
"Reset the cached RFM score for %1 customer(s) — recomputed on the next scheduled run (or live in the meantime).","Réinitialiser le score RFM en cache pour %1 client(s) — il sera recalculé à la prochaine exécution planifiée (ou en direct entre-temps)."
"Reset the cached RFM score for the selected customer(s)? It will be recomputed on the next scheduled run (or live in the meantime).","Réinitialiser le score RFM en cache pour le(s) client(s) sélectionné(s) ? Il sera recalculé à la prochaine exécution planifiée (ou en direct entre-temps)."
"Restore","Restaurer"
"Restore template version(s)","Restaurer la ou les version(s) du modèle"
"Restore the selected version(s)? This overwrites each version's template with this snapshot's subject/content, and itself creates a new snapshot of the resulting state.","Restaurer la ou les version(s) sélectionnée(s) ? Cela remplace le modèle de chaque version par l'objet/contenu de cet instantané, et crée lui-même un nouvel instantané de l'état résultant."
"Restored %1 template version(s).","%1 version(s) de modèle restaurée(s)."
"Revenue","Chiffre d'affaires"
"Review Request Due (N days after a completed order)","Demande d'avis due (N jours après une commande terminée)"
"Round-robin sales rep assignment for qualifying leads","Attribution des commerciaux par rotation pour les prospects éligibles"
"SKU (optional)","SKU (facultatif)"
"SMS","SMS"
"SMS (Twilio) or WhatsApp (Meta) — a campaign's send_sms/send_whatsapp action silently fails at dispatch time until credentials are set here.","SMS (Twilio) ou WhatsApp (Meta) — l'action send_sms/send_whatsapp d'une campagne échoue silencieusement au moment de l'envoi tant que les identifiants ne sont pas renseignés ici."
"SMS message","Message SMS"
"Sales Rep Pool","Groupe de commerciaux"
"Sales Reps","Commerciaux"
"Sat","Sam"
"Save Ad Audience","Enregistrer l'audience publicitaire"
"Save Lead Routing Rule","Enregistrer la règle de routage des prospects"
"Save Template","Enregistrer le modèle"
"Scheduled Campaign Calendar","Calendrier des campagnes planifiées"
"Scheduled Date/Time","Date/heure planifiée"
"Score Rule","Règle de scoring"
"Search","Rechercher"
"Search blocks…","Rechercher des blocs…"
"Search palette blocks","Rechercher des blocs dans la palette"
"See how many customers match two segments at once","Voir combien de clients correspondent à deux segments à la fois"
"Segment","Segment"
"Segment ""%1"" was imported.","Le segment « %1 » a été importé."
"Segment A","Segment A"
"Segment A size:","Taille du segment A :"
"Segment B","Segment B"
"Segment B size:","Taille du segment B :"
"Segment ID","ID de segment"
"Segment Overlap","Chevauchement de segments"
"Segment matches","Correspondances de segment"
"Segment not found.","Segment introuvable."
"Segments, tags, RFM, lead score, NPS and loyalty tier for one customer","Segments, tags, RFM, score de prospect, NPS et palier de fidélité pour un client"
"Send Reminder Now","Envoyer le rappel maintenant"
"Send Test","Envoyer un test"
"Send a real test email/SMS/WhatsApp message to catch a typo before a customer does","Envoyer un vrai e-mail/SMS/message WhatsApp de test pour détecter une faute de frappe avant qu'un client ne le fasse"
"Send a real test message on any channel to catch a typo'd placeholder before a real customer does. Consent, quiet hours, and frequency caps are all skipped - this always attempts to send.","Envoyer un vrai message de test sur n'importe quel canal pour détecter une variable mal orthographiée avant qu'un vrai client ne le fasse. Le consentement, les plages horaires de silence et les plafonds de fréquence sont tous ignorés - un envoi est toujours tenté."
"Send a reorder reminder email to this customer now?","Envoyer maintenant un e-mail de rappel de réachat à ce client ?"
"Send at customer's optimal time","Envoyer au moment optimal pour le client"
"Send reorder reminder","Envoyer le rappel de réachat"
"Send to","Envoyer à"
"Sent At","Envoyé le"
"Setup Guide","Guide de configuration"
"Shopping feed","Flux de shopping"
"Snapshot Taken","Instantané pris"
"Standard 5-field cron, e.g. ""0 8 * * 1"" for every Monday at 08:00. Precision is bounded by the 5-minute scan interval — a minute field that isn't a multiple of 5 will never match.","Expression cron standard à 5 champs, par ex. « 0 8 * * 1 » pour tous les lundis à 08h00. La précision est limitée par l'intervalle d'analyse de 5 minutes — un champ « minute » qui n'est pas un multiple de 5 ne correspondra jamais."
"Start a new order for this customer with this product already added?","Démarrer une nouvelle commande pour ce client avec ce produit déjà ajouté ?"
"Start typing to search the catalog.","Commencez à taper pour rechercher dans le catalogue."
"Status refreshed from Meta: %1","Statut actualisé depuis Meta : %1"
"Step %1","Étape %1"
"Stop Keyword","Mot-clé d'arrêt"
"Store","Boutique"
"Subject","Objet"
"Submit for Review","Soumettre pour validation"
"Submit this template to Meta for approval?","Soumettre ce modèle à Meta pour approbation ?"
"Submitted At","Soumis le"
"Success","Succès"
"Summary","Résumé"
"Sun","Dim"
"Survey question","Question de sondage"
"Sync a segment as a Google Ads / Meta remarketing audience","Synchroniser un segment en tant qu'audience de remarketing Google Ads / Meta"
"Tags","Tags"
"Template ID","ID du modèle"
"Template Name","Nom du modèle"
"Template Test Send","Envoi de test du modèle"
"Template parameters (comma-separated, optional)","Paramètres du modèle (séparés par des virgules, facultatif)"
"Test Connection","Tester la connexion"
"That customer no longer exists.","Ce client n'existe plus."
"That reorder cycle no longer exists.","Ce cycle de réachat n'existe plus."
"The WhatsApp template has been deleted.","Le modèle WhatsApp a été supprimé."
"The WhatsApp template has been saved.","Le modèle WhatsApp a été enregistré."
"The ad audience has been deleted.","L'audience publicitaire a été supprimée."
"The ad audience has been saved.","L'audience publicitaire a été enregistrée."
"The lead routing rule has been deleted.","La règle de routage des prospects a été supprimée."
"The lead routing rule has been saved.","La règle de routage des prospects a été enregistrée."
"The real dependency order for a working campaign: configure a channel first, then build a segment, then a campaign that uses it. Each step below reflects whether it's actually been done, not just clicked through.","L'ordre de dépendance réel pour une campagne fonctionnelle : configurez d'abord un canal, puis créez un segment, puis une campagne qui l'utilise. Chaque étape ci-dessous reflète si elle a réellement été effectuée, pas simplement parcourue."
"The template has been submitted to Meta for approval.","Le modèle a été soumis à Meta pour approbation."
"The test failed.","Le test a échoué."
"This WhatsApp template no longer exists.","Ce modèle WhatsApp n'existe plus."
"This ad audience no longer exists.","Cette audience publicitaire n'existe plus."
"This customer has opted out of email - reminder not sent.","Ce client a refusé les e-mails - le rappel n'a pas été envoyé."
"This lead routing rule no longer exists.","Cette règle de routage des prospects n'existe plus."
"This order is no longer awaiting approval and cannot be acted on via this link.","Cette commande n'est plus en attente d'approbation et ne peut plus faire l'objet d'une action via ce lien."
"This template has already been submitted to Meta - nothing to do.","Ce modèle a déjà été soumis à Meta - rien à faire."
"This template has not been submitted to Meta yet - nothing to refresh.","Ce modèle n'a pas encore été soumis à Meta - rien à actualiser."
"Thu","Jeu"
"To","À"
"Too many attempts. Please wait a while and try again.","Trop de tentatives. Veuillez patienter un moment puis réessayer."
"Total orders","Total des commandes"
"Tue","Mar"
"URL to open on click (optional)","URL à ouvrir au clic (facultatif)"
"Undelivered","Non livré"
"Undo","Annuler"
"Up to 10 conditions per list (this one, or a single group's own nested list).","Jusqu'à 10 conditions par liste (celle-ci, ou la liste imbriquée propre à un groupe unique)."
"Upcoming","À venir"
"Update","Mettre à jour"
"Updated At","Mis à jour le"
"Use {{1}}, {{2}}, ... for placeholders filled positionally by the send_whatsapp campaign action's own ""params"" field at send time. Max 1024 characters, matching Meta's own WhatsApp template body limit.","Utilisez {{1}}, {{2}}, ... pour les variables remplies par position via le champ « params » de l'action de campagne send_whatsapp au moment de l'envoi. 1024 caractères maximum, conformément à la limite de Meta pour le corps des modèles WhatsApp."
"Used instead of a real Ollama response whenever AI content generation is disabled, unconfigured, or the local instance times out - the send is never blocked by this action.","Utilisé à la place d'une véritable réponse Ollama lorsque la génération de contenu par IA est désactivée, non configurée, ou que l'instance locale expire - l'envoi n'est jamais bloqué par cette action."
"Utility","Utilitaire"
"Variant","Variante"
"Variants","Variantes"
"View Scheduled Campaign Calendar →","Voir le calendrier des campagnes planifiées →"
"Visitor ID","ID du visiteur"
"Watch Type","Type de veille"
"Webhook Received (signed, from an external system)","Webhook reçu (signé, provenant d'un système externe)"
"Wed","Mer"
"Welcome New Customer","Bienvenue au nouveau client"
"WhatsApp","WhatsApp"
"WhatsApp Template","Modèle WhatsApp"
"WhatsApp Template Information","Informations sur le modèle WhatsApp"
"WhatsApp Templates","Modèles WhatsApp"
"WhatsApp template","Modèle WhatsApp"
"Within days","Dans un délai de (jours)"
"Yes","Oui"
"Yes - defer to this customer's own historically-best open/click hour (Model\Campaign\SendTimeOptimizer), when enough history exists","Oui - se référer à la meilleure heure d'ouverture/clic historique propre à ce client (Model\Campaign\SendTimeOptimizer), lorsque l'historique est suffisant"
"You have unsaved changes on this page — the count below still reflects this segment's last saved conditions, not what's currently on screen.","Vous avez des modifications non enregistrées sur cette page — le compte ci-dessous reflète toujours les dernières conditions enregistrées de ce segment, pas ce qui est actuellement à l'écran."
"ad audience","audience publicitaire"
"lead routing rule","règle de routage des prospects"
"← Back to Campaign Action Timeline","← Retour à la chronologie des actions de campagne"
"← Back to Dashboard","← Retour au tableau de bord"
"← Previous month","← Mois précédent"
"Referral Program","Programme de parrainage"
"Email Template Version History","Historique des versions de modèles d'e-mail"
"AI-Agent Commerce Readiness","Préparation commerciale pour agents IA"
"Description","Description"
"Contact Email","E-mail de contact"
"Requests Per Minute Per API Key","Requêtes par minute par clé API"
"Estimated Delivery Days","Délai de livraison estimé (jours)"
"Ordo Automation Customer 360","Ordo Automation Client 360"
"Ordo Automation Email Template Versioning","Ordo Automation Versions des modèles d'e-mail"
"Engagement & Retention","Engagement et Fidélisation"
"B2B & Sales Operations","B2B et Opérations Commerciales"
"Segmentation & Scoring","Segmentation et Scoring"
"Messaging Channels","Canaux de Messagerie"
"Tracking & AI Content","Suivi et Contenu IA"
"Feeds & Integrations","Flux et Intégrations"
