"""Discount Amount"" (Y) must not exceed ""Discount Qty Step"" (X), or no discount will apply.","「割引数量」（Y）は「割引数量ステップ」（X）を超えることはできません。超えると割引が適用されません。"
"+ New Campaign","+ 新規キャンペーン"
"+%1 min","+%1分"
"Abandoned Cart Recovery","カゴ落ち復旧"
"Action","アクション"
"Action timeline","アクションのタイムライン"
"Actions","アクション"
"Actions (run in order)","アクション（順番に実行）"
"Add Action","アクションを追加"
"Add Condition","条件を追加"
"Add New Campaign","新規キャンペーンを追加"
"Add New Content Block","新規コンテンツブロックを追加"
"Add New Free Gift Offer","新規ノベルティオファーを追加"
"Add New Score Rule","新規スコアルールを追加"
"Add New Segment","新規セグメントを追加"
"Add Points","ポイントを加算"
"Add SKU","SKUを追加"
"Add Tag","タグを追加"
"Add Tier","階層を追加"
"Add Trigger","トリガーを追加"
"Apply flow to form & Save","フローをフォームに反映して保存"
"Are you sure you want to delete this %1?","この%1を削除してもよろしいですか？"
"Are you sure you want to delete this campaign?","このキャンペーンを削除してもよろしいですか？"
"Are you sure you want to delete this content block?","このコンテンツブロックを削除してもよろしいですか？"
"Are you sure you want to delete this free gift offer?","このノベルティオファーを削除してもよろしいですか？"
"Are you sure you want to delete this score rule?","このスコアルールを削除してもよろしいですか？"
"Are you sure you want to delete this segment?","このセグメントを削除してもよろしいですか？"
"Assigned Sales Rep — Email","担当営業 — メールアドレス"
"Assigned Sales Rep — Name","担当営業 — 氏名"
"Assigned Sales Rep — Phone","担当営業 — 電話番号"
"Attribute","属性"
"Attribute Code","属性コード"
"Avg. Interval (days)","平均間隔（日）"
"B2C Lifecycle Emails (Welcome / Win-back)","B2Cライフサイクルメール（ウェルカム / 休眠復帰）"
"Back","戻る"
"Block Checkout When Over Credit Limit","与信限度額超過時にチェックアウトをブロック"
"Build and manage automation campaigns","自動化キャンペーンの作成と管理"
"Bulk actions on current members","現在のメンバーへの一括操作"
"Buy %1, get %2 free — customers pay for %1 out of every %3 (%4% off that batch).","%1個購入で%2個無料 — %3個ごとに%1個分のみお支払い（そのセットが%4%オフ）。"
"CTA button URL","CTAボタンのURL"
"CTA button label","CTAボタンのラベル"
"Call-to-action button URL","CTAボタンのURL"
"Call-to-action button label","CTAボタンのラベル"
"Campaign Information","キャンペーン情報"
"Campaign Calendar","キャンペーンカレンダー"
"Campaign","キャンペーン"
"Campaign action with id ""%1"" does not exist.","ID「%1」のキャンペーンアクションは存在しません。"
"Campaign condition with id ""%1"" does not exist.","ID「%1」のキャンペーン条件は存在しません。"
"Campaign trigger with id ""%1"" does not exist.","ID「%1」のキャンペーントリガーは存在しません。"
"Campaign with id ""%1"" does not exist.","ID「%1」のキャンペーンは存在しません。"
"Campaigns","キャンペーン"
"Campaigns by trigger","トリガー別キャンペーン"
"Can be negative (a penalty rule).","マイナス値も指定可能（減点ルール）。"
"Can be negative to subtract points when this rule matches","マイナス値を指定すると、このルールに一致した際にポイントを減算します"
"Cart Abandoned","カゴ落ち"
"Cart Price Rule","カート価格ルール"
"Cart Price Rule ID","カート価格ルールID"
"Cart price rule ID","カート価格ルールID"
"Cart with id ""%1"" does not exist.","ID「%1」のカートは存在しません。"
"Cascading tiers — every tier the cart subtotal reaches ADDS its gift slots, cumulative","累積階層 — カート小計が到達した各階層のノベルティ枠が累積して加算されます"
"Category","カテゴリー"
"Category ID","カテゴリーID"
"Cheapest item in qualifying set free (Ordo Automation)","対象セット内の最安商品が無料（Ordo Automation）"
"Condition","条件"
"Conditions","条件"
"Conditions (all must match — AND)","条件（すべて一致 — AND）"
"Conditions (all must pass — AND)","条件（すべて満たす — AND）"
"Configuration","設定"
"Contains","含む"
"Content Block Information","コンテンツブロック情報"
"Content Blocks","コンテンツブロック"
"Content block","コンテンツブロック"
"Content block not found.","コンテンツブロックが見つかりません。"
"Could not add gift ""%1"" to the cart: %2","ノベルティ「%1」をカートに追加できませんでした：%2"
"Could not delete the campaign action: %1","キャンペーンアクションを削除できませんでした：%1"
"Could not delete the campaign condition: %1","キャンペーン条件を削除できませんでした：%1"
"Could not delete the campaign trigger: %1","キャンペーントリガーを削除できませんでした：%1"
"Could not delete the campaign: %1","キャンペーンを削除できませんでした：%1"
"Could not delete the content block: %1","コンテンツブロックを削除できませんでした：%1"
"Could not delete the free gift offer: %1","ノベルティオファーを削除できませんでした：%1"
"Could not delete the free gift product: %1","ノベルティ商品を削除できませんでした：%1"
"Could not delete the free gift tier: %1","ノベルティ階層を削除できませんでした：%1"
"Could not delete the offer: %1","オファーを削除できませんでした：%1"
"Could not delete the score rule: %1","スコアルールを削除できませんでした：%1"
"Could not delete the segment: %1","セグメントを削除できませんでした：%1"
"Could not save the campaign action: %1","キャンペーンアクションを保存できませんでした：%1"
"Could not save the campaign condition: %1","キャンペーン条件を保存できませんでした：%1"
"Could not save the campaign trigger: %1","キャンペーントリガーを保存できませんでした：%1"
"Could not save the campaign: %1","キャンペーンを保存できませんでした：%1"
"Could not save the content block: %1","コンテンツブロックを保存できませんでした：%1"
"Could not save the free gift offer: %1","ノベルティオファーを保存できませんでした：%1"
"Could not save the free gift product: %1","ノベルティ商品を保存できませんでした：%1"
"Could not save the free gift tier: %1","ノベルティ階層を保存できませんでした：%1"
"Could not save the offer: %1","オファーを保存できませんでした：%1"
"Could not save the score rule: %1","スコアルールを保存できませんでした：%1"
"Could not save the segment: %1","セグメントを保存できませんでした：%1"
"Coupon code prefix","クーポンコードの接頭辞"
"Created","作成日"
"Credit Limit","与信限度額"
"Credit Limit Alert","与信限度額アラート"
"Customer ID","顧客ID"
"Customer Registered","顧客登録"
"Dashboard","ダッシュボード"
"Days Since Last Order","前回注文からの経過日数"
"Days added per self-extension","セルフ延長1回あたりの追加日数"
"Delay (minutes)","遅延（分）"
"Delete","削除"
"Delete %1 ""%2""","%1「%2」を削除"
"Delete raw events older than this many days","この日数より古い生イベントを削除"
"Demographic-attribute lead scoring rules","属性ベースのリードスコアリングルール"
"Diagnostic view of detected reorder patterns","検出されたリピート購入パターンの診断ビュー"
"Disabled","無効"
"Drag a block from the palette onto the canvas, then drag from the small dot on the right edge of one node to the dot on the left edge of the next to connect them. A campaign can start from more than one trigger — every one of them must lead all the way through to an Action before you can save. Then ""Apply flow to form & Save"" writes the graph into the form below and saves through the same action the Save button uses.","パレットからブロックをキャンバスにドラッグし、ノードの右端の小さな点から次のノードの左端の点へドラッグして接続します。キャンペーンは複数のトリガーから開始できますが、保存する前にすべてのトリガーが最終的にアクションまでつながっている必要があります。「フローをフォームに反映して保存」を押すと、この構成が下のフォームに書き込まれ、保存ボタンと同じ処理で保存されます。"
"Edit","編集"
"Edit Campaign ""%1""","キャンペーン「%1」を編集"
"Edit Content Block ""%1""","コンテンツブロック「%1」を編集"
"Edit Free Gift Offer ""%1""","ノベルティオファー「%1」を編集"
"Edit Score Rule ""%1""","スコアルール「%1」を編集"
"Edit Segment ""%1""","セグメント「%1」を編集"
"Email","メールアドレス"
"Email template identifier","メールテンプレート識別子"
"Enable on-site popups","サイト内ポップアップを有効化"
"Enabled","有効"
"Enter ""Discount Qty Step (Buy X)"" and ""Discount Amount"" (as Y, free qty) to see a preview.","「割引数量ステップ（X個購入）」と「割引数量」（無料になる数量Y）を入力するとプレビューが表示されます。"
"Equals","等しい"
"Escalate (resend) if not decided within this many days","この日数以内に判断されない場合はエスカレーション（再送）"
"Expires","有効期限"
"Every campaign's trigger(s) and its action chain's timing in one place — ""offset"" is the cumulative wait since the trigger fires, not just that step's own delay, since each action's delay_minutes counts from the PREVIOUS action, not from the start.","各キャンペーンのトリガーとアクションチェーンのタイミングを一か所で確認できます — 「オフセット」はトリガー発火からの累積待機時間であり、そのステップ単体の遅延ではありません。各アクションのdelay_minutesは開始時点からではなく、直前のアクションからの待機時間としてカウントされるためです。"
"Every campaign's trigger(s) and action timing in one place","各キャンペーンのトリガーとアクションのタイミングを一か所で確認"
"Extend by %1 day(s)","%1日延長"
"F Quintile","F五分位"
"Feed URL","フィードURL"
"Feed refreshed.","フィードを更新しました。"
"First Name","名"
"Flow","フロー"
"Free Gift Above Threshold","一定額以上でノベルティ"
"Free Gift Offer Information","ノベルティオファー情報"
"Free Gift Offers","ノベルティオファー"
"Free gift offer with id ""%1"" does not exist.","ID「%1」のノベルティオファーは存在しません。"
"Free gift offers","ノベルティオファー"
"Free gift product with id ""%1"" does not exist.","ID「%1」のノベルティ商品は存在しません。"
"Free gift tier with id ""%1"" does not exist.","ID「%1」のノベルティ階層は存在しません。"
"General","一般"
"Gift pool — SKUs a customer may pick from once eligible","ノベルティプール — 条件を満たした顧客が選択できるSKU"
"Gift slots this tier adds","この階層が追加するノベルティ枠数"
"HTML","HTML"
"HTML Snippet","HTMLスニペット"
"Hard-blocks order placement for a logged-in customer whose credit limit utilization has reached 100%. Disabled by default — separate opt-in from the warning email above.","与信限度額の利用率が100%に達したログイン中の顧客について、注文を完全にブロックします。デフォルトでは無効 — 上記の警告メールとは別に有効化する設定です。"
"How many feed items to include","含めるフィード件数"
"How many products to include","含める商品数"
"ID","ID"
"Identifier","識別子"
"Invalid bulk action type.","無効な一括操作タイプです。"
"Invalid offer.","無効なオファーです。"
"Invalid or already-used approval token.","承認トークンが無効か、すでに使用されています。"
"Invalid segment.","無効なセグメントです。"
"Item Count","件数"
"Last Name","姓"
"Last Order","前回の注文"
"Last Recalculated","最終再計算日時"
"Lead Scoring","リードスコアリング"
"Leave blank if you filled in Tag / Minimum order total / Minimum score above.","上記のタグ／最小注文合計額／最低スコアを入力済みの場合は空欄のままにしてください。"
"Leave blank if you filled in one of the dedicated fields above.","上記の専用フィールドのいずれかを入力済みの場合は空欄のままにしてください。"
"M Quintile","M五分位"
"Manage cascading-tier gift offers and their gift pools","累積階層型ノベルティオファーとそのノベルティプールを管理"
"Maximum reminders per cart","カートごとの最大リマインダー送信回数"
"Maximum times a customer can self-extend an offer","顧客がオファーをセルフ延長できる最大回数"
"Message","メッセージ"
"Minimum cart subtotal","最小カート小計"
"Minimum cart subtotal to trigger a reminder","リマインダーをトリガーする最小カート小計"
"Minimum days between repeated alerts for the same threshold","同一しきい値での再アラート送信間隔（最小日数）"
"Minimum order total","最小注文合計額"
"Minimum orders to detect a pattern","パターン検出に必要な最小注文数"
"Minimum score","最低スコア"
"Minimum time between two popups shown to the same visitor/customer. 0 disables the cap.","同一の訪問者／顧客に2回ポップアップを表示する間隔（最小時間）。0で上限を無効化します。"
"Missing campaign id.","キャンペーンIDが指定されていません。"
"Missing content block id.","コンテンツブロックIDが指定されていません。"
"Missing free gift offer id.","ノベルティオファーIDが指定されていません。"
"Missing score rule id.","スコアルールIDが指定されていません。"
"Missing segment id.","セグメントIDが指定されていません。"
"My Offers","マイオファー"
"Name","名前"
"New Campaign","新規キャンペーン"
"New Content Block","新規コンテンツブロック"
"New Free Gift Offer","新規ノベルティオファー"
"New Score Rule","新規スコアルール"
"New Segment","新規セグメント"
"Next Expected","次回予測日"
"No authenticated customer for this request.","このリクエストには認証済みの顧客がいません。"
"No actions configured","アクションが設定されていません"
"No campaigns yet — create one to get started.","キャンペーンがまだありません — 作成して始めましょう。"
"No customers currently match this segment.","現在このセグメントに一致する顧客はいません。"
"No free items — Y is 0. Set ""Discount Amount"" to how many should be free.","無料アイテムはありません — Yが0です。「割引数量」に無料にする数量を設定してください。"
"No trigger configured","トリガーが設定されていません"
"Not Equals","等しくない"
"Not eligible for extension","延長対象外です"
"Offer ""%1"" has been extended to %2.","オファー「%1」は%2まで延長されました。"
"Offer Expiry Reminder","オファー期限リマインダー"
"Offer with id ""%1"" does not exist.","ID「%1」のオファーは存在しません。"
"On-Site Behavior Tracking","サイト内行動トラッキング"
"Operator","演算子"
"Order Approval Admin Email","注文承認管理者メールアドレス"
"Order Approval Workflow","注文承認ワークフロー"
"Order Placed","注文完了"
"Order Spend Limit (requires approval above this amount)","注文金額上限（この金額を超えると承認が必要）"
"Order approval with id ""%1"" does not exist or is no longer pending.","ID「%1」の注文承認は存在しないか、すでに保留状態ではありません。"
"Order approval with id ""%1"" does not exist.","ID「%1」の注文承認は存在しません。"
"Orders","注文"
"Orders Considered","集計対象の注文"
"Ordo Automation","Ordo Automation"
"Ordo Automation Campaigns","Ordo Automation キャンペーン"
"Ordo Automation Content Blocks","Ordo Automation コンテンツブロック"
"Ordo Automation Free Gifts","Ordo Automation ノベルティ"
"Ordo Automation Score Rules","Ordo Automation スコアルール"
"Ordo Automation Section","Ordo Automation セクション"
"Ordo Automation Segments","Ordo Automation セグメント"
"Output variable name (optional)","出力変数名（任意）"
"Params (JSON)","パラメータ（JSON）"
"Params (JSON) — only needed for a condition type without a dedicated field above","パラメータ（JSON）— 上記に専用フィールドがない条件タイプの場合のみ必要"
"Params (JSON) — only needed for an action type without a dedicated field above","パラメータ（JSON）— 上記に専用フィールドがないアクションタイプの場合のみ必要"
"Please enter a tag.","タグを入力してください。"
"Please enter a valid number of points.","有効なポイント数を入力してください。"
"Points","ポイント"
"Points (used by ""Add Points"")","ポイント（「ポイントを加算」で使用）"
"Popup body","ポップアップ本文"
"Popup frequency cap (hours)","ポップアップ表示頻度の上限（時間）"
"Popup headline","ポップアップ見出し"
"Popup poll interval (seconds)","ポップアップのポーリング間隔（秒）"
"Preview","プレビュー"
"Product Feed","商品フィード"
"Products","商品"
"Queued ""%1"" for %2 matching customer(s).","一致する%2件の顧客に対して「%1」をキューに追加しました。"
"R Quintile","R五分位"
"RFM Report","RFMレポート"
"RFM Score","RFMスコア"
"RSS 2.0 feed URL, refetched every 30 minutes by cron (or on demand via ""Refresh Feed Now"")","RSS 2.0フィードのURL。cronにより30分ごとに再取得されます（または「フィードを今すぐ更新」で随時取得）"
"RSS Feed","RSSフィード"
"Raw HTML to embed for a ""snippet"" block.","「スニペット」ブロックに埋め込む生のHTML。"
"Recency, frequency and spend quintiles across all customers","全顧客を対象とした最終購入日・購入頻度・購入金額の五分位"
"Recovered revenue","復旧した売上"
"Reference","参照番号"
"Refresh Feed Now","フィードを今すぐ更新"
"Refresh failed: %1","更新に失敗しました：%1"
"Remove","削除"
"Reorder Cycles","リピート購入サイクル"
"Reorder Reminder","リピート購入リマインダー"
"Reorder cycle with id ""%1"" does not exist.","ID「%1」のリピート購入サイクルは存在しません。"
"Responded","反応あり"
"Response rate","反応率"
"Reusable HTML snippet, RSS, and product feed blocks for campaign emails","キャンペーンメールで再利用できるHTMLスニペット、RSS、商品フィードのコンテンツブロック"
"Run Bulk Action","一括操作を実行"
"Runs against everyone currently matching this segment's conditions. The action is queued and applied asynchronously.","現在このセグメントの条件に一致するすべての顧客に対して実行されます。処理はキューに追加され、非同期で適用されます。"
"SKU","SKU"
"SKU ""%1"" is not an eligible free gift for this cart.","SKU「%1」はこのカートのノベルティ対象ではありません。"
"Sales Rep Signature & Digest","営業担当署名・ダイジェスト"
"Save & Continue Edit","保存して編集を続ける"
"Save Campaign","キャンペーンを保存"
"Save Content Block","コンテンツブロックを保存"
"Save Offer","オファーを保存"
"Save Score Rule","スコアルールを保存"
"Save Segment","セグメントを保存"
"Saved, reusable customer conditions — reference from any campaign via the ""In Segment"" condition","保存済みで再利用可能な顧客条件 — 「セグメントに含まれる」条件から任意のキャンペーンで参照できます"
"Score Rule Information","スコアルール情報"
"Score Rules","スコアルール"
"Score Threshold","スコアしきい値"
"Score Threshold Crossed","スコアしきい値到達"
"Searchable — includes core customer fields and EAV custom attributes","検索可能 — コア顧客項目とEAVカスタム属性を含みます"
"Segment Information","セグメント情報"
"Segments","セグメント"
"Send reminder N days before the expected date","予測日のN日前にリマインダーを送信"
"Send reminder N days before the offer expires","オファー期限のN日前にリマインダーを送信"
"Send reminder N minutes after last cart activity","最終カート操作からN分後にリマインダーを送信"
"Send weekly digest to reps","営業担当へ週次ダイジェストを送信"
"Sent","送信済み"
"Sort Order","並び順"
"Source","ソース"
"Status","ステータス"
"Tag","タグ"
"Tag (used by ""Add Tag"")","タグ（「タグを追加」で使用）"
"Tag Added","タグ追加"
"Tag a customer ""inactive"" after this many days without an order","注文なしでこの日数が経過した顧客を「休眠」としてタグ付け"
"Tag a customer after this many clicks on the same tracked element","同一の追跡対象要素をこの回数クリックした顧客にタグ付け"
"Tag a customer after this many views of the same item","同一商品をこの回数閲覧した顧客にタグ付け"
"The campaign has been deleted.","キャンペーンを削除しました。"
"The campaign has been saved.","キャンペーンを保存しました。"
"The content block has been deleted.","コンテンツブロックを削除しました。"
"The content block has been saved.","コンテンツブロックを保存しました。"
"The free gift offer has been deleted.","ノベルティオファーを削除しました。"
"The free gift offer has been saved.","ノベルティオファーを保存しました。"
"The gift selection contains duplicate SKUs.","選択したノベルティに重複するSKUがあります。"
"The order for this approval could not be found.","この承認に対応する注文が見つかりませんでした。"
"The score rule has been deleted.","スコアルールを削除しました。"
"The score rule has been saved.","スコアルールを保存しました。"
"The segment has been deleted.","セグメントを削除しました。"
"The segment has been saved.","セグメントを保存しました。"
"This campaign no longer exists.","このキャンペーンはすでに存在しません。"
"This content block is not an RSS feed.","このコンテンツブロックはRSSフィードではありません。"
"This content block no longer exists.","このコンテンツブロックはすでに存在しません。"
"This free gift offer no longer exists.","このノベルティオファーはすでに存在しません。"
"This offer could not be found.","このオファーが見つかりませんでした。"
"This offer has already been extended the maximum of %1 time(s).","このオファーはすでに最大回数（%1回）延長済みです。"
"This score rule no longer exists.","このスコアルールはすでに存在しません。"
"This segment no longer exists.","このセグメントはすでに存在しません。"
"Tiers","階層"
"Total","合計"
"Total Spend","合計購入金額"
"Total campaigns","キャンペーン総数"
"Tracked reorder cycles","追跡中のリピート購入サイクル"
"Trigger","トリガー"
"Trigger Event","トリガーイベント"
"Trigger performance","トリガーのパフォーマンス"
"Triggers","トリガー"
"Trigger(s)","トリガー"
"Triggers, thresholds, tracking, and more","トリガー、しきい値、トラッキングなど"
"Triggers: %1","トリガー：%1"
"Type","タイプ"
"Unique machine identifier, referenced by a campaign's ""Add Dynamic Content"" action","キャンペーンの「動的コンテンツを追加」アクションから参照される一意の機械識別子"
"Updated","更新日"
"Value","値"
"Visitor Tag Added (anonymous)","匿名訪問者にタグを追加"
"Wait this long after the previous step (or the trigger, for the first action) before running this one. 0 runs immediately.","前のステップ（最初のアクションの場合はトリガー）からこの時間待ってから実行します。0を指定するとすぐに実行されます。"
"Warn at this % of credit limit used","与信限度額の使用率がこの%に達したら警告"
"You have no offers yet.","まだオファーがありません。"
"You may select at most %1 gift(s) with the current cart subtotal.","現在のカート小計では、最大%1個までノベルティを選択できます。"
"Your order could not be placed because your account has reached its credit limit. Please contact your sales representative.","お客様のアカウントが与信限度額に達しているため、注文を確定できませんでした。担当営業までご連絡ください。"
"campaign","キャンペーン"
"content block","コンテンツブロック"
"e.g. {""tag"":""vip""}, {""amount"":""100""}, {""threshold"":""50""}, {""days"":""30""}, {""count"":""3""}, {""segment_id"":""2""} — see the condition type's docblock in Model/Campaign/Condition/ for the exact keys it reads.","例：{""tag"":""vip""}、{""amount"":""100""}、{""threshold"":""50""}、{""days"":""30""}、{""count"":""3""}、{""segment_id"":""2""} — 読み込まれる正確なキーは Model/Campaign/Condition/ 内の該当する条件タイプのdocblockを参照してください。"
"free gift offer","ノベルティオファー"
"score rule","スコアルール"
"immediate","即時"
"segment","セグメント"
"Customer 360","カスタマー360"
"Customer email","顧客のメールアドレス"
"Find a customer","顧客を検索"
"Search","検索"
"← Back to Dashboard","← ダッシュボードに戻る"
"Lead score","リードスコア"
"Loyalty tier","ロイヤルティーレベル"
"NPS score","NPSスコア"
"Never surveyed","未アンケート"
"RFM / order history","RFM / 注文履歴"
"RFM score","RFMスコア"
"Not yet computed","未計算"
"Days since last order","最後の注文からの日数"
"Never ordered","注文なし"
"Total orders","総注文数"
"Lifetime spend","生涯売上"
"Tags","タグ"
"No tags.","タグなし。"
"Qualifies for segments","該当するセグメント"
"No matching enabled segments.","該当する有効なセグメントはありません。"
"No customer found for that email.","そのメールアドレスの顧客は見つかりませんでした。"
"Referral Program","紹介プログラム"
"Email Template Version History","メールテンプレートバージョン履歴"
"Email Template Versions","メールテンプレートバージョン"
"Could not restore template ""%1"": %2","テンプレート「%1」を復元できませんでした: %2"
"Restored %1 template version(s).","%1件のテンプレートバージョンを復元しました。"
"AI-Agent Commerce Readiness","AIエージェントコマース対応"
"Description","説明"
"Contact Email","連絡先メール"
"Requests Per Minute Per API Key","APIキーごとの毎分リクエスト数"
"Estimated Delivery Days","推定配送日数"
"AI-agent commerce endpoints are disabled.","AIエージェントエンドポイントは無効です。"
"Missing or invalid API key.","APIキーがないか無効です。"
"Rate limit exceeded.","レート制限を超えました。"
"None of the requested SKUs could be quoted.","要求されたSKUのいずれも見積もりできませんでした。"
"Ordo Automation Customer 360","Ordo Automation カスタマー360"
"Ordo Automation Email Template Versioning","Ordo Automation メールテンプレートバージョン"
"Level","レベル"
"Refresh","更新"
"Provider Message ID","プロバイダーメッセージID"
"Entity ID","エンティティID"
"Good news — the product you were watching is back in stock.","朗報です — ウォッチ中の商品が再入荷しました。"
"Template ID","テンプレートID"
"Submitted At","送信日時"
"Per-customer marketing consent, data export, and erasure","顧客ごとのマーケティング同意、データエクスポート、データ消去"
"Reorder cycle recalculation failed: %1","リピート購入サイクルの再計算に失敗しました：%1"
"Browse and act on pending order approvals without the original decision email","元の承認依頼メールがなくても、保留中の注文承認を確認・処理できます"
"Are you sure you want to delete this lead routing rule?","このリードルーティングルールを削除してもよろしいですか？"
"Channels & Content","チャネルとコンテンツ"
"Include an opt-out instruction (e.g. ""Reply STOP to unsubscribe"") in the first message to any recipient — required by Twilio's messaging policy and, in the US, the TCPA.","受信者への最初のメッセージにオプトアウト方法（例：「配信停止する場合はSTOPと返信」）を含めます — Twilioのメッセージポリシー、および米国ではTCPAにより必須です。"
"Order Approvals","注文承認"
"Clicked","クリック済み"
"Invalid consent update request.","無効な同意設定更新リクエストです。"
"Done","完了"
"Customer Email","顧客メールアドレス"
"Post-Purchase Thank You + Coupon","購入後のお礼メール＋クーポン"
"0 / %1 characters","0 / %1文字"
"Subject","件名"
"Sent At","送信日時"
"Missing reorder cycle id.","リピート購入サイクルIDが指定されていません。"
"Upcoming","今後の予定"
"Failure","失敗"
"Variant","バリアント"
"Referral Converted (referred customer placed their first order)","紹介成立（紹介された顧客が初回注文を完了）"
"Send a reorder reminder email to this customer now?","この顧客に今すぐリピート購入リマインダーメールを送信しますか？"
"Send reorder reminder","リピート購入リマインダーを送信"
"Erase all data","すべてのデータを消去"
"Attributed Revenue","帰属売上"
"All conditions (AND)","すべての条件（AND）"
"Data subject actions","データ主体に関する操作"
"External Audience ID","外部オーディエンスID"
"Could not build the cart: %1","カートを作成できませんでした：%1"
"That customer no longer exists.","その顧客はすでに存在しません。"
"Are you sure you want to delete the selected campaign(s)?","選択したキャンペーンを削除してもよろしいですか？"
"Campaign ""%1"" was imported.","キャンペーン「%1」をインポートしました。"
"Too many attempts. Please wait a while and try again.","試行回数が多すぎます。しばらく待ってから再度お試しください。"
"Opted in","オプトイン済み"
"Standard 5-field cron, e.g. ""0 8 * * 1"" for every Monday at 08:00. Precision is bounded by the 5-minute scan interval — a minute field that isn't a multiple of 5 will never match.","標準的な5フィールドのCron形式（例：毎週月曜08:00の場合「0 8 * * 1」）。精度は5分間隔のスキャンにより制限されます — 分のフィールドが5の倍数でない場合、決して一致しません。"
"Read-only: inbound SMS/WhatsApp replies per customer, including STOP-keyword opt-outs","読み取り専用：顧客ごとの受信SMS／WhatsApp返信（STOPキーワードによるオプトアウトを含む）"
"Reset the cached RFM score for the selected customer(s)? It will be recomputed on the next scheduled run (or live in the meantime).","選択した顧客のキャッシュ済みRFMスコアをリセットしますか？次回の定期実行時（またはそれまでの間はリアルタイム）で再計算されます。"
"Only APPROVED templates appear here — the WhatsApp Business Platform never allows a free-form message from a campaign send.","ここにはAPPROVED（承認済み）状態のテンプレートのみが表示されます — WhatsApp Business Platformでは、キャンペーン送信からの自由形式メッセージは一切許可されません。"
"Drift ratio, at least (1.0 = exactly on schedule)","ドリフト比率（最小値、1.0＝予定どおり）"
"Added to Cart","カートに追加"
"A total of %1 score rule(s) have been disabled.","合計%1件のスコアルールを無効化しました。"
"Browse Abandoned (viewed a product, no order since)","閲覧離脱（商品を閲覧したがその後注文なし）"
"Changes","変更"
"Last Synced At","最終同期日時"
"Save Lead Routing Rule","リードルーティングルールを保存"
"Language","言語"
"To","宛先"
"Export all data (JSON)","すべてのデータをエクスポート（JSON）"
"Fri","金"
"Shopping feed","ショッピングフィード"
"New WhatsApp Template","新規WhatsAppテンプレート"
"Leave blank to match every customer (a catch-all/default pool rule)","すべての顧客に一致させる場合は空欄のままにしてください（すべてを対象とするデフォルトのプールルール）"
"Error","エラー"
"Reordered?","リピート購入あり？"
"Welcome New Customer","新規顧客ウェルカム"
"ad audience","広告オーディエンス"
"Refresh Now","今すぐ更新"
"Import Campaign","キャンペーンをインポート"
"Build a segment","セグメントを作成する"
"Match order — the first enabled rule that matches a customer wins","マッチ順 — 顧客に一致する最初の有効なルールが適用されます"
"Webhook Received (signed, from an external system)","Webhook受信（外部システムからの署名付き）"
"Price Drop","値下げ"
"Maximum days since last order","前回注文からの最大経過日数"
"Lead Routing Rule Information","リードルーティングルール情報"
"Segment Overlap","セグメントの重複"
"Not calculated yet","まだ計算されていません"
"Send a real test message on any channel to catch a typo'd placeholder before a real customer does. Consent, quiet hours, and frequency caps are all skipped - this always attempts to send.","実際の顧客より先にプレースホルダーの誤字に気づくため、任意のチャネルで実際のテストメッセージを送信します。同意設定、サイレント時間帯、頻度上限はすべてスキップされます - 常に送信を試みます。"
"A total of %1 campaign(s) have been enabled.","合計%1件のキャンペーンを有効化しました。"
"Could not save the ad audience: %1","広告オーディエンスを保存できませんでした：%1"
"Event","イベント"
"Delete the selected price watch subscription(s)? This cancels the watch - the customer or guest will need to register it again to be notified.","選択した価格ウォッチ登録を削除しますか？ウォッチはキャンセルされます - 顧客またはゲストは通知を受け取るために再登録する必要があります。"
"lead routing rule","リードルーティングルール"
"Opted out","オプトアウト済み"
"Enable in Configuration","設定で有効化"
"Segments, tags, RFM, lead score, NPS and loyalty tier for one customer","1人の顧客のセグメント、タグ、RFM、リードスコア、NPS、ロイヤルティ階層"
"Meta Template ID","MetaテンプレートID"
"Order approvals stuck","滞留中の注文承認"
"Summary","サマリー"
"Opt in","オプトイン"
"SMS","SMS"
"Add New Lead Routing Rule","新規リードルーティングルールを追加"
"Customer","顧客"
"Import %1","%1をインポート"
"Every snapshot taken of a Magento email template, with a restore option","Magentoメールテンプレートの全スナップショット（復元オプション付き）"
"Open Setup Guide","セットアップガイドを開く"
"Conversations","会話履歴"
"Delete lead routing rules","リードルーティングルールを削除"
"Last Known Price","直近の既知価格"
"Notified Admin","管理者に通知済み"
"Ad Audience Information","広告オーディエンス情報"
"Add New Template","新規テンプレートを追加"
"Order count, at least","注文回数（最小）"
"Could not save the lead routing rule: %1","リードルーティングルールを保存できませんでした：%1"
"Are you sure you want to delete the selected lead routing rule(s)?","選択したリードルーティングルールを削除してもよろしいですか？"
"Entity","エンティティ"
"Edit Lead Routing Rule ""%1""","リードルーティングルール「%1」を編集"
"Segment ID","セグメントID"
"Refresh Status from Meta","Metaからステータスを更新"
"+%1 hours","+%1時間"
"A total of %1 push subscription(s) have been deleted.","合計%1件のプッシュ通知登録を削除しました。"
"No sends recorded for this campaign yet.","このキャンペーンの送信記録はまだありません。"
"Pick two different segments.","異なる2つのセグメントを選択してください。"
"SMS message","SMSメッセージ"
"The ad audience has been deleted.","広告オーディエンスを削除しました。"
"Segment A","セグメントA"
"Admin User","管理者ユーザー"
"Free Gift Offer","ノベルティオファー"
"Sun","日"
"Delete free gift offers","ノベルティオファーを削除"
"SKU (optional)","SKU（任意）"
"Group (nested AND/OR)","グループ（ネストされたAND/OR）"
"Params (comma-separated)","パラメータ（カンマ区切り）"
"Setup Guide","セットアップガイド"
"← Back to Campaign Action Timeline","← キャンペーンアクションのタイムラインに戻る"
"Every browser/device Web Push subscription currently registered","現在登録されているすべてのブラウザ／デバイスのWebプッシュ通知登録"
"Read-only: raw delivery status of every SMS/email a campaign action sent","読み取り専用：キャンペーンアクションが送信したすべてのSMS／メールの生の配信ステータス"
"Cart built for this customer - review and place the order below.","この顧客用のカートを作成しました - 内容を確認し、下記から注文を確定してください。"
"Stop Keyword","停止キーワード"
"A total of %1 free gift offer(s) have been enabled.","合計%1件のノベルティオファーを有効化しました。"
"Create","作成"
"Full Screen","全画面表示"
"Start a new order for this customer with this product already added?","この商品を追加済みの状態で、この顧客の新規注文を開始しますか？"
"Build Cart","カートを作成"
"Scheduled Campaign Calendar","予定キャンペーンカレンダー"
"The ad audience has been saved.","広告オーディエンスを保存しました。"
"Product","商品"
"Tue","火"
"Cron Run Log","Cron実行ログ"
"Not set up yet — publish your catalog as a Google Merchant Center feed to unlock free Google Shopping listings.","まだ設定されていません — カタログをGoogle Merchant Centerフィードとして公開すると、無料のGoogleショッピング掲載が利用できます。"
"Content Block","コンテンツブロック"
"Price Watch Subscriptions","価格ウォッチ登録"
"Mon","月"
"Segment not found.","セグメントが見つかりません。"
"Reset the cached RFM score for %1 customer(s) — recomputed on the next scheduled run (or live in the meantime).","%1件の顧客のキャッシュ済みRFMスコアをリセットします — 次回の定期実行時（またはそれまでの間はリアルタイム）で再計算されます。"
"Lead Routing Rules","リードルーティングルール"
"Send Reminder Now","今すぐリマインダーを送信"
"Crons failed (last 24h)","失敗したCron（過去24時間）"
"Read-only: every shopping feed generation attempt, per store - success/error, item count","読み取り専用：ストアごとのショッピングフィード生成の試行履歴 - 成功／エラー、件数"
"Refresh this template's status from Meta?","このテンプレートのステータスをMetaから更新しますか？"
"Undelivered","未配信"
"Decided","判断済み"
"A total of %1 content block(s) have been deleted.","合計%1件のコンテンツブロックを削除しました。"
"Are you sure you want to delete the selected WhatsApp template(s)?","選択したWhatsAppテンプレートを削除してもよろしいですか？"
"Product Feed Health","商品フィードの健全性"
"Delete content blocks","コンテンツブロックを削除"
"Score Rule","スコアルール"
"From","送信元"
"Notified","通知済み"
"Recalculate Now","今すぐ再計算"
"Review Request Due (N days after a completed order)","レビュー依頼期日（注文完了からN日後）"
"Compare","比較"
"Add New Ad Audience","新規広告オーディエンスを追加"
"Conversion Rate","コンバージョン率"
"Product ID","商品ID"
"Yes - defer to this customer's own historically-best open/click hour (Model\Campaign\SendTimeOptimizer), when enough history exists","はい - 十分な履歴がある場合、この顧客自身の過去最良の開封／クリック時間帯（Model\Campaign\SendTimeOptimizer）に合わせます"
"Approve","承認"
"Recency (days since last order, at most)","リーセンシー（前回注文からの経過日数、最大値）"
"Up to 10 conditions per list (this one, or a single group's own nested list).","1つのリストにつき最大10件の条件（このリスト、または単一グループ自身のネストされたリスト）。"
"Restore template version(s)","テンプレートのバージョンを復元"
"Google Merchant Center feed URL:","Google Merchant CenterフィードURL："
"Back In Stock","再入荷"
"View Scheduled Campaign Calendar →","予定キャンペーンカレンダーを表示 →"
"WhatsApp template","WhatsAppテンプレート"
"Notification body","通知本文"
"Submit for Review","審査に提出"
"Are you sure you want to delete the selected reorder cycle(s)?","選択したリピート購入サイクルを削除してもよろしいですか？"
"Endpoint","エンドポイント"
"(deleted campaign)","（削除済みキャンペーン）"
"WhatsApp","WhatsApp"
"Wed","水"
"Ad Audience","広告オーディエンス"
"A later ""Send Email"" action in this same chain can render the result with {{var <output variable name>|raw}}. Defaults to ""ai_content_html"" if left blank.","この同じチェーン内で後に続く「メールを送信」アクションは、{{var <出力変数名>|raw}}でこの結果を描画できます。空欄の場合は「ai_content_html」がデフォルトとして使用されます。"
"Email address, or +15551234567 for SMS/WhatsApp","メールアドレス、またはSMS/WhatsApp用に+15551234567のような形式"
"Send a real test email/SMS/WhatsApp message to catch a typo before a customer does","顧客より先に誤字に気づくため、実際のテストメール／SMS／WhatsAppメッセージを送信します"
"Edit WhatsApp Template ""%1""","WhatsAppテンプレート「%1」を編集"
"A total of %1 content block(s) have been disabled.","合計%1件のコンテンツブロックを無効化しました。"
"-- Select --","-- 選択 --"
"Delete price watch subscription(s)","価格ウォッチ登録を削除"
"Are you sure you want to delete the selected segment(s)?","選択したセグメントを削除してもよろしいですか？"
"Leave blank to match any product.","任意の商品に一致させる場合は空欄のままにしてください。"
"Sales Reps","営業担当"
"Segment","セグメント"
"You have unsaved changes on this page — the count below still reflects this segment's last saved conditions, not what's currently on screen.","このページには未保存の変更があります — 以下の件数は、現在画面に表示されている内容ではなく、このセグメントの最後に保存された条件を反映しています。"
"Update","更新"
"Meta Template Name","Metaテンプレート名"
"Used instead of a real Ollama response whenever AI content generation is disabled, unconfigured, or the local instance times out - the send is never blocked by this action.","AIコンテンツ生成が無効、未設定、またはローカルインスタンスがタイムアウトした場合に、実際のOllamaの応答の代わりに使用されます - このアクションによって送信がブロックされることはありません。"
"Message Log","メッセージログ"
"""All"" (AND) requires every condition below to match; ""Any"" (OR) requires only one.","「すべて」（AND）は以下のすべての条件が一致する必要があります。「いずれか」（OR）は1つ一致すれば十分です。"
"The lead routing rule has been deleted.","リードルーティングルールを削除しました。"
"File","ファイル"
"Admin Action Log","管理者操作ログ"
"Delete campaigns","キャンペーンを削除"
"See how many customers match two segments at once","2つのセグメントに同時に一致する顧客数を確認"
"Combines this group's own conditions below with AND/OR, independently of the segment's top-level setting.","セグメントの最上位設定とは独立して、このグループ自身の下記条件をAND/ORで結合します。"
"Ad Audiences","広告オーディエンス"
"Export","エクスポート"
"Could not delete the ad audience: %1","広告オーディエンスを削除できませんでした：%1"
"New Ad Audience","新規広告オーディエンス"
"Use {{1}}, {{2}}, ... for placeholders filled positionally by the send_whatsapp campaign action's own ""params"" field at send time. Max 1024 characters, matching Meta's own WhatsApp template body limit.","送信時にsend_whatsappキャンペーンアクション自身の「params」フィールドによって位置順に埋められるプレースホルダーとして、{{1}}、{{2}}...を使用します。最大1024文字で、MetaのWhatsAppテンプレート本文の文字数上限に合わせています。"
"Rejection Reason","却下理由"
"A total of %1 ad audience(s) have been disabled.","合計%1件の広告オーディエンスを無効化しました。"
"Recurring Schedule","繰り返しスケジュール"
"Failed","失敗"
"Next month →","翌月 →"
"Note","備考"
"Product Count","商品件数"
"Survey question","アンケート質問"
"New here? Finish setting up Ordo Automation.","初めてご利用の方は、Ordo Automationのセットアップを完了しましょう。"
"Segment ""%1"" was imported.","セグメント「%1」をインポートしました。"
"Could not submit the template to Meta: %1","テンプレートをMetaに送信できませんでした：%1"
"Output variable name","出力変数名"
"Platform","プラットフォーム"
"Any condition (OR)","いずれかの条件（OR）"
"Loyalty tiers","ロイヤルティ階層"
"Revenue","売上"
"Pick two segments to see how many customers currently match both — useful for avoiding message fatigue from campaigns that unknowingly target the same people.","2つのセグメントを選択すると、現在両方に一致する顧客数を確認できます — 気づかないうちに同じ顧客層をターゲットにしているキャンペーンによるメッセージ疲れを防ぐのに役立ちます。"
"Missing WhatsApp template id.","WhatsAppテンプレートIDが指定されていません。"
"Read-only: every summary/failure line every cron in this module has logged","読み取り専用：このモジュールの各Cronが記録したサマリー／失敗行"
"Customers currently matching this segment's saved conditions.","現在このセグメントの保存済み条件に一致している顧客。"
"Template parameters (comma-separated, optional)","テンプレートパラメータ（カンマ区切り、任意）"
"Product feed refresh failed: %1","商品フィードの更新に失敗しました：%1"
"Date/time (store timezone)","日時（ストアのタイムゾーン）"
"A total of %1 free gift offer(s) have been disabled.","合計%1件のノベルティオファーを無効化しました。"
"Fallback text","フォールバックテキスト"
"A total of %1 lead routing rule(s) have been disabled.","合計%1件のリードルーティングルールを無効化しました。"
"The WhatsApp template has been saved.","WhatsAppテンプレートを保存しました。"
"Restore the selected version(s)? This overwrites each version's template with this snapshot's subject/content, and itself creates a new snapshot of the resulting state.","選択したバージョンを復元しますか？各バージョンのテンプレートがこのスナップショットの件名／内容で上書きされ、その結果の状態自体が新しいスナップショットとして作成されます。"
"Fills the template's {{1}}, {{2}}, ... placeholders in order, e.g. for a template body of ""Hi {{1}}, your order {{2}} shipped"": John,ORD-1234","テンプレートの{{1}}、{{2}}...のプレースホルダーを順に埋めます。例えば「Hi {{1}}, your order {{2}} shipped」というテンプレート本文の場合：John,ORD-1234"
"Google Ads","Google広告"
"Search palette blocks","パレットブロックを検索"
"Campaigns & Automation","キャンペーンと自動化"
"Could not send the reminder: %1","リマインダーを送信できませんでした：%1"
"A total of %1 lead routing rule(s) have been deleted.","合計%1件のリードルーティングルールを削除しました。"
"Go","実行"
"Are you sure you want to delete the selected free gift offer(s)?","選択したノベルティオファーを削除してもよろしいですか？"
"A total of %1 segment(s) have been deleted.","合計%1件のセグメントを削除しました。"
"Template Test Send","テンプレートのテスト送信"
"The lead routing rule has been saved.","リードルーティングルールを保存しました。"
"Approved","承認済み"
"Converted","コンバージョン済み"
"Variants","バリアント"
"Segment B size:","セグメントBのサイズ："
"Look up one customer by email to view or change their marketing consent, export their data, or permanently erase it — for handling a GDPR/data-protection rights request.","メールアドレスで顧客を検索し、マーケティング同意設定の確認・変更、データのエクスポート、または完全な消去を行えます — GDPR／データ保護に関する権利要求への対応に使用します。"
"A total of %1 segment(s) have been disabled.","合計%1件のセグメントを無効化しました。"
"SMS (Twilio) or WhatsApp (Meta) — a campaign's send_sms/send_whatsapp action silently fails at dispatch time until credentials are set here.","SMS（Twilio）またはWhatsApp（Meta） — ここに認証情報を設定するまで、キャンペーンのsend_sms／send_whatsappアクションはディスパッチ時に何も表示されずに失敗します。"
"Read-only: every admin save of a Campaign or Segment - who, when, and what changed","読み取り専用：キャンペーンまたはセグメントの管理者による保存履歴 - 誰が、いつ、何を変更したか"
"Audience & Targeting","オーディエンスとターゲティング"
"Delete score rules","スコアルールを削除"
"Are you sure you want to delete the selected message log entry(s)?","選択したメッセージログエントリを削除してもよろしいですか？"
"Every price-drop or back-in-stock watch a customer or guest has registered","顧客またはゲストが登録したすべての値下げ／再入荷ウォッチ"
"+1 hour","+1時間"
"Submit this template to Meta for approval?","このテンプレートを承認のためMetaに送信しますか？"
"Meta","Meta"
"Enable","有効化"
"Import","インポート"
"Cron expression","Cron式"
"Only in Segment B:","セグメントBのみに含まれる："
"Last Sync Status","最終同期ステータス"
"Delivered","配信済み"
"Are you sure you want to delete the selected ad audience(s)?","選択した広告オーディエンスを削除してもよろしいですか？"
"Every enabled campaign's ""Scheduled Date/Time"" or ""Recurring Schedule"" trigger, plotted on the day it will (or did) fire — event-based triggers (order placed, tag added, ...) have no fixed date and so don't appear here; see ""Campaign Action Timeline"" for those.","有効なすべてのキャンペーンの「予定日時」または「繰り返しスケジュール」トリガーを、発火する（または発火した）日にプロットして表示します — イベントベースのトリガー（注文完了、タグ追加など）には固定の日付がないため、ここには表示されません。それらについては「キャンペーンアクションのタイムライン」を参照してください。"
"Channel","チャネル"
"Are you sure you want to delete this ad audience?","この広告オーディエンスを削除してもよろしいですか？"
"Yes","はい"
"Success","成功"
"Could not refresh the template status: %1","テンプレートのステータスを更新できませんでした：%1"
"A total of %1 segment(s) have been enabled.","合計%1件のセグメントを有効化しました。"
"Reorder reminder sent to %1.","%1にリピート購入リマインダーを送信しました。"
"Each variant gets a relative weight (they don't need to sum to 100) and its own action chain. A customer is assigned to exactly one variant, deterministically, the first time they enter this split - repeat dispatches (and a delayed resume elsewhere in the chain) always land in the same variant. A variant's own actions can't have their own delay yet.","各バリアントには相対的なウェイト（合計が100である必要はありません）と独自のアクションチェーンがあります。顧客はこの分岐に最初に到達した時点で、決定的に1つのバリアントに割り当てられます - 繰り返しのディスパッチ（およびチェーン内の他の場所での遅延再開）は常に同じバリアントに割り当てられます。バリアント自身のアクションはまだ独自の遅延を持てません。"
"E.g. 80 = among the best 20% of customers on this metric.","例：80＝この指標で上位20%に入る顧客"
"Invalid customer.","無効な顧客です。"
"Add Rep","担当者を追加"
"Campaign Action Timeline","キャンペーンアクションのタイムライン"
"Consent — customer #%1 (%2)","同意設定 — 顧客 #%1（%2）"
"Minimum NPS score","最低NPSスコア"
"A saved, reusable set of customer conditions — reference it from any campaign via the ""In Segment"" condition instead of repeating the same conditions everywhere.","保存済みで再利用可能な顧客条件のセットです — 同じ条件をあちこちで繰り返す代わりに、「セグメントに含まれる」条件から任意のキャンペーンで参照できます。"
"Are you sure you want to delete the selected score rule(s)?","選択したスコアルールを削除してもよろしいですか？"
"GDPR / Consent","GDPR／同意"
"Status refreshed from Meta: %1","Metaからステータスを更新しました：%1"
"Within days","日数以内"
"Only in Segment A:","セグメントAのみに含まれる："
"Reorder cycles recalculated: %1 pair(s).","リピート購入サイクルを再計算しました：%1組。"
"Reset Cached Score","キャッシュ済みスコアをリセット"
"Sat","土"
"A quick checklist for the real dependency order: configure a channel, build a segment, then a campaign that uses it.","実際の依存関係の順序を確認するためのチェックリスト：チャネルを設定し、セグメントを作成し、それを使用するキャンペーンを作成します。"
"No","いいえ"
"No - send immediately","いいえ - 即時送信"
"Restore","復元"
"Template Name","テンプレート名"
"WhatsApp Templates","WhatsAppテンプレート"
"Snapshot Taken","スナップショット取得日時"
"Edit Ad Audience ""%1""","広告オーディエンス「%1」を編集"
"This customer has opted out of email - reminder not sent.","この顧客はメールをオプトアウトしています - リマインダーは送信されませんでした。"
"Send to","送信先"
"A total of %1 lead routing rule(s) have been enabled.","合計%1件のリードルーティングルールを有効化しました。"
"Admin-facing only - not sent to Meta.","管理画面表示専用 - Metaには送信されません。"
"Search blocks…","ブロックを検索…"
"Reject","却下"
"Prompt","プロンプト"
"Rejected","却下済み"
"Start typing to search the catalog.","入力を開始するとカタログを検索します。"
"A total of %1 reorder cycle(s) have been deleted.","合計%1件のリピート購入サイクルを削除しました。"
"Reject order","注文を却下"
"Scheduled Date/Time","予定日時"
"Campaign conversion rate (%1 sent, %2 converted)","キャンペーンのコンバージョン率（送信%1件、コンバージョン%2件）"
"Connected. Response: ""%1""","接続しました。レスポンス：「%1」"
"Visitor ID","訪問者ID"
"Percentile, at least (0-100)","パーセンタイル（最小値、0〜100）"
"Read-only: what the reorder-detection engine currently believes about each customer/SKU","読み取り専用：リピート購入検出エンジンが顧客／SKUごとに現在保持している推定情報"
"Product Recommendations","おすすめ商品"
"Step %1","ステップ%1"
"The test failed.","テストは失敗しました。"
"Build reorder cart","リピート購入カートを作成"
"%1 — customer #%2 (%3)","%1 — 顧客 #%2（%3）"
"Back to Dashboard","ダッシュボードに戻る"
"Segment B","セグメントB"
"The real dependency order for a working campaign: configure a channel first, then build a segment, then a campaign that uses it. Each step below reflects whether it's actually been done, not just clicked through.","動作するキャンペーンの実際の依存関係の順序：まずチャネルを設定し、次にセグメントを作成し、最後にそれを使用するキャンペーンを作成します。以下の各ステップは、単にクリックしただけではなく、実際に完了したかどうかを反映しています。"
"Permanently erase all Ordo Automation data for this customer? This cannot be undone.","この顧客のOrdo Automationデータをすべて完全に消去しますか？この操作は元に戻せません。"
"A total of %1 score rule(s) have been deleted.","合計%1件のスコアルールを削除しました。"
"No response - check the Base URL/Model below, and that the Ollama instance is reachable from this server.","応答がありません - 下記のベースURL／モデルを確認し、Ollamaインスタンスがこのサーバーから到達可能であることを確認してください。"
"This template has already been submitted to Meta - nothing to do.","このテンプレートはすでにMetaに送信済みです - 対応の必要はありません。"
"Missing ad audience id.","広告オーディエンスIDが指定されていません。"
"A trigger, plus whatever conditions/actions should run when it fires — the Flow canvas is the fastest way to build one.","トリガーと、それが発火した際に実行する条件・アクションの組み合わせです — フローキャンバスを使うのが最も手早い作成方法です。"
"Phone","電話番号"
"A total of %1 campaign(s) have been deleted.","合計%1件のキャンペーンを削除しました。"
"A single 0-10 question, e.g. ""How likely are you to recommend us to a friend?""","0〜10で回答する単一の質問です（例：「友人に当店を勧める可能性はどのくらいありますか？」）"
"Body Text","本文テキスト"
"Compliance & Settings","コンプライアンスと設定"
"Guest Email","ゲストメールアドレス"
"This lead routing rule no longer exists.","このリードルーティングルールはすでに存在しません。"
"Delete message log entries","メッセージログエントリを削除"
"A total of %1 content block(s) have been enabled.","合計%1件のコンテンツブロックを有効化しました。"
"Authentication","認証"
"Product feeds refreshed for %1 store/format combination(s): %2 product(s) total.","%1件のストア／フォーマットの組み合わせで商品フィードを更新しました：合計%2件の商品。"
"Group conditions","グループ条件"
"Round-robin sales rep assignment for qualifying leads","対象リードへの営業担当のラウンドロビン割り当て"
"Last Seen","最終アクセス日"
"Delete push subscription(s)","プッシュ通知登録を削除"
"Look up one customer by email to see everything this module already knows about them - segments, tags, RFM/CLV, lead score, NPS, loyalty tier, and order history - on one screen.","メールアドレスで顧客を検索し、このモジュールが把握しているその顧客に関するすべての情報 - セグメント、タグ、RFM/CLV、リードスコア、NPS、ロイヤルティ階層、注文履歴 - を1画面で確認できます。"
"Send at customer's optimal time","顧客の最適な時間帯に送信"
"A total of %1 ad audience(s) have been enabled.","合計%1件の広告オーディエンスを有効化しました。"
"Configure a messaging channel","メッセージングチャネルを設定する"
"A total of %1 message log entry(s) have been deleted.","合計%1件のメッセージログエントリを削除しました。"
"Opted Out","オプトアウト済み"
"Matching customers are assigned round-robin across this pool, in the order listed","一致した顧客は、記載順にこのプール内でラウンドロビン方式で割り当てられます"
"WhatsApp Template Information","WhatsAppテンプレート情報"
"Delete WhatsApp templates","WhatsAppテンプレートを削除"
"+1 day","+1日"
"Could not delete the WhatsApp template: %1","WhatsAppテンプレートを削除できませんでした：%1"
"Minimum order count","最小注文回数"
"Good news — the price dropped to %1.","朗報です — 価格が%1に値下がりしました。"
"Marketing","マーケティング"
"New Lead Routing Rule","新規リードルーティングルール"
"+%1 days","+%1日"
"Follow Up on Tagged Customers","タグ付き顧客へのフォローアップ"
"Updated At","更新日時"
"Diagnostics","診断"
"Test Connection","接続テスト"
"Push Subscriptions","プッシュ通知登録"
"Delete the selected push subscription(s)? The device will need to re-subscribe to receive push notifications again.","選択したプッシュ通知登録を削除しますか？デバイスはプッシュ通知を再度受け取るために再登録する必要があります。"
"Already fired","発火済み"
"Import Segment","セグメントをインポート"
"Opened","開封済み"
"Qualifies For","対象条件"
"Opened by push-sw.js's notificationclick handler when the browser notification is clicked - defaults to ""/"" if left blank.","ブラウザ通知がクリックされた際にpush-sw.jsのnotificationclickハンドラーによって開かれます - 空欄の場合は「/」がデフォルトになります。"
"That reorder cycle no longer exists.","そのリピート購入サイクルはすでに存在しません。"
"A total of %1 score rule(s) have been enabled.","合計%1件のスコアルールを有効化しました。"
"Redo","やり直す"
"Received At","受信日時"
"Delete ad audiences","広告オーディエンスを削除"
"Opt out","オプトアウト"
"Load a Template","テンプレートを読み込む"
"A total of %1 price watch subscription(s) have been deleted.","合計%1件の価格ウォッチ登録を削除しました。"
"Meta locale code, e.g. en_US, pl_PL.","Metaのロケールコード（例：en_US、pl_PL）。"
"Notification title","通知タイトル"
"Send Test","テスト送信"
"Delete reorder cycles","リピート購入サイクルを削除"
"Build a campaign","キャンペーンを作成する"
"The WhatsApp template has been deleted.","WhatsAppテンプレートを削除しました。"
"Are you sure you want to reject this order?","この注文を却下してもよろしいですか？"
"Minimum tier","最低階層"
"Erased %1 Ordo Automation row(s) for customer #%2.","顧客#%2のOrdo Automationデータを%1件消去しました。"
"A total of %1 ad audience(s) have been deleted.","合計%1件の広告オーディエンスを削除しました。"
"This WhatsApp template no longer exists.","このWhatsAppテンプレートはすでに存在しません。"
"Disable","無効化"
"Average projected CLV","平均予測CLV"
"How many recommended products to include","含めるおすすめ商品の件数"
"Minimum lifetime total","最小累計購入金額"
"Sales Rep Pool","営業担当プール"
"Last Reminder Sent","最終リマインダー送信日"
"Reset cached RFM score","キャッシュ済みRFMスコアをリセット"
"Are you sure you want to delete this WhatsApp template?","このWhatsAppテンプレートを削除してもよろしいですか？"
"Audience Size As Of","オーディエンスサイズ計測日"
"Campaign not found.","キャンペーンが見つかりません。"
"Error Code","エラーコード"
"Save Ad Audience","広告オーディエンスを保存"
"Reference dispatch context with {{placeholders}}, e.g. {{customer_first_name}}. Calls the self-hosted Ollama instance configured under Stores > Configuration > Ordo Automation > AI Content.","{{placeholders}}（例：{{customer_first_name}}）でディスパッチコンテキストを参照します。Stores > Configuration > Ordo Automation > AI Contentで設定されたセルフホストOllamaインスタンスを呼び出します。"
"Missing lead routing rule id.","リードルーティングルールIDが指定されていません。"
"WhatsApp Template","WhatsAppテンプレート"
"Segment matches","セグメント一致数"
"Pending","保留中"
"Delete segments","セグメントを削除"
"Estimated Audience Size","推定オーディエンスサイズ"
"Group matches","グループ一致数"
"Order ID","注文ID"
"Reminders Sent","送信済みリマインダー数"
"Could not delete the lead routing rule: %1","リードルーティングルールを削除できませんでした：%1"
"Lowercase letters, digits, and underscores only - this is the exact name registered with Meta.","小文字・数字・アンダースコアのみ使用可能 - Metaに登録される名称そのものです。"
"Sync a segment as a Google Ads / Meta remarketing audience","セグメントをGoogle広告／Metaのリマーケティングオーディエンスとして同期"
"Format: YYYY-MM-DD HH:MM:SS, e.g. 2026-11-28 09:00:00. Fires at most once, the next time Cron\DispatchScheduledCampaignTriggers scans (every 5 minutes) after this moment.","形式：YYYY-MM-DD HH:MM:SS（例：2026-11-28 09:00:00）。この時刻以降、Cron\DispatchScheduledCampaignTriggersが次にスキャンした時点（5分ごと）で最大1回だけ発火します。"
"Consent updated.","同意設定を更新しました。"
"Feed","フィード"
"This template has not been submitted to Meta yet - nothing to refresh.","このテンプレートはまだMetaに送信されていません - 更新の必要はありません。"
"Could not save the WhatsApp template: %1","WhatsAppテンプレートを保存できませんでした：%1"
"Watch Type","ウォッチタイプ"
"Cancel","キャンセル"
"Reorder Cycle Drift Ratio, At Least (1.0 = exactly on schedule)","リピート購入サイクルのドリフト比率（最小値、1.0＝予定どおり）"
"(no split)","（分岐なし）"
"Funnel","ファネル"
"A total of %1 campaign(s) have been disabled.","合計%1件のキャンペーンを無効化しました。"
"Month-grid view of when scheduled/recurring campaigns fire","予定・繰り返しキャンペーンの発火日を月次グリッドで表示"
"The template has been submitted to Meta for approval.","テンプレートを承認のためMetaに送信しました。"
"Added to Wishlist","ウィッシュリストに追加"
"Segment A size:","セグメントAのサイズ："
"← Previous month","← 前月"
"Are you sure you want to delete the selected content block(s)?","選択したコンテンツブロックを削除してもよろしいですか？"
"This order is no longer awaiting approval and cannot be acted on via this link.","この注文はすでに承認待ちではないため、このリンクから操作することはできません。"
"A total of %1 WhatsApp template(s) have been deleted.","合計%1件のWhatsAppテンプレートを削除しました。"
"In both (intersection):","両方に含まれる（積集合）："
"Thu","木"
"Internal engine views for verifying automation is working correctly - not needed for day-to-day use.","自動化が正しく動作しているか確認するための内部エンジンビューです - 日常的な運用では不要です。"
"Google Ads: an existing user list resourceName (customers/{id}/userLists/{id}). Meta: leave blank to have a new Custom Audience created on first sync.","Google広告：既存のユーザーリストのresourceName（customers/{id}/userLists/{id}）。Meta：空欄にすると初回同期時に新しいカスタムオーディエンスが作成されます。"
"This ad audience no longer exists.","この広告オーディエンスはすでに存在しません。"
"Fit all nodes in view","すべてのノードを画面に収める"
"Store","ストア"
"Undo","元に戻す"
"Save Template","テンプレートを保存"
"Utility","ユーティリティ"
"Manage and submit templates the send_whatsapp campaign action can use","send_whatsappキャンペーンアクションで使用できるテンプレートを管理・送信"
"Matches a purchase from this category or any of its subcategories.","このカテゴリーまたはそのサブカテゴリーからの購入に一致します。"
"Last Sync Message","最終同期メッセージ"
"A total of %1 free gift offer(s) have been deleted.","合計%1件のノベルティオファーを削除しました。"
"URL to open on click (optional)","クリック時に開くURL（任意）"
