"""Discount Amount"" (Y) must not exceed ""Discount Qty Step"" (X), or no discount will apply.","""Kortingsbedrag"" (Y) mag niet hoger zijn dan ""Kortingsaantal-stap"" (X), anders wordt geen korting toegepast."
"+ New Campaign","+ Nieuwe campagne"
"+%1 min","+%1 min"
"Abandoned Cart Recovery","Herstel van verlaten winkelwagens"
"Action","Actie"
"Action timeline","Actietijdlijn"
"Actions","Acties"
"Actions (run in order)","Acties (worden op volgorde uitgevoerd)"
"Add Action","Actie toevoegen"
"Add Condition","Voorwaarde toevoegen"
"Add New Campaign","Nieuwe campagne toevoegen"
"Add New Content Block","Nieuw contentblok toevoegen"
"Add New Free Gift Offer","Nieuw cadeau-aanbod toevoegen"
"Add New Score Rule","Nieuwe scoreregel toevoegen"
"Add New Segment","Nieuw segment toevoegen"
"Add Points","Punten toevoegen"
"Add SKU","SKU toevoegen"
"Add Tag","Tag toevoegen"
"Add Tier","Niveau toevoegen"
"Add Trigger","Trigger toevoegen"
"Apply flow to form & Save","Flow toepassen op formulier & opslaan"
"Are you sure you want to delete this %1?","Weet u zeker dat u dit wilt verwijderen: %1?"
"Are you sure you want to delete this campaign?","Weet u zeker dat u deze campagne wilt verwijderen?"
"Are you sure you want to delete this content block?","Weet u zeker dat u dit contentblok wilt verwijderen?"
"Are you sure you want to delete this free gift offer?","Weet u zeker dat u dit cadeau-aanbod wilt verwijderen?"
"Are you sure you want to delete this score rule?","Weet u zeker dat u deze scoreregel wilt verwijderen?"
"Are you sure you want to delete this segment?","Weet u zeker dat u dit segment wilt verwijderen?"
"Assigned Sales Rep — Email","Toegewezen accountmanager — e-mail"
"Assigned Sales Rep — Name","Toegewezen accountmanager — naam"
"Assigned Sales Rep — Phone","Toegewezen accountmanager — telefoon"
"Attribute","Attribuut"
"Attribute Code","Attribuutcode"
"Avg. Interval (days)","Gem. interval (dagen)"
"B2C Lifecycle Emails (Welcome / Win-back)","B2C-lifecycle-e-mails (welkom / reactivatie)"
"Back","Terug"
"Block Checkout When Over Credit Limit","Afrekenen blokkeren bij overschrijding kredietlimiet"
"Build and manage automation campaigns","Automatiseringscampagnes bouwen en beheren"
"Bulk actions on current members","Bulkacties op huidige leden"
"Buy %1, get %2 free — customers pay for %1 out of every %3 (%4% off that batch).","Koop %1, krijg %2 gratis — klanten betalen voor %1 per %3 (%4% korting op die set)."
"CTA button URL","URL van CTA-knop"
"CTA button label","Label van CTA-knop"
"Call-to-action button URL","URL van call-to-action-knop"
"Call-to-action button label","Label van call-to-action-knop"
"Campaign Information","Campagne-informatie"
"Campaign Calendar","Campagnekalender"
"Campaign","Campagne"
"Campaign action with id ""%1"" does not exist.","Campagneactie met id ""%1"" bestaat niet."
"Campaign condition with id ""%1"" does not exist.","Campagnevoorwaarde met id ""%1"" bestaat niet."
"Campaign trigger with id ""%1"" does not exist.","Campagnetrigger met id ""%1"" bestaat niet."
"Campaign with id ""%1"" does not exist.","Campagne met id ""%1"" bestaat niet."
"Campaigns","Campagnes"
"Campaigns by trigger","Campagnes per trigger"
"Can be negative (a penalty rule).","Kan negatief zijn (een strafregel)."
"Can be negative to subtract points when this rule matches","Kan negatief zijn om punten af te trekken wanneer deze regel van toepassing is"
"Cart Abandoned","Winkelwagen verlaten"
"Cart Price Rule","Winkelwagen-prijsregel"
"Cart Price Rule ID","ID van winkelwagen-prijsregel"
"Cart price rule ID","ID van winkelwagen-prijsregel"
"Cart with id ""%1"" does not exist.","Winkelwagen met id ""%1"" bestaat niet."
"Cascading tiers — every tier the cart subtotal reaches ADDS its gift slots, cumulative","Cumulatieve niveaus — elk niveau dat het subtotaal van de winkelwagen bereikt, TELT zijn cadeauplekken erbij op"
"Category","Categorie"
"Category ID","Categorie-ID"
"Cheapest item in qualifying set free (Ordo Automation)","Goedkoopste artikel in de kwalificerende set gratis (Ordo Automation)"
"Condition","Voorwaarde"
"Conditions","Voorwaarden"
"Conditions (all must match — AND)","Voorwaarden (alle moeten overeenkomen — EN)"
"Conditions (all must pass — AND)","Voorwaarden (alle moeten voldoen — EN)"
"Configuration","Configuratie"
"Contains","Bevat"
"Content Block Information","Informatie over contentblok"
"Content Blocks","Contentblokken"
"Content block","Contentblok"
"Content block not found.","Contentblok niet gevonden."
"Could not add gift ""%1"" to the cart: %2","Cadeau ""%1"" kon niet aan de winkelwagen worden toegevoegd: %2"
"Could not delete the campaign action: %1","Campagneactie kon niet worden verwijderd: %1"
"Could not delete the campaign condition: %1","Campagnevoorwaarde kon niet worden verwijderd: %1"
"Could not delete the campaign trigger: %1","Campagnetrigger kon niet worden verwijderd: %1"
"Could not delete the campaign: %1","Campagne kon niet worden verwijderd: %1"
"Could not delete the content block: %1","Contentblok kon niet worden verwijderd: %1"
"Could not delete the free gift offer: %1","Cadeau-aanbod kon niet worden verwijderd: %1"
"Could not delete the free gift product: %1","Cadeauproduct kon niet worden verwijderd: %1"
"Could not delete the free gift tier: %1","Cadeauniveau kon niet worden verwijderd: %1"
"Could not delete the offer: %1","Aanbod kon niet worden verwijderd: %1"
"Could not delete the score rule: %1","Scoreregel kon niet worden verwijderd: %1"
"Could not delete the segment: %1","Segment kon niet worden verwijderd: %1"
"Could not save the campaign action: %1","Campagneactie kon niet worden opgeslagen: %1"
"Could not save the campaign condition: %1","Campagnevoorwaarde kon niet worden opgeslagen: %1"
"Could not save the campaign trigger: %1","Campagnetrigger kon niet worden opgeslagen: %1"
"Could not save the campaign: %1","Campagne kon niet worden opgeslagen: %1"
"Could not save the content block: %1","Contentblok kon niet worden opgeslagen: %1"
"Could not save the free gift offer: %1","Cadeau-aanbod kon niet worden opgeslagen: %1"
"Could not save the free gift product: %1","Cadeauproduct kon niet worden opgeslagen: %1"
"Could not save the free gift tier: %1","Cadeauniveau kon niet worden opgeslagen: %1"
"Could not save the offer: %1","Aanbod kon niet worden opgeslagen: %1"
"Could not save the score rule: %1","Scoreregel kon niet worden opgeslagen: %1"
"Could not save the segment: %1","Segment kon niet worden opgeslagen: %1"
"Coupon code prefix","Voorvoegsel kortingscode"
"Created","Aangemaakt"
"Credit Limit","Kredietlimiet"
"Credit Limit Alert","Kredietlimietmelding"
"Customer ID","Klant-ID"
"Customer Registered","Klant geregistreerd"
"Dashboard","Dashboard"
"Days Since Last Order","Dagen sinds laatste bestelling"
"Days added per self-extension","Dagen toegevoegd per zelf-verlenging"
"Delay (minutes)","Vertraging (minuten)"
"Delete","Verwijderen"
"Delete %1 ""%2""","%1 ""%2"" verwijderen"
"Delete raw events older than this many days","Ruwe gebeurtenissen ouder dan zoveel dagen verwijderen"
"Demographic-attribute lead scoring rules","Leadscoreregels op basis van demografische kenmerken"
"Diagnostic view of detected reorder patterns","Diagnostisch overzicht van gedetecteerde herbestelpatronen"
"Disabled","Uitgeschakeld"
"Drag a block from the palette onto the canvas, then drag from the small dot on the right edge of one node to the dot on the left edge of the next to connect them. A campaign can start from more than one trigger — every one of them must lead all the way through to an Action before you can save. Then ""Apply flow to form & Save"" writes the graph into the form below and saves through the same action the Save button uses.","Sleep een blok vanuit het palet naar het canvas en verbind knooppunten door van de kleine stip aan de rechterkant van een knooppunt naar de stip aan de linkerkant van het volgende te slepen. Een campagne kan met meer dan één trigger beginnen — elke trigger moet uiteindelijk naar een Actie leiden voordat u kunt opslaan. ""Flow toepassen op formulier & opslaan"" schrijft de grafiek vervolgens naar het formulier hieronder en slaat op via dezelfde actie als de knop Opslaan."
"Edit","Bewerken"
"Edit Campaign ""%1""","Campagne ""%1"" bewerken"
"Edit Content Block ""%1""","Contentblok ""%1"" bewerken"
"Edit Free Gift Offer ""%1""","Cadeau-aanbod ""%1"" bewerken"
"Edit Score Rule ""%1""","Scoreregel ""%1"" bewerken"
"Edit Segment ""%1""","Segment ""%1"" bewerken"
"Email","E-mail"
"Email template identifier","Identificatie van e-mailsjabloon"
"Enable on-site popups","Pop-ups op de site inschakelen"
"Enabled","Ingeschakeld"
"Enter ""Discount Qty Step (Buy X)"" and ""Discount Amount"" (as Y, free qty) to see a preview.","Vul ""Kortingsaantal-stap (Koop X)"" en ""Kortingsbedrag"" (als Y, gratis aantal) in om een voorbeeld te zien."
"Equals","Is gelijk aan"
"Escalate (resend) if not decided within this many days","Escaleren (opnieuw versturen) als er binnen zoveel dagen geen beslissing is genomen"
"Expires","Verloopt"
"Every campaign's trigger(s) and its action chain's timing in one place — ""offset"" is the cumulative wait since the trigger fires, not just that step's own delay, since each action's delay_minutes counts from the PREVIOUS action, not from the start.","De trigger(s) en de timing van de actieketen van elke campagne op één plek — de ""offset"" is de cumulatieve wachttijd sinds de trigger afgaat, niet alleen de vertraging van die stap, omdat de delay_minutes van elke actie wordt geteld vanaf de VORIGE actie, niet vanaf het begin."
"Every campaign's trigger(s) and action timing in one place","De trigger(s) en actietiming van elke campagne op één plek"
"Extend by %1 day(s)","Verlengen met %1 dag(en)"
"F Quintile","F-kwintiel"
"Feed URL","Feed-URL"
"Feed refreshed.","Feed vernieuwd."
"First Name","Voornaam"
"Flow","Flow"
"Free Gift Above Threshold","Cadeau vanaf drempel"
"Free Gift Offer Information","Informatie over cadeau-aanbod"
"Free Gift Offers","Cadeau-aanbiedingen"
"Free gift offer with id ""%1"" does not exist.","Cadeau-aanbod met id ""%1"" bestaat niet."
"Free gift offers","Cadeau-aanbiedingen"
"Free gift product with id ""%1"" does not exist.","Cadeauproduct met id ""%1"" bestaat niet."
"Free gift tier with id ""%1"" does not exist.","Cadeauniveau met id ""%1"" bestaat niet."
"General","Algemeen"
"Gift pool — SKUs a customer may pick from once eligible","Cadeaupool — SKU's waaruit een klant kan kiezen zodra deze in aanmerking komt"
"Gift slots this tier adds","Cadeauplekken die dit niveau toevoegt"
"HTML","HTML"
"HTML Snippet","HTML-snippet"
"Hard-blocks order placement for a logged-in customer whose credit limit utilization has reached 100%. Disabled by default — separate opt-in from the warning email above.","Blokkeert het plaatsen van bestellingen volledig voor een ingelogde klant wiens kredietlimietgebruik 100% heeft bereikt. Standaard uitgeschakeld — apart in te schakelen van de bovenstaande waarschuwings-e-mail."
"How many feed items to include","Hoeveel feed-items opnemen"
"How many products to include","Hoeveel producten opnemen"
"ID","ID"
"Identifier","Identificatie"
"Invalid bulk action type.","Ongeldig type bulkactie."
"Invalid offer.","Ongeldig aanbod."
"Invalid or already-used approval token.","Ongeldig of al gebruikt goedkeuringstoken."
"Invalid segment.","Ongeldig segment."
"Item Count","Aantal items"
"Last Name","Achternaam"
"Last Order","Laatste bestelling"
"Last Recalculated","Laatst herberekend"
"Lead Scoring","Leadscoring"
"Leave blank if you filled in Tag / Minimum order total / Minimum score above.","Laat leeg als u hierboven Tag / Minimaal bestelbedrag / Minimale score heeft ingevuld."
"Leave blank if you filled in one of the dedicated fields above.","Laat leeg als u een van de bovenstaande specifieke velden heeft ingevuld."
"M Quintile","M-kwintiel"
"Manage cascading-tier gift offers and their gift pools","Beheer cadeau-aanbiedingen met cumulatieve niveaus en hun cadeaupools"
"Maximum reminders per cart","Maximaal aantal herinneringen per winkelwagen"
"Maximum times a customer can self-extend an offer","Maximaal aantal keren dat een klant een aanbod zelf kan verlengen"
"Message","Bericht"
"Minimum cart subtotal","Minimaal subtotaal winkelwagen"
"Minimum cart subtotal to trigger a reminder","Minimaal subtotaal winkelwagen om een herinnering te activeren"
"Minimum days between repeated alerts for the same threshold","Minimaal aantal dagen tussen herhaalde meldingen voor dezelfde drempel"
"Minimum order total","Minimaal bestelbedrag"
"Minimum orders to detect a pattern","Minimaal aantal bestellingen om een patroon te herkennen"
"Minimum score","Minimale score"
"Minimum time between two popups shown to the same visitor/customer. 0 disables the cap.","Minimale tijd tussen twee pop-ups die aan dezelfde bezoeker/klant worden getoond. 0 schakelt de limiet uit."
"Missing campaign id.","Campagne-ID ontbreekt."
"Missing content block id.","Contentblok-ID ontbreekt."
"Missing free gift offer id.","ID van cadeau-aanbod ontbreekt."
"Missing score rule id.","Scoreregel-ID ontbreekt."
"Missing segment id.","Segment-ID ontbreekt."
"My Offers","Mijn aanbiedingen"
"Name","Naam"
"New Campaign","Nieuwe campagne"
"New Content Block","Nieuw contentblok"
"New Free Gift Offer","Nieuw cadeau-aanbod"
"New Score Rule","Nieuwe scoreregel"
"New Segment","Nieuw segment"
"Next Expected","Volgende verwacht"
"No authenticated customer for this request.","Geen geauthenticeerde klant voor dit verzoek."
"No actions configured","Geen acties geconfigureerd"
"No campaigns yet — create one to get started.","Nog geen campagnes — maak er een om te beginnen."
"No customers currently match this segment.","Op dit moment voldoen geen klanten aan dit segment."
"No free items — Y is 0. Set ""Discount Amount"" to how many should be free.","Geen gratis items — Y is 0. Stel ""Kortingsbedrag"" in op het aantal dat gratis moet zijn."
"No trigger configured","Geen trigger geconfigureerd"
"Not Equals","Is niet gelijk aan"
"Not eligible for extension","Komt niet in aanmerking voor verlenging"
"Offer ""%1"" has been extended to %2.","Aanbod ""%1"" is verlengd tot %2."
"Offer Expiry Reminder","Herinnering aan verlopen aanbod"
"Offer with id ""%1"" does not exist.","Aanbod met id ""%1"" bestaat niet."
"On-Site Behavior Tracking","Gedragstracking op de site"
"Operator","Operator"
"Order Approval Admin Email","Beheerder-e-mail voor bestelgoedkeuring"
"Order Approval Workflow","Workflow voor bestelgoedkeuring"
"Order Placed","Bestelling geplaatst"
"Order Spend Limit (requires approval above this amount)","Bestedingslimiet per bestelling (goedkeuring vereist boven dit bedrag)"
"Order approval with id ""%1"" does not exist or is no longer pending.","Bestelgoedkeuring met id ""%1"" bestaat niet meer of staat niet meer open."
"Order approval with id ""%1"" does not exist.","Bestelgoedkeuring met id ""%1"" bestaat niet."
"Orders","Bestellingen"
"Orders Considered","Meegetelde bestellingen"
"Ordo Automation","Ordo Automation"
"Ordo Automation Campaigns","Ordo Automation – Campagnes"
"Ordo Automation Content Blocks","Ordo Automation – Contentblokken"
"Ordo Automation Free Gifts","Ordo Automation – Cadeaus"
"Ordo Automation Score Rules","Ordo Automation – Scoreregels"
"Ordo Automation Section","Ordo Automation – Sectie"
"Ordo Automation Segments","Ordo Automation – Segmenten"
"Output variable name (optional)","Naam uitvoervariabele (optioneel)"
"Params (JSON)","Parameters (JSON)"
"Params (JSON) — only needed for a condition type without a dedicated field above","Parameters (JSON) — alleen nodig voor een voorwaardetype zonder specifiek veld hierboven"
"Params (JSON) — only needed for an action type without a dedicated field above","Parameters (JSON) — alleen nodig voor een actietype zonder specifiek veld hierboven"
"Please enter a tag.","Voer een tag in."
"Please enter a valid number of points.","Voer een geldig aantal punten in."
"Points","Punten"
"Points (used by ""Add Points"")","Punten (gebruikt door ""Punten toevoegen"")"
"Popup body","Pop-uptekst"
"Popup frequency cap (hours)","Frequentielimiet pop-ups (uren)"
"Popup headline","Pop-upkop"
"Popup poll interval (seconds)","Poll-interval pop-ups (seconden)"
"Preview","Voorbeeld"
"Product Feed","Productfeed"
"Products","Producten"
"Queued ""%1"" for %2 matching customer(s).","""%1"" in wachtrij gezet voor %2 overeenkomende klant(en)."
"R Quintile","R-kwintiel"
"RFM Report","RFM-rapport"
"RFM Score","RFM-score"
"RSS 2.0 feed URL, refetched every 30 minutes by cron (or on demand via ""Refresh Feed Now"")","RSS 2.0-feed-URL, elke 30 minuten opnieuw opgehaald door cron (of op aanvraag via ""Feed nu vernieuwen"")"
"RSS Feed","RSS-feed"
"Raw HTML to embed for a ""snippet"" block.","Ruwe HTML om in te sluiten voor een ""snippet""-blok."
"Recency, frequency and spend quintiles across all customers","Kwintielen van recentheid, frequentie en besteding voor alle klanten"
"Recovered revenue","Herwonnen omzet"
"Reference","Referentie"
"Refresh Feed Now","Feed nu vernieuwen"
"Refresh failed: %1","Vernieuwen mislukt: %1"
"Remove","Verwijderen"
"Reorder Cycles","Herbestelcycli"
"Reorder Reminder","Herbestelherinnering"
"Reorder cycle with id ""%1"" does not exist.","Herbestelcyclus met id ""%1"" bestaat niet."
"Responded","Gereageerd"
"Response rate","Reactiepercentage"
"Reusable HTML snippet, RSS, and product feed blocks for campaign emails","Herbruikbare HTML-snippet-, RSS- en productfeedblokken voor campagne-e-mails"
"Run Bulk Action","Bulkactie uitvoeren"
"Runs against everyone currently matching this segment's conditions. The action is queued and applied asynchronously.","Wordt uitgevoerd voor iedereen die momenteel voldoet aan de voorwaarden van dit segment. De actie wordt in de wachtrij geplaatst en asynchroon toegepast."
"SKU","SKU"
"SKU ""%1"" is not an eligible free gift for this cart.","SKU ""%1"" komt niet in aanmerking als cadeau voor deze winkelwagen."
"Sales Rep Signature & Digest","Handtekening en samenvatting accountmanager"
"Save & Continue Edit","Opslaan & bewerken voortzetten"
"Save Campaign","Campagne opslaan"
"Save Content Block","Contentblok opslaan"
"Save Offer","Aanbod opslaan"
"Save Score Rule","Scoreregel opslaan"
"Save Segment","Segment opslaan"
"Saved, reusable customer conditions — reference from any campaign via the ""In Segment"" condition","Opgeslagen, herbruikbare klantvoorwaarden — te gebruiken vanuit elke campagne via de voorwaarde ""In segment"""
"Score Rule Information","Informatie over scoreregel"
"Score Rules","Scoreregels"
"Score Threshold","Scoredrempel"
"Score Threshold Crossed","Scoredrempel overschreden"
"Searchable — includes core customer fields and EAV custom attributes","Doorzoekbaar — omvat basisklantvelden en aangepaste EAV-attributen"
"Segment Information","Segmentinformatie"
"Segments","Segmenten"
"Send reminder N days before the expected date","Verstuur herinnering N dagen vóór de verwachte datum"
"Send reminder N days before the offer expires","Verstuur herinnering N dagen voordat het aanbod verloopt"
"Send reminder N minutes after last cart activity","Verstuur herinnering N minuten na laatste winkelwagenactiviteit"
"Send weekly digest to reps","Wekelijkse samenvatting naar accountmanagers versturen"
"Sent","Verzonden"
"Sort Order","Sorteervolgorde"
"Source","Bron"
"Status","Status"
"Tag","Tag"
"Tag (used by ""Add Tag"")","Tag (gebruikt door ""Tag toevoegen"")"
"Tag Added","Tag toegevoegd"
"Tag a customer ""inactive"" after this many days without an order","Markeer een klant als ""inactief"" na zoveel dagen zonder bestelling"
"Tag a customer after this many clicks on the same tracked element","Markeer een klant na zoveel klikken op hetzelfde gevolgde element"
"Tag a customer after this many views of the same item","Markeer een klant na zoveel weergaven van hetzelfde item"
"The campaign has been deleted.","De campagne is verwijderd."
"The campaign has been saved.","De campagne is opgeslagen."
"The content block has been deleted.","Het contentblok is verwijderd."
"The content block has been saved.","Het contentblok is opgeslagen."
"The free gift offer has been deleted.","Het cadeau-aanbod is verwijderd."
"The free gift offer has been saved.","Het cadeau-aanbod is opgeslagen."
"The gift selection contains duplicate SKUs.","De cadeauselectie bevat dubbele SKU's."
"The order for this approval could not be found.","De bestelling voor deze goedkeuring is niet gevonden."
"The score rule has been deleted.","De scoreregel is verwijderd."
"The score rule has been saved.","De scoreregel is opgeslagen."
"The segment has been deleted.","Het segment is verwijderd."
"The segment has been saved.","Het segment is opgeslagen."
"This campaign no longer exists.","Deze campagne bestaat niet meer."
"This content block is not an RSS feed.","Dit contentblok is geen RSS-feed."
"This content block no longer exists.","Dit contentblok bestaat niet meer."
"This free gift offer no longer exists.","Dit cadeau-aanbod bestaat niet meer."
"This offer could not be found.","Dit aanbod is niet gevonden."
"This offer has already been extended the maximum of %1 time(s).","Dit aanbod is al het maximale aantal keer verlengd: %1."
"This score rule no longer exists.","Deze scoreregel bestaat niet meer."
"This segment no longer exists.","Dit segment bestaat niet meer."
"Tiers","Niveaus"
"Total","Totaal"
"Total Spend","Totale besteding"
"Total campaigns","Totaal campagnes"
"Tracked reorder cycles","Gevolgde herbestelcycli"
"Trigger","Trigger"
"Trigger Event","Triggergebeurtenis"
"Trigger performance","Triggerprestaties"
"Triggers","Triggers"
"Trigger(s)","Trigger(s)"
"Triggers, thresholds, tracking, and more","Triggers, drempels, tracking en meer"
"Triggers: %1","Triggers: %1"
"Type","Type"
"Unique machine identifier, referenced by a campaign's ""Add Dynamic Content"" action","Unieke technische identificatie, waarnaar wordt verwezen door de campagneactie ""Dynamische content toevoegen"""
"Updated","Bijgewerkt"
"Value","Waarde"
"Visitor Tag Added (anonymous)","Bezoekerstag toegevoegd (anoniem)"
"Wait this long after the previous step (or the trigger, for the first action) before running this one. 0 runs immediately.","Wacht zo lang na de vorige stap (of de trigger, voor de eerste actie) voordat deze wordt uitgevoerd. 0 voert direct uit."
"Warn at this % of credit limit used","Waarschuw bij dit percentage gebruikte kredietlimiet"
"You have no offers yet.","U heeft nog geen aanbiedingen."
"You may select at most %1 gift(s) with the current cart subtotal.","Bij het huidige subtotaal van de winkelwagen kunt u maximaal %1 cadeau(s) selecteren."
"Your order could not be placed because your account has reached its credit limit. Please contact your sales representative.","Uw bestelling kon niet worden geplaatst omdat uw account de kredietlimiet heeft bereikt. Neem contact op met uw accountmanager."
"campaign","campagne"
"content block","contentblok"
"e.g. {""tag"":""vip""}, {""amount"":""100""}, {""threshold"":""50""}, {""days"":""30""}, {""count"":""3""}, {""segment_id"":""2""} — see the condition type's docblock in Model/Campaign/Condition/ for the exact keys it reads.","bijv. {""tag"":""vip""}, {""amount"":""100""}, {""threshold"":""50""}, {""days"":""30""}, {""count"":""3""}, {""segment_id"":""2""} — zie het docblock van het voorwaardetype in Model/Campaign/Condition/ voor de exacte verwachte sleutels."
"free gift offer","cadeau-aanbod"
"score rule","scoreregel"
"immediate","onmiddellijk"
"segment","segment"
"Customer 360","Klant 360"
"Customer email","E-mail klant"
"Find a customer","Klant zoeken"
"Search","Zoeken"
"← Back to Dashboard","← Terug naar dashboard"
"Lead score","Leadscore"
"Loyalty tier","Loyaliteitsniveau"
"NPS score","NPS-score"
"Never surveyed","Nooit geënquêteerd"
"RFM / order history","RFM / bestelgeschiedenis"
"RFM score","RFM-score"
"Not yet computed","Nog niet berekend"
"Days since last order","Dagen sinds laatste bestelling"
"Never ordered","Nooit besteld"
"Total orders","Totaal aantal bestellingen"
"Lifetime spend","Totale bestedingen"
"Tags","Tags"
"No tags.","Geen tags."
"Qualifies for segments","Voldoet aan segmenten"
"No matching enabled segments.","Geen overeenkomende ingeschakelde segmenten."
"No customer found for that email.","Geen klant gevonden voor dat e-mailadres."
"Referral Program","Verwijzingsprogramma"
"Email Template Version History","Versiegeschiedenis e-mailsjablonen"
"Email Template Versions","Versies e-mailsjablonen"
"Could not restore template ""%1"": %2","Kon sjabloon ""%1"" niet herstellen: %2"
"Restored %1 template version(s).","%1 sjabloonversie(s) hersteld."
"AI-Agent Commerce Readiness","AI-agent commerce gereedheid"
"Description","Beschrijving"
"Contact Email","Contact-e-mail"
"Requests Per Minute Per API Key","Aanvragen per minuut per API-sleutel"
"Estimated Delivery Days","Geschatte levertijd (dagen)"
"AI-agent commerce endpoints are disabled.","AI-agent commerce-eindpunten zijn uitgeschakeld."
"Missing or invalid API key.","Ontbrekende of ongeldige API-sleutel."
"Rate limit exceeded.","Snelheidslimiet overschreden."
"None of the requested SKUs could be quoted.","Geen van de opgevraagde SKU's kon worden geprijsd."
"Ordo Automation Customer 360","Ordo Automation Klant 360"
"Ordo Automation Email Template Versioning","Ordo Automation Versies e-mailsjablonen"
"Level","Niveau"
"Refresh","Vernieuwen"
"Provider Message ID","Bericht-ID provider"
"Entity ID","Entiteit-ID"
"Good news — the product you were watching is back in stock.","Goed nieuws — het product dat u in de gaten hield is weer op voorraad."
"Template ID","Sjabloon-ID"
"Submitted At","Ingediend op"
"Per-customer marketing consent, data export, and erasure","Marketingtoestemming, gegevensexport en -verwijdering per klant"
"Reorder cycle recalculation failed: %1","Herberekening herbestelcyclus mislukt: %1"
"Browse and act on pending order approvals without the original decision email","Openstaande bestelgoedkeuringen bekijken en afhandelen zonder de oorspronkelijke beslissings-e-mail"
"Are you sure you want to delete this lead routing rule?","Weet u zeker dat u deze leadroutingregel wilt verwijderen?"
"Channels & Content","Kanalen & content"
"Include an opt-out instruction (e.g. ""Reply STOP to unsubscribe"") in the first message to any recipient — required by Twilio's messaging policy and, in the US, the TCPA.","Neem een afmeldinstructie op (bijv. ""Antwoord STOP om u af te melden"") in het eerste bericht aan elke ontvanger — vereist door het berichtenbeleid van Twilio en, in de VS, de TCPA."
"Order Approvals","Bestelgoedkeuringen"
"Clicked","Geklikt"
"Invalid consent update request.","Ongeldig verzoek om toestemming bij te werken."
"Done","Voltooid"
"Customer Email","E-mailadres klant"
"Post-Purchase Thank You + Coupon","Bedankje na aankoop + kortingsbon"
"0 / %1 characters","0 / %1 tekens"
"Subject","Onderwerp"
"Sent At","Verzonden op"
"Missing reorder cycle id.","Herbestelcyclus-ID ontbreekt."
"Upcoming","Aankomend"
"Failure","Mislukking"
"Variant","Variant"
"Referral Converted (referred customer placed their first order)","Doorverwijzing geconverteerd (doorverwezen klant heeft eerste bestelling geplaatst)"
"Send a reorder reminder email to this customer now?","Nu een herbestelherinnering per e-mail naar deze klant versturen?"
"Send reorder reminder","Herbestelherinnering versturen"
"Erase all data","Alle gegevens wissen"
"Attributed Revenue","Toegeschreven omzet"
"All conditions (AND)","Alle voorwaarden (EN)"
"Data subject actions","Acties betrokkene"
"External Audience ID","Externe doelgroep-ID"
"Could not build the cart: %1","Kon de winkelwagen niet samenstellen: %1"
"That customer no longer exists.","Die klant bestaat niet meer."
"Are you sure you want to delete the selected campaign(s)?","Weet u zeker dat u de geselecteerde campagne(s) wilt verwijderen?"
"Campaign ""%1"" was imported.","Campagne ""%1"" is geïmporteerd."
"Too many attempts. Please wait a while and try again.","Te veel pogingen. Wacht even en probeer het opnieuw."
"Opted in","Aangemeld"
"Standard 5-field cron, e.g. ""0 8 * * 1"" for every Monday at 08:00. Precision is bounded by the 5-minute scan interval — a minute field that isn't a multiple of 5 will never match.","Standaard 5-veldscron, bijv. ""0 8 * * 1"" voor elke maandag om 08:00. De precisie wordt beperkt door het scaninterval van 5 minuten — een minutenveld dat geen veelvoud van 5 is, komt nooit overeen."
"Read-only: inbound SMS/WhatsApp replies per customer, including STOP-keyword opt-outs","Alleen-lezen: binnenkomende SMS/WhatsApp-antwoorden per klant, inclusief afmeldingen via het STOP-trefwoord"
"Reset the cached RFM score for the selected customer(s)? It will be recomputed on the next scheduled run (or live in the meantime).","De gecachte RFM-score resetten voor de geselecteerde klant(en)? Deze wordt opnieuw berekend bij de volgende geplande run (of live in de tussentijd)."
"Only APPROVED templates appear here — the WhatsApp Business Platform never allows a free-form message from a campaign send.","Alleen GOEDGEKEURDE sjablonen verschijnen hier — het WhatsApp Business Platform staat nooit een vrij bericht toe vanuit een campagneverzending."
"Drift ratio, at least (1.0 = exactly on schedule)","Afwijkingsverhouding, minimaal (1,0 = precies volgens schema)"
"Added to Cart","Toegevoegd aan winkelwagen"
"A total of %1 score rule(s) have been disabled.","In totaal zijn %1 scoreregel(s) uitgeschakeld."
"Browse Abandoned (viewed a product, no order since)","Bladeren verlaten (product bekeken, sindsdien geen bestelling)"
"Changes","Wijzigingen"
"Last Synced At","Laatst gesynchroniseerd op"
"Save Lead Routing Rule","Leadroutingregel opslaan"
"Language","Taal"
"To","Aan"
"Export all data (JSON)","Alle gegevens exporteren (JSON)"
"Fri","Vr"
"Shopping feed","Shoppingfeed"
"New WhatsApp Template","Nieuw WhatsApp-sjabloon"
"Leave blank to match every customer (a catch-all/default pool rule)","Laat leeg om elke klant te matchen (een catch-all/standaard poolregel)"
"Error","Fout"
"Reordered?","Opnieuw besteld?"
"Welcome New Customer","Nieuwe klant welkom heten"
"ad audience","advertentiedoelgroep"
"Refresh Now","Nu vernieuwen"
"Import Campaign","Campagne importeren"
"Build a segment","Bouw een segment"
"Match order — the first enabled rule that matches a customer wins","Matchvolgorde — de eerste ingeschakelde regel die overeenkomt met een klant wint"
"Webhook Received (signed, from an external system)","Webhook ontvangen (ondertekend, van een extern systeem)"
"Price Drop","Prijsdaling"
"Maximum days since last order","Maximaal aantal dagen sinds laatste bestelling"
"Lead Routing Rule Information","Informatie over leadroutingregel"
"Segment Overlap","Overlap segmenten"
"Not calculated yet","Nog niet berekend"
"Send a real test message on any channel to catch a typo'd placeholder before a real customer does. Consent, quiet hours, and frequency caps are all skipped - this always attempts to send.","Verstuur een echt testbericht via elk kanaal om een verkeerd getypte placeholder te ontdekken voordat een echte klant dat doet. Toestemming, rustperiodes en frequentielimieten worden allemaal overgeslagen - er wordt altijd geprobeerd te verzenden."
"A total of %1 campaign(s) have been enabled.","In totaal zijn %1 campagne(s) ingeschakeld."
"Could not save the ad audience: %1","Kon de advertentiedoelgroep niet opslaan: %1"
"Event","Gebeurtenis"
"Delete the selected price watch subscription(s)? This cancels the watch - the customer or guest will need to register it again to be notified.","De geselecteerde prijswaarschuwingsabonnement(en) verwijderen? Dit annuleert de waarschuwing - de klant of gast moet zich opnieuw registreren om een melding te ontvangen."
"lead routing rule","leadroutingregel"
"Opted out","Afgemeld"
"Enable in Configuration","Inschakelen in Configuratie"
"Segments, tags, RFM, lead score, NPS and loyalty tier for one customer","Segmenten, tags, RFM, leadscore, NPS en loyaliteitsniveau voor één klant"
"Meta Template ID","Meta-sjabloon-ID"
"Order approvals stuck","Vastgelopen bestelgoedkeuringen"
"Summary","Samenvatting"
"Opt in","Aanmelden"
"SMS","SMS"
"Add New Lead Routing Rule","Nieuwe leadroutingregel toevoegen"
"Customer","Klant"
"Import %1","%1 importeren"
"Every snapshot taken of a Magento email template, with a restore option","Elke momentopname van een Magento-e-mailsjabloon, met een herstelmogelijkheid"
"Open Setup Guide","Installatiehandleiding openen"
"Conversations","Gesprekken"
"Delete lead routing rules","Leadroutingregels verwijderen"
"Last Known Price","Laatst bekende prijs"
"Notified Admin","Beheerder op de hoogte gebracht"
"Ad Audience Information","Informatie over advertentiedoelgroep"
"Add New Template","Nieuw sjabloon toevoegen"
"Order count, at least","Aantal bestellingen, minimaal"
"Could not save the lead routing rule: %1","Kon de leadroutingregel niet opslaan: %1"
"Are you sure you want to delete the selected lead routing rule(s)?","Weet u zeker dat u de geselecteerde leadroutingregel(s) wilt verwijderen?"
"Entity","Entiteit"
"Edit Lead Routing Rule ""%1""","Leadroutingregel ""%1"" bewerken"
"Segment ID","Segment-ID"
"Refresh Status from Meta","Status vernieuwen vanuit Meta"
"+%1 hours","+%1 uur"
"A total of %1 push subscription(s) have been deleted.","In totaal zijn %1 push-abonnement(en) verwijderd."
"No sends recorded for this campaign yet.","Nog geen verzendingen geregistreerd voor deze campagne."
"Pick two different segments.","Kies twee verschillende segmenten."
"SMS message","SMS-bericht"
"The ad audience has been deleted.","De advertentiedoelgroep is verwijderd."
"Segment A","Segment A"
"Admin User","Beheerder"
"Free Gift Offer","Cadeau-aanbod"
"Sun","Zo"
"Delete free gift offers","Cadeau-aanbiedingen verwijderen"
"SKU (optional)","SKU (optioneel)"
"Group (nested AND/OR)","Groep (geneste EN/OF)"
"Params (comma-separated)","Parameters (kommagescheiden)"
"Setup Guide","Installatiehandleiding"
"← Back to Campaign Action Timeline","← Terug naar tijdlijn van campagneacties"
"Every browser/device Web Push subscription currently registered","Elk momenteel geregistreerd Web Push-abonnement per browser/apparaat"
"Read-only: raw delivery status of every SMS/email a campaign action sent","Alleen-lezen: ruwe afleverstatus van elke SMS/e-mail die een campagneactie heeft verzonden"
"Cart built for this customer - review and place the order below.","Winkelwagen samengesteld voor deze klant - controleer en plaats de bestelling hieronder."
"Stop Keyword","Stop-trefwoord"
"A total of %1 free gift offer(s) have been enabled.","In totaal zijn %1 cadeau-aanbod/-aanbiedingen ingeschakeld."
"Create","Aanmaken"
"Full Screen","Volledig scherm"
"Start a new order for this customer with this product already added?","Een nieuwe bestelling starten voor deze klant met dit product al toegevoegd?"
"Build Cart","Winkelwagen samenstellen"
"Scheduled Campaign Calendar","Kalender geplande campagnes"
"The ad audience has been saved.","De advertentiedoelgroep is opgeslagen."
"Product","Product"
"Tue","Di"
"Cron Run Log","Cron-uitvoeringslog"
"Not set up yet — publish your catalog as a Google Merchant Center feed to unlock free Google Shopping listings.","Nog niet ingesteld — publiceer uw catalogus als een Google Merchant Center-feed om gratis Google Shopping-vermeldingen te ontgrendelen."
"Content Block","Contentblok"
"Price Watch Subscriptions","Prijswaarschuwingsabonnementen"
"Mon","Ma"
"Segment not found.","Segment niet gevonden."
"Reset the cached RFM score for %1 customer(s) — recomputed on the next scheduled run (or live in the meantime).","De gecachte RFM-score resetten voor %1 klant(en) — wordt opnieuw berekend bij de volgende geplande run (of live in de tussentijd)."
"Lead Routing Rules","Leadroutingregels"
"Send Reminder Now","Nu herinnering versturen"
"Crons failed (last 24h)","Mislukte crons (laatste 24 uur)"
"Read-only: every shopping feed generation attempt, per store - success/error, item count","Alleen-lezen: elke poging tot het genereren van een shoppingfeed, per winkel - succes/fout, aantal items"
"Refresh this template's status from Meta?","De status van dit sjabloon vernieuwen vanuit Meta?"
"Undelivered","Niet afgeleverd"
"Decided","Besloten"
"A total of %1 content block(s) have been deleted.","In totaal zijn %1 contentblok/-blokken verwijderd."
"Are you sure you want to delete the selected WhatsApp template(s)?","Weet u zeker dat u de geselecteerde WhatsApp-sjabloon/-sjablonen wilt verwijderen?"
"Product Feed Health","Status productfeed"
"Delete content blocks","Contentblokken verwijderen"
"Score Rule","Scoreregel"
"From","Van"
"Notified","Op de hoogte gebracht"
"Recalculate Now","Nu herberekenen"
"Review Request Due (N days after a completed order)","Beoordelingsverzoek verschuldigd (N dagen na een voltooide bestelling)"
"Compare","Vergelijken"
"Add New Ad Audience","Nieuwe advertentiedoelgroep toevoegen"
"Conversion Rate","Conversiepercentage"
"Product ID","Product-ID"
"Yes - defer to this customer's own historically-best open/click hour (Model\Campaign\SendTimeOptimizer), when enough history exists","Ja - gebruik het historisch beste open-/klikuur van deze klant (Model\Campaign\SendTimeOptimizer), wanneer er voldoende geschiedenis bestaat"
"Approve","Goedkeuren"
"Recency (days since last order, at most)","Recentheid (dagen sinds laatste bestelling, maximaal)"
"Up to 10 conditions per list (this one, or a single group's own nested list).","Maximaal 10 voorwaarden per lijst (deze, of de eigen geneste lijst van één groep)."
"Restore template version(s)","Sjabloonversie(s) herstellen"
"Google Merchant Center feed URL:","Feed-URL Google Merchant Center:"
"Back In Stock","Weer op voorraad"
"View Scheduled Campaign Calendar →","Kalender geplande campagnes bekijken →"
"WhatsApp template","WhatsApp-sjabloon"
"Notification body","Meldingstekst"
"Submit for Review","Indienen voor beoordeling"
"Are you sure you want to delete the selected reorder cycle(s)?","Weet u zeker dat u de geselecteerde herbestelcyclus/-cycli wilt verwijderen?"
"Endpoint","Endpoint"
"(deleted campaign)","(verwijderde campagne)"
"WhatsApp","WhatsApp"
"Wed","Wo"
"Ad Audience","Advertentiedoelgroep"
"A later ""Send Email"" action in this same chain can render the result with {{var <output variable name>|raw}}. Defaults to ""ai_content_html"" if left blank.","Een latere ""E-mail verzenden""-actie in dezelfde keten kan het resultaat weergeven met {{var <output variable name>|raw}}. Standaard ""ai_content_html"" indien leeg gelaten."
"Email address, or +15551234567 for SMS/WhatsApp","E-mailadres, of +15551234567 voor SMS/WhatsApp"
"Send a real test email/SMS/WhatsApp message to catch a typo before a customer does","Verstuur een echt testbericht via e-mail/SMS/WhatsApp om een typefout te ontdekken voordat een klant dat doet"
"Edit WhatsApp Template ""%1""","WhatsApp-sjabloon ""%1"" bewerken"
"A total of %1 content block(s) have been disabled.","In totaal zijn %1 contentblok/-blokken uitgeschakeld."
"-- Select --","-- Selecteren --"
"Delete price watch subscription(s)","Prijswaarschuwingsabonnement(en) verwijderen"
"Are you sure you want to delete the selected segment(s)?","Weet u zeker dat u de geselecteerde segment(en) wilt verwijderen?"
"Leave blank to match any product.","Laat leeg om elk product te matchen."
"Sales Reps","Accountmanagers"
"Segment","Segment"
"You have unsaved changes on this page — the count below still reflects this segment's last saved conditions, not what's currently on screen.","U heeft niet-opgeslagen wijzigingen op deze pagina — het aantal hieronder weerspiegelt nog steeds de laatst opgeslagen voorwaarden van dit segment, niet wat er momenteel op het scherm staat."
"Update","Bijwerken"
"Meta Template Name","Meta-sjabloonnaam"
"Used instead of a real Ollama response whenever AI content generation is disabled, unconfigured, or the local instance times out - the send is never blocked by this action.","Wordt gebruikt in plaats van een echte Ollama-reactie wanneer het genereren van AI-content is uitgeschakeld, niet is geconfigureerd, of de lokale instantie een time-out geeft - de verzending wordt door deze actie nooit geblokkeerd."
"Message Log","Berichtenlog"
"""All"" (AND) requires every condition below to match; ""Any"" (OR) requires only one.","""Alle"" (EN) vereist dat aan elke onderstaande voorwaarde wordt voldaan; ""Een van"" (OF) vereist er slechts één."
"The lead routing rule has been deleted.","De leadroutingregel is verwijderd."
"File","Bestand"
"Admin Action Log","Beheerdersactielog"
"Delete campaigns","Campagnes verwijderen"
"See how many customers match two segments at once","Bekijk hoeveel klanten aan twee segmenten tegelijk voldoen"
"Combines this group's own conditions below with AND/OR, independently of the segment's top-level setting.","Combineert de onderstaande voorwaarden van deze groep met EN/OF, onafhankelijk van de instelling op het hoogste niveau van het segment."
"Ad Audiences","Advertentiedoelgroepen"
"Export","Exporteren"
"Could not delete the ad audience: %1","Kon de advertentiedoelgroep niet verwijderen: %1"
"New Ad Audience","Nieuwe advertentiedoelgroep"
"Use {{1}}, {{2}}, ... for placeholders filled positionally by the send_whatsapp campaign action's own ""params"" field at send time. Max 1024 characters, matching Meta's own WhatsApp template body limit.","Gebruik {{1}}, {{2}}, ... voor placeholders die op volgorde worden ingevuld door het eigen ""params""-veld van de campagneactie send_whatsapp op het moment van verzenden. Maximaal 1024 tekens, gelijk aan de limiet van Meta voor de tekst van WhatsApp-sjablonen."
"Rejection Reason","Reden van afwijzing"
"A total of %1 ad audience(s) have been disabled.","In totaal zijn %1 advertentiedoelgroep(en) uitgeschakeld."
"Recurring Schedule","Terugkerend schema"
"Failed","Mislukt"
"Next month →","Volgende maand →"
"Note","Notitie"
"Product Count","Aantal producten"
"Survey question","Enquêtevraag"
"New here? Finish setting up Ordo Automation.","Nieuw hier? Rond de installatie van Ordo Automation af."
"Segment ""%1"" was imported.","Segment ""%1"" is geïmporteerd."
"Could not submit the template to Meta: %1","Kon het sjabloon niet indienen bij Meta: %1"
"Output variable name","Naam uitvoervariabele"
"Platform","Platform"
"Any condition (OR)","Een van de voorwaarden (OF)"
"Loyalty tiers","Loyaliteitsniveaus"
"Revenue","Omzet"
"Pick two segments to see how many customers currently match both — useful for avoiding message fatigue from campaigns that unknowingly target the same people.","Kies twee segmenten om te zien hoeveel klanten momenteel aan beide voldoen — handig om berichtmoeheid te voorkomen bij campagnes die onbedoeld dezelfde mensen targeten."
"Missing WhatsApp template id.","WhatsApp-sjabloon-ID ontbreekt."
"Read-only: every summary/failure line every cron in this module has logged","Alleen-lezen: elke samenvattings-/foutregel die elke cron in deze module heeft gelogd"
"Customers currently matching this segment's saved conditions.","Klanten die momenteel voldoen aan de opgeslagen voorwaarden van dit segment."
"Template parameters (comma-separated, optional)","Sjabloonparameters (kommagescheiden, optioneel)"
"Product feed refresh failed: %1","Vernieuwen van productfeed mislukt: %1"
"Date/time (store timezone)","Datum/tijd (tijdzone winkel)"
"A total of %1 free gift offer(s) have been disabled.","In totaal zijn %1 cadeau-aanbod/-aanbiedingen uitgeschakeld."
"Fallback text","Reservetekst"
"A total of %1 lead routing rule(s) have been disabled.","In totaal zijn %1 leadroutingregel(s) uitgeschakeld."
"The WhatsApp template has been saved.","Het WhatsApp-sjabloon is opgeslagen."
"Restore the selected version(s)? This overwrites each version's template with this snapshot's subject/content, and itself creates a new snapshot of the resulting state.","De geselecteerde versie(s) herstellen? Dit overschrijft het sjabloon van elke versie met het onderwerp/de inhoud van deze momentopname, en maakt zelf een nieuwe momentopname van de resulterende status."
"Fills the template's {{1}}, {{2}}, ... placeholders in order, e.g. for a template body of ""Hi {{1}}, your order {{2}} shipped"": John,ORD-1234","Vult de placeholders {{1}}, {{2}}, ... van het sjabloon op volgorde in, bijv. voor een sjabloontekst ""Hi {{1}}, uw bestelling {{2}} is verzonden"": John,ORD-1234"
"Google Ads","Google Ads"
"Search palette blocks","Paletblokken zoeken"
"Campaigns & Automation","Campagnes & automatisering"
"Could not send the reminder: %1","Kon de herinnering niet versturen: %1"
"A total of %1 lead routing rule(s) have been deleted.","In totaal zijn %1 leadroutingregel(s) verwijderd."
"Go","Ga"
"Are you sure you want to delete the selected free gift offer(s)?","Weet u zeker dat u de geselecteerde cadeau-aanbod/-aanbiedingen wilt verwijderen?"
"A total of %1 segment(s) have been deleted.","In totaal zijn %1 segment(en) verwijderd."
"Template Test Send","Testverzending sjabloon"
"The lead routing rule has been saved.","De leadroutingregel is opgeslagen."
"Approved","Goedgekeurd"
"Converted","Geconverteerd"
"Variants","Varianten"
"Segment B size:","Grootte segment B:"
"Look up one customer by email to view or change their marketing consent, export their data, or permanently erase it — for handling a GDPR/data-protection rights request.","Zoek één klant op e-mailadres om hun marketingtoestemming te bekijken of te wijzigen, hun gegevens te exporteren, of deze permanent te wissen — voor het afhandelen van een AVG/gegevensbeschermingsverzoek."
"A total of %1 segment(s) have been disabled.","In totaal zijn %1 segment(en) uitgeschakeld."
"SMS (Twilio) or WhatsApp (Meta) — a campaign's send_sms/send_whatsapp action silently fails at dispatch time until credentials are set here.","SMS (Twilio) of WhatsApp (Meta) — de actie send_sms/send_whatsapp van een campagne mislukt stilzwijgend bij verzending totdat hier inloggegevens zijn ingesteld."
"Read-only: every admin save of a Campaign or Segment - who, when, and what changed","Alleen-lezen: elke beheerdersopslag van een campagne of segment - wie, wanneer en wat er is gewijzigd"
"Audience & Targeting","Doelgroep & targeting"
"Delete score rules","Scoreregels verwijderen"
"Are you sure you want to delete the selected message log entry(s)?","Weet u zeker dat u de geselecteerde berichtlogvermelding(en) wilt verwijderen?"
"Every price-drop or back-in-stock watch a customer or guest has registered","Elke prijsdaling- of weer-op-voorraad-waarschuwing die een klant of gast heeft geregistreerd"
"+1 hour","+1 uur"
"Submit this template to Meta for approval?","Dit sjabloon indienen bij Meta ter goedkeuring?"
"Meta","Meta"
"Enable","Inschakelen"
"Import","Importeren"
"Cron expression","Cron-expressie"
"Only in Segment B:","Alleen in segment B:"
"Last Sync Status","Laatste synchronisatiestatus"
"Delivered","Afgeleverd"
"Are you sure you want to delete the selected ad audience(s)?","Weet u zeker dat u de geselecteerde advertentiedoelgroep(en) wilt verwijderen?"
"Every enabled campaign's ""Scheduled Date/Time"" or ""Recurring Schedule"" trigger, plotted on the day it will (or did) fire — event-based triggers (order placed, tag added, ...) have no fixed date and so don't appear here; see ""Campaign Action Timeline"" for those.","De trigger ""Geplande datum/tijd"" of ""Terugkerend schema"" van elke ingeschakelde campagne, uitgezet op de dag waarop deze afgaat (of afging) — op gebeurtenissen gebaseerde triggers (bestelling geplaatst, tag toegevoegd, ...) hebben geen vaste datum en verschijnen hier dus niet; zie ""Tijdlijn van campagneacties"" daarvoor."
"Channel","Kanaal"
"Are you sure you want to delete this ad audience?","Weet u zeker dat u deze advertentiedoelgroep wilt verwijderen?"
"Yes","Ja"
"Success","Geslaagd"
"Could not refresh the template status: %1","Kon de sjabloonstatus niet vernieuwen: %1"
"A total of %1 segment(s) have been enabled.","In totaal zijn %1 segment(en) ingeschakeld."
"Reorder reminder sent to %1.","Herbestelherinnering verzonden naar %1."
"Each variant gets a relative weight (they don't need to sum to 100) and its own action chain. A customer is assigned to exactly one variant, deterministically, the first time they enter this split - repeat dispatches (and a delayed resume elsewhere in the chain) always land in the same variant. A variant's own actions can't have their own delay yet.","Elke variant krijgt een relatief gewicht (deze hoeven niet op te tellen tot 100) en een eigen actieketen. Een klant wordt precies één keer, deterministisch, aan één variant toegewezen bij de eerste keer dat deze splitsing wordt bereikt - herhaalde verzendingen (en een vertraagde hervatting elders in de keten) komen altijd in dezelfde variant terecht. De eigen acties van een variant kunnen nog geen eigen vertraging hebben."
"E.g. 80 = among the best 20% of customers on this metric.","Bijv. 80 = behoort tot de beste 20% van klanten op deze maatstaf."
"Invalid customer.","Ongeldige klant."
"Add Rep","Accountmanager toevoegen"
"Campaign Action Timeline","Tijdlijn van campagneacties"
"Consent — customer #%1 (%2)","Toestemming — klant #%1 (%2)"
"Minimum NPS score","Minimale NPS-score"
"A saved, reusable set of customer conditions — reference it from any campaign via the ""In Segment"" condition instead of repeating the same conditions everywhere.","Een opgeslagen, herbruikbare set klantvoorwaarden — verwijs ernaar vanuit elke campagne via de voorwaarde ""In segment"" in plaats van overal dezelfde voorwaarden te herhalen."
"Are you sure you want to delete the selected score rule(s)?","Weet u zeker dat u de geselecteerde scoreregel(s) wilt verwijderen?"
"GDPR / Consent","AVG / Toestemming"
"Status refreshed from Meta: %1","Status vernieuwd vanuit Meta: %1"
"Within days","Binnen dagen"
"Only in Segment A:","Alleen in segment A:"
"Reorder cycles recalculated: %1 pair(s).","Herbestelcycli herberekend: %1 paar/paren."
"Reset Cached Score","Gecachte score resetten"
"Sat","Za"
"A quick checklist for the real dependency order: configure a channel, build a segment, then a campaign that uses it.","Een korte checklist voor de echte volgorde van afhankelijkheden: configureer een kanaal, bouw een segment, en maak dan een campagne die het gebruikt."
"No","Nee"
"No - send immediately","Nee - direct versturen"
"Restore","Herstellen"
"Template Name","Sjabloonnaam"
"WhatsApp Templates","WhatsApp-sjablonen"
"Snapshot Taken","Momentopname gemaakt"
"Edit Ad Audience ""%1""","Advertentiedoelgroep ""%1"" bewerken"
"This customer has opted out of email - reminder not sent.","Deze klant heeft zich afgemeld voor e-mail - herinnering niet verzonden."
"Send to","Versturen naar"
"A total of %1 lead routing rule(s) have been enabled.","In totaal zijn %1 leadroutingregel(s) ingeschakeld."
"Admin-facing only - not sent to Meta.","Alleen zichtbaar voor beheerders - wordt niet naar Meta verzonden."
"Search blocks…","Blokken zoeken…"
"Reject","Afwijzen"
"Prompt","Prompt"
"Rejected","Afgewezen"
"Start typing to search the catalog.","Begin te typen om de catalogus te doorzoeken."
"A total of %1 reorder cycle(s) have been deleted.","In totaal zijn %1 herbestelcyclus/-cycli verwijderd."
"Reject order","Bestelling afwijzen"
"Scheduled Date/Time","Geplande datum/tijd"
"Campaign conversion rate (%1 sent, %2 converted)","Conversiepercentage campagne (%1 verzonden, %2 geconverteerd)"
"Connected. Response: ""%1""","Verbonden. Reactie: ""%1"""
"Visitor ID","Bezoeker-ID"
"Percentile, at least (0-100)","Percentiel, minimaal (0-100)"
"Read-only: what the reorder-detection engine currently believes about each customer/SKU","Alleen-lezen: wat de herbestel-detectie-engine momenteel aanneemt over elke klant/SKU"
"Product Recommendations","Productaanbevelingen"
"Step %1","Stap %1"
"The test failed.","De test is mislukt."
"Build reorder cart","Herbestel-winkelwagen samenstellen"
"%1 — customer #%2 (%3)","%1 — klant #%2 (%3)"
"Back to Dashboard","Terug naar dashboard"
"Segment B","Segment B"
"The real dependency order for a working campaign: configure a channel first, then build a segment, then a campaign that uses it. Each step below reflects whether it's actually been done, not just clicked through.","De echte volgorde van afhankelijkheden voor een werkende campagne: configureer eerst een kanaal, bouw dan een segment, en maak dan een campagne die het gebruikt. Elke stap hieronder geeft weer of dit daadwerkelijk is gedaan, niet alleen doorgeklikt."
"Permanently erase all Ordo Automation data for this customer? This cannot be undone.","Alle Ordo Automation-gegevens voor deze klant permanent wissen? Dit kan niet ongedaan worden gemaakt."
"A total of %1 score rule(s) have been deleted.","In totaal zijn %1 scoreregel(s) verwijderd."
"No response - check the Base URL/Model below, and that the Ollama instance is reachable from this server.","Geen reactie - controleer de Basis-URL/het model hieronder, en of de Ollama-instantie bereikbaar is vanaf deze server."
"This template has already been submitted to Meta - nothing to do.","Dit sjabloon is al ingediend bij Meta - niets te doen."
"Missing ad audience id.","Advertentiedoelgroep-ID ontbreekt."
"A trigger, plus whatever conditions/actions should run when it fires — the Flow canvas is the fastest way to build one.","Een trigger, plus de voorwaarden/acties die moeten worden uitgevoerd wanneer deze afgaat — het Flow-canvas is de snelste manier om er een te bouwen."
"Phone","Telefoon"
"A total of %1 campaign(s) have been deleted.","In totaal zijn %1 campagne(s) verwijderd."
"A single 0-10 question, e.g. ""How likely are you to recommend us to a friend?""","Eén vraag met een schaal van 0-10, bijv. ""Hoe waarschijnlijk is het dat u ons aanbeveelt bij een vriend?"""
"Body Text","Berichttekst"
"Compliance & Settings","Naleving & instellingen"
"Guest Email","E-mailadres gast"
"This lead routing rule no longer exists.","Deze leadroutingregel bestaat niet meer."
"Delete message log entries","Berichtlogvermeldingen verwijderen"
"A total of %1 content block(s) have been enabled.","In totaal zijn %1 contentblok/-blokken ingeschakeld."
"Authentication","Authenticatie"
"Product feeds refreshed for %1 store/format combination(s): %2 product(s) total.","Productfeeds vernieuwd voor %1 winkel/formaat-combinatie(s): in totaal %2 product(en)."
"Group conditions","Groepsvoorwaarden"
"Round-robin sales rep assignment for qualifying leads","Round-robin-toewijzing van accountmanagers voor gekwalificeerde leads"
"Last Seen","Laatst gezien"
"Delete push subscription(s)","Push-abonnement(en) verwijderen"
"Look up one customer by email to see everything this module already knows about them - segments, tags, RFM/CLV, lead score, NPS, loyalty tier, and order history - on one screen.","Zoek één klant op e-mailadres om alles te zien wat deze module al over hen weet - segmenten, tags, RFM/CLV, leadscore, NPS, loyaliteitsniveau en bestelgeschiedenis - op één scherm."
"Send at customer's optimal time","Versturen op het optimale moment van de klant"
"A total of %1 ad audience(s) have been enabled.","In totaal zijn %1 advertentiedoelgroep(en) ingeschakeld."
"Configure a messaging channel","Configureer een berichtenkanaal"
"A total of %1 message log entry(s) have been deleted.","In totaal zijn %1 berichtlogvermelding(en) verwijderd."
"Opted Out","Afgemeld"
"Matching customers are assigned round-robin across this pool, in the order listed","Overeenkomende klanten worden round-robin toegewezen binnen deze pool, in de vermelde volgorde"
"WhatsApp Template Information","Informatie over WhatsApp-sjabloon"
"Delete WhatsApp templates","WhatsApp-sjablonen verwijderen"
"+1 day","+1 dag"
"Could not delete the WhatsApp template: %1","Kon het WhatsApp-sjabloon niet verwijderen: %1"
"Minimum order count","Minimaal aantal bestellingen"
"Good news — the price dropped to %1.","Goed nieuws — de prijs is gedaald naar %1."
"Marketing","Marketing"
"New Lead Routing Rule","Nieuwe leadroutingregel"
"+%1 days","+%1 dagen"
"Follow Up on Tagged Customers","Opvolging bij getagde klanten"
"Updated At","Bijgewerkt op"
"Diagnostics","Diagnostiek"
"Test Connection","Verbinding testen"
"Push Subscriptions","Push-abonnementen"
"Delete the selected push subscription(s)? The device will need to re-subscribe to receive push notifications again.","De geselecteerde push-abonnement(en) verwijderen? Het apparaat moet zich opnieuw abonneren om weer push-meldingen te ontvangen."
"Already fired","Al geactiveerd"
"Import Segment","Segment importeren"
"Opened","Geopend"
"Qualifies For","Komt in aanmerking voor"
"Opened by push-sw.js's notificationclick handler when the browser notification is clicked - defaults to ""/"" if left blank.","Geopend door de notificationclick-handler van push-sw.js wanneer op de browsermelding wordt geklikt - standaard ""/"" indien leeg gelaten."
"That reorder cycle no longer exists.","Die herbestelcyclus bestaat niet meer."
"A total of %1 score rule(s) have been enabled.","In totaal zijn %1 scoreregel(s) ingeschakeld."
"Redo","Opnieuw doen"
"Received At","Ontvangen op"
"Delete ad audiences","Advertentiedoelgroepen verwijderen"
"Opt out","Afmelden"
"Load a Template","Sjabloon laden"
"A total of %1 price watch subscription(s) have been deleted.","In totaal zijn %1 prijswaarschuwingsabonnement(en) verwijderd."
"Meta locale code, e.g. en_US, pl_PL.","Meta-taalcode, bijv. en_US, pl_PL."
"Notification title","Meldingstitel"
"Send Test","Test versturen"
"Delete reorder cycles","Herbestelcycli verwijderen"
"Build a campaign","Bouw een campagne"
"The WhatsApp template has been deleted.","Het WhatsApp-sjabloon is verwijderd."
"Are you sure you want to reject this order?","Weet u zeker dat u deze bestelling wilt afwijzen?"
"Minimum tier","Minimaal niveau"
"Erased %1 Ordo Automation row(s) for customer #%2.","%1 Ordo Automation-rij(en) gewist voor klant #%2."
"A total of %1 ad audience(s) have been deleted.","In totaal zijn %1 advertentiedoelgroep(en) verwijderd."
"This WhatsApp template no longer exists.","Dit WhatsApp-sjabloon bestaat niet meer."
"Disable","Uitschakelen"
"Average projected CLV","Gemiddelde geprojecteerde CLV"
"How many recommended products to include","Hoeveel aanbevolen producten opnemen"
"Minimum lifetime total","Minimaal totaalbedrag levenslang"
"Sales Rep Pool","Pool accountmanagers"
"Last Reminder Sent","Laatste herinnering verzonden"
"Reset cached RFM score","Gecachte RFM-score resetten"
"Are you sure you want to delete this WhatsApp template?","Weet u zeker dat u dit WhatsApp-sjabloon wilt verwijderen?"
"Audience Size As Of","Doelgroepgrootte per"
"Campaign not found.","Campagne niet gevonden."
"Error Code","Foutcode"
"Save Ad Audience","Advertentiedoelgroep opslaan"
"Reference dispatch context with {{placeholders}}, e.g. {{customer_first_name}}. Calls the self-hosted Ollama instance configured under Stores > Configuration > Ordo Automation > AI Content.","Verwijs naar de verzendcontext met {{placeholders}}, bijv. {{customer_first_name}}. Roept de zelf-gehoste Ollama-instantie aan die is geconfigureerd onder Stores > Configuration > Ordo Automation > AI Content."
"Missing lead routing rule id.","Leadroutingregel-ID ontbreekt."
"WhatsApp Template","WhatsApp-sjabloon"
"Segment matches","Segment komt overeen"
"Pending","In behandeling"
"Delete segments","Segmenten verwijderen"
"Estimated Audience Size","Geschatte doelgroepgrootte"
"Group matches","Groep komt overeen"
"Order ID","Bestel-ID"
"Reminders Sent","Herinneringen verzonden"
"Could not delete the lead routing rule: %1","Kon de leadroutingregel niet verwijderen: %1"
"Lowercase letters, digits, and underscores only - this is the exact name registered with Meta.","Alleen kleine letters, cijfers en underscores - dit is de exacte naam die bij Meta is geregistreerd."
"Sync a segment as a Google Ads / Meta remarketing audience","Synchroniseer een segment als een Google Ads-/Meta-remarketingdoelgroep"
"Format: YYYY-MM-DD HH:MM:SS, e.g. 2026-11-28 09:00:00. Fires at most once, the next time Cron\DispatchScheduledCampaignTriggers scans (every 5 minutes) after this moment.","Formaat: JJJJ-MM-DD UU:MM:SS, bijv. 2026-11-28 09:00:00. Gaat maximaal één keer af, bij de eerstvolgende scan van Cron\DispatchScheduledCampaignTriggers (elke 5 minuten) na dit moment."
"Consent updated.","Toestemming bijgewerkt."
"Feed","Feed"
"This template has not been submitted to Meta yet - nothing to refresh.","Dit sjabloon is nog niet ingediend bij Meta - niets te vernieuwen."
"Could not save the WhatsApp template: %1","Kon het WhatsApp-sjabloon niet opslaan: %1"
"Watch Type","Type waarschuwing"
"Cancel","Annuleren"
"Reorder Cycle Drift Ratio, At Least (1.0 = exactly on schedule)","Afwijkingsverhouding herbestelcyclus, minimaal (1,0 = precies volgens schema)"
"(no split)","(geen splitsing)"
"Funnel","Funnel"
"A total of %1 campaign(s) have been disabled.","In totaal zijn %1 campagne(s) uitgeschakeld."
"Month-grid view of when scheduled/recurring campaigns fire","Maandoverzicht van wanneer geplande/terugkerende campagnes afgaan"
"The template has been submitted to Meta for approval.","Het sjabloon is ingediend bij Meta ter goedkeuring."
"Added to Wishlist","Toegevoegd aan verlanglijst"
"Segment A size:","Grootte segment A:"
"← Previous month","← Vorige maand"
"Are you sure you want to delete the selected content block(s)?","Weet u zeker dat u de geselecteerde contentblok/-blokken wilt verwijderen?"
"This order is no longer awaiting approval and cannot be acted on via this link.","Deze bestelling wacht niet meer op goedkeuring en kan niet meer via deze link worden afgehandeld."
"A total of %1 WhatsApp template(s) have been deleted.","In totaal zijn %1 WhatsApp-sjabloon/-sjablonen verwijderd."
"In both (intersection):","In beide (doorsnede):"
"Thu","Do"
"Internal engine views for verifying automation is working correctly - not needed for day-to-day use.","Interne engine-overzichten om te controleren of de automatisering correct werkt - niet nodig voor dagelijks gebruik."
"Google Ads: an existing user list resourceName (customers/{id}/userLists/{id}). Meta: leave blank to have a new Custom Audience created on first sync.","Google Ads: een bestaande resourceName van een gebruikerslijst (customers/{id}/userLists/{id}). Meta: laat leeg om bij de eerste synchronisatie een nieuwe Custom Audience te laten aanmaken."
"This ad audience no longer exists.","Deze advertentiedoelgroep bestaat niet meer."
"Fit all nodes in view","Alle knooppunten in beeld passen"
"Store","Winkel"
"Undo","Ongedaan maken"
"Save Template","Sjabloon opslaan"
"Utility","Hulpprogramma"
"Manage and submit templates the send_whatsapp campaign action can use","Beheer en dien sjablonen in die de campagneactie send_whatsapp kan gebruiken"
"Matches a purchase from this category or any of its subcategories.","Komt overeen met een aankoop uit deze categorie of een van de subcategorieën."
"Last Sync Message","Laatste synchronisatiebericht"
"A total of %1 free gift offer(s) have been deleted.","In totaal zijn %1 cadeau-aanbod/-aanbiedingen verwijderd."
"URL to open on click (optional)","URL om te openen bij een klik (optioneel)"
