"""Discount Amount"" (Y) must not exceed ""Discount Qty Step"" (X), or no discount will apply.","""Kwota rabatu"" (Y) nie może przekraczać ""Kroku ilości rabatu"" (X), inaczej rabat się nie zastosuje."
"+ New Campaign","+ Nowa kampania"
"+%1 min","+%1 min"
"Abandoned Cart Recovery","Odzyskiwanie porzuconego koszyka"
"Action","Akcja"
"Action timeline","Oś czasu akcji"
"Actions","Akcje"
"Actions (run in order)","Akcje (wykonywane po kolei)"
"Add Action","Dodaj akcję"
"Add Condition","Dodaj warunek"
"Add New Campaign","Dodaj nową kampanię"
"Add New Content Block","Dodaj nowy blok treści"
"Add New Free Gift Offer","Dodaj nową ofertę gratisu"
"Add New Score Rule","Dodaj nową regułę punktacji"
"Add New Segment","Dodaj nowy segment"
"Add Points","Dodaj punkty"
"Add SKU","Dodaj SKU"
"Add Tag","Dodaj tag"
"Add Tier","Dodaj próg"
"Add Trigger","Dodaj wyzwalacz"
"Apply flow to form & Save","Zastosuj schemat do formularza i zapisz"
"Are you sure you want to delete this %1?","Czy na pewno chcesz usunąć: %1?"
"Are you sure you want to delete this campaign?","Czy na pewno chcesz usunąć tę kampanię?"
"Are you sure you want to delete this content block?","Czy na pewno chcesz usunąć ten blok treści?"
"Are you sure you want to delete this free gift offer?","Czy na pewno chcesz usunąć tę ofertę gratisu?"
"Are you sure you want to delete this score rule?","Czy na pewno chcesz usunąć tę regułę punktacji?"
"Are you sure you want to delete this segment?","Czy na pewno chcesz usunąć ten segment?"
"Assigned Sales Rep — Email","Przypisany opiekun handlowy — e-mail"
"Assigned Sales Rep — Name","Przypisany opiekun handlowy — imię i nazwisko"
"Assigned Sales Rep — Phone","Przypisany opiekun handlowy — telefon"
"Attribute","Atrybut"
"Attribute Code","Kod atrybutu"
"Avg. Interval (days)","Śr. odstęp (dni)"
"B2C Lifecycle Emails (Welcome / Win-back)","E-maile cyklu życia B2C (powitalny / reaktywacja)"
"Back","Wstecz"
"Block Checkout When Over Credit Limit","Blokuj zamówienie po przekroczeniu limitu kredytowego"
"Build and manage automation campaigns","Twórz i zarządzaj kampaniami automatyzacji"
"Bulk actions on current members","Akcje masowe na obecnych członkach"
"Buy %1, get %2 free — customers pay for %1 out of every %3 (%4% off that batch).","Kup %1, dostań %2 gratis — klient płaci za %1 z każdych %3 (%4% zniżki na tę partię)."
"CTA button URL","Adres URL przycisku CTA"
"CTA button label","Etykieta przycisku CTA"
"Call-to-action button URL","Adres URL przycisku wezwania do działania"
"Call-to-action button label","Etykieta przycisku wezwania do działania"
"Campaign Information","Informacje o kampanii"
"Campaign Calendar","Kalendarz kampanii"
"Campaign","Kampania"
"Campaign action with id ""%1"" does not exist.","Akcja kampanii o ID ""%1"" nie istnieje."
"Campaign condition with id ""%1"" does not exist.","Warunek kampanii o ID ""%1"" nie istnieje."
"Campaign trigger with id ""%1"" does not exist.","Wyzwalacz kampanii o ID ""%1"" nie istnieje."
"Campaign with id ""%1"" does not exist.","Kampania o ID ""%1"" nie istnieje."
"Campaigns","Kampanie"
"Campaigns by trigger","Kampanie wg wyzwalacza"
"Can be negative (a penalty rule).","Może być ujemna (reguła karząca)."
"Can be negative to subtract points when this rule matches","Może być ujemna, aby odjąć punkty, gdy reguła się dopasuje"
"Cart Abandoned","Koszyk porzucony"
"Cart Price Rule","Reguła cenowa koszyka"
"Cart Price Rule ID","ID reguły cenowej koszyka"
"Cart price rule ID","ID reguły cenowej koszyka"
"Cart with id ""%1"" does not exist.","Koszyk o ID ""%1"" nie istnieje."
"Cascading tiers — every tier the cart subtotal reaches ADDS its gift slots, cumulative","Progi kaskadowe — każdy próg osiągnięty przez sumę koszyka DODAJE swoje miejsca na gratisy, kumulatywnie"
"Category","Kategoria"
"Category ID","ID kategorii"
"Cheapest item in qualifying set free (Ordo Automation)","Najtańszy produkt w kwalifikującym się zestawie gratis (Ordo Automation)"
"Condition","Warunek"
"Conditions","Warunki"
"Conditions (all must match — AND)","Warunki (wszystkie muszą być spełnione — AND)"
"Conditions (all must pass — AND)","Warunki (wszystkie muszą przejść — AND)"
"Configuration","Konfiguracja"
"Contains","Zawiera"
"Content Block Information","Informacje o bloku treści"
"Content Blocks","Bloki treści"
"Content block","Blok treści"
"Content block not found.","Nie znaleziono bloku treści."
"Could not add gift ""%1"" to the cart: %2","Nie udało się dodać gratisu ""%1"" do koszyka: %2"
"Could not delete the campaign action: %1","Nie udało się usunąć akcji kampanii: %1"
"Could not delete the campaign condition: %1","Nie udało się usunąć warunku kampanii: %1"
"Could not delete the campaign trigger: %1","Nie udało się usunąć wyzwalacza kampanii: %1"
"Could not delete the campaign: %1","Nie udało się usunąć kampanii: %1"
"Could not delete the content block: %1","Nie udało się usunąć bloku treści: %1"
"Could not delete the free gift offer: %1","Nie udało się usunąć oferty gratisu: %1"
"Could not delete the free gift product: %1","Nie udało się usunąć produktu-gratisu: %1"
"Could not delete the free gift tier: %1","Nie udało się usunąć progu gratisu: %1"
"Could not delete the offer: %1","Nie udało się usunąć oferty: %1"
"Could not delete the score rule: %1","Nie udało się usunąć reguły punktacji: %1"
"Could not delete the segment: %1","Nie udało się usunąć segmentu: %1"
"Could not save the campaign action: %1","Nie udało się zapisać akcji kampanii: %1"
"Could not save the campaign condition: %1","Nie udało się zapisać warunku kampanii: %1"
"Could not save the campaign trigger: %1","Nie udało się zapisać wyzwalacza kampanii: %1"
"Could not save the campaign: %1","Nie udało się zapisać kampanii: %1"
"Could not save the content block: %1","Nie udało się zapisać bloku treści: %1"
"Could not save the free gift offer: %1","Nie udało się zapisać oferty gratisu: %1"
"Could not save the free gift product: %1","Nie udało się zapisać produktu-gratisu: %1"
"Could not save the free gift tier: %1","Nie udało się zapisać progu gratisu: %1"
"Could not save the offer: %1","Nie udało się zapisać oferty: %1"
"Could not save the score rule: %1","Nie udało się zapisać reguły punktacji: %1"
"Could not save the segment: %1","Nie udało się zapisać segmentu: %1"
"Coupon code prefix","Prefiks kodu kuponu"
"Created","Utworzono"
"Credit Limit","Limit kredytowy"
"Credit Limit Alert","Alert limitu kredytowego"
"Customer ID","ID klienta"
"Customer Registered","Klient zarejestrowany"
"Dashboard","Panel"
"Days Since Last Order","Dni od ostatniego zamówienia"
"Days added per self-extension","Dni dodawane przy samodzielnym przedłużeniu"
"Delay (minutes)","Opóźnienie (minuty)"
"Delete","Usuń"
"Delete %1 ""%2""","Usuń %1 ""%2"""
"Delete raw events older than this many days","Usuwaj surowe zdarzenia starsze niż tyle dni"
"Demographic-attribute lead scoring rules","Reguły punktacji leadów na podstawie atrybutów demograficznych"
"Diagnostic view of detected reorder patterns","Widok diagnostyczny wykrytych wzorców ponownych zakupów"
"Disabled","Wyłączony"
"Drag a block from the palette onto the canvas, then drag from the small dot on the right edge of one node to the dot on the left edge of the next to connect them. A campaign can start from more than one trigger — every one of them must lead all the way through to an Action before you can save. Then ""Apply flow to form & Save"" writes the graph into the form below and saves through the same action the Save button uses.","Przeciągnij blok z palety na płótno, a następnie przeciągnij z małej kropki po prawej stronie jednego węzła do kropki po lewej stronie następnego, aby je połączyć. Kampania może zaczynać się od więcej niż jednego wyzwalacza — każdy z nich musi prowadzić aż do Akcji, zanim będzie można zapisać. Przycisk ""Zastosuj schemat do formularza i zapisz"" zapisuje graf w formularzu poniżej i zapisuje go tą samą akcją, której używa przycisk Zapisz."
"Edit","Edytuj"
"Edit Campaign ""%1""","Edytuj kampanię ""%1"""
"Edit Content Block ""%1""","Edytuj blok treści ""%1"""
"Edit Free Gift Offer ""%1""","Edytuj ofertę gratisu ""%1"""
"Edit Score Rule ""%1""","Edytuj regułę punktacji ""%1"""
"Edit Segment ""%1""","Edytuj segment ""%1"""
"Email","E-mail"
"Email template identifier","Identyfikator szablonu e-maila"
"Enable on-site popups","Włącz popupy na stronie"
"Enabled","Włączony"
"Enter ""Discount Qty Step (Buy X)"" and ""Discount Amount"" (as Y, free qty) to see a preview.","Wpisz ""Krok ilości rabatu (Kup X)"" i ""Kwota rabatu"" (jako Y, ilość gratis), aby zobaczyć podgląd."
"Equals","Równa się"
"Escalate (resend) if not decided within this many days","Eskaluj (wyślij ponownie), jeśli decyzja nie zapadnie w tyle dni"
"Expires","Wygasa"
"Every campaign's trigger(s) and its action chain's timing in one place — ""offset"" is the cumulative wait since the trigger fires, not just that step's own delay, since each action's delay_minutes counts from the PREVIOUS action, not from the start.","Wyzwalacz(e) i harmonogram łańcucha akcji każdej kampanii w jednym miejscu — „przesunięcie” to skumulowany czas oczekiwania od chwili wyzwolenia, a nie samo opóźnienie danego kroku, ponieważ delay_minutes każdej akcji liczy się od POPRZEDNIEJ akcji, a nie od początku."
"Every campaign's trigger(s) and action timing in one place","Wyzwalacz(e) i harmonogram akcji każdej kampanii w jednym miejscu"
"Extend by %1 day(s)","Przedłuż o %1 dni"
"F Quintile","Kwintyl F"
"Feed URL","Adres URL kanału"
"Feed refreshed.","Kanał odświeżony."
"First Name","Imię"
"Flow","Schemat"
"Free Gift Above Threshold","Gratis powyżej progu"
"Free Gift Offer Information","Informacje o ofercie gratisu"
"Free Gift Offers","Oferty gratisów"
"Free gift offer with id ""%1"" does not exist.","Oferta gratisu o ID ""%1"" nie istnieje."
"Free gift offers","Oferty gratisów"
"Free gift product with id ""%1"" does not exist.","Produkt-gratis o ID ""%1"" nie istnieje."
"Free gift tier with id ""%1"" does not exist.","Próg gratisu o ID ""%1"" nie istnieje."
"General","Ogólne"
"Gift pool — SKUs a customer may pick from once eligible","Pula gratisów — SKU, spośród których klient może wybierać po spełnieniu warunków"
"Gift slots this tier adds","Liczba miejsc na gratisy dodawana przez ten próg"
"HTML","HTML"
"HTML Snippet","Fragment HTML"
"Hard-blocks order placement for a logged-in customer whose credit limit utilization has reached 100%. Disabled by default — separate opt-in from the warning email above.","Całkowicie blokuje złożenie zamówienia zalogowanemu klientowi, którego wykorzystanie limitu kredytowego osiągnęło 100%. Domyślnie wyłączone — to ustawienie włącza się osobno, niezależnie od powyższego e-maila ostrzegawczego."
"How many feed items to include","Ile pozycji kanału uwzględnić"
"How many products to include","Ile produktów uwzględnić"
"ID","ID"
"Identifier","Identyfikator"
"Invalid bulk action type.","Nieprawidłowy typ akcji masowej."
"Invalid offer.","Nieprawidłowa oferta."
"Invalid or already-used approval token.","Nieprawidłowy lub już wykorzystany token zatwierdzenia."
"Invalid segment.","Nieprawidłowy segment."
"Item Count","Liczba pozycji"
"Last Name","Nazwisko"
"Last Order","Ostatnie zamówienie"
"Last Recalculated","Ostatnio przeliczono"
"Lead Scoring","Punktacja leadów"
"Leave blank if you filled in Tag / Minimum order total / Minimum score above.","Zostaw puste, jeśli wypełniono powyżej Tag / Minimalna wartość zamówienia / Minimalny wynik."
"Leave blank if you filled in one of the dedicated fields above.","Zostaw puste, jeśli wypełniono jedno z powyższych pól dedykowanych."
"M Quintile","Kwintyl M"
"Manage cascading-tier gift offers and their gift pools","Zarządzaj ofertami gratisów z progami kaskadowymi i ich pulami gratisów"
"Maximum reminders per cart","Maksymalna liczba przypomnień na koszyk"
"Maximum times a customer can self-extend an offer","Maksymalna liczba samodzielnych przedłużeń oferty przez klienta"
"Message","Wiadomość"
"Minimum cart subtotal","Minimalna suma koszyka"
"Minimum cart subtotal to trigger a reminder","Minimalna wartość koszyka, żeby wysłać przypomnienie"
"Minimum days between repeated alerts for the same threshold","Minimalna liczba dni między powtórnymi alertami dla tego samego progu"
"Minimum order total","Minimalna wartość zamówienia"
"Minimum orders to detect a pattern","Minimalna liczba zamówień do wykrycia wzorca"
"Minimum score","Minimalny wynik"
"Minimum time between two popups shown to the same visitor/customer. 0 disables the cap.","Minimalny czas między dwoma popupami pokazanymi temu samemu odwiedzającemu/klientowi. 0 wyłącza limit."
"Missing campaign id.","Brak ID kampanii."
"Missing content block id.","Brak ID bloku treści."
"Missing free gift offer id.","Brak ID oferty gratisu."
"Missing score rule id.","Brak ID reguły punktacji."
"Missing segment id.","Brak ID segmentu."
"My Offers","Moje oferty"
"Name","Nazwa"
"New Campaign","Nowa kampania"
"New Content Block","Nowy blok treści"
"New Free Gift Offer","Nowa oferta gratisu"
"New Score Rule","Nowa reguła punktacji"
"New Segment","Nowy segment"
"Next Expected","Następne oczekiwane"
"No authenticated customer for this request.","Brak zalogowanego klienta dla tego żądania."
"No actions configured","Brak skonfigurowanych akcji"
"No campaigns yet — create one to get started.","Brak kampanii — utwórz pierwszą, aby zacząć."
"No customers currently match this segment.","Obecnie żaden klient nie pasuje do tego segmentu."
"No free items — Y is 0. Set ""Discount Amount"" to how many should be free.","Brak darmowych produktów — Y wynosi 0. Ustaw ""Kwotę rabatu"" na liczbę sztuk, które mają być gratis."
"No trigger configured","Nie skonfigurowano wyzwalacza"
"Not Equals","Różne od"
"Not eligible for extension","Nie kwalifikuje się do przedłużenia"
"Offer ""%1"" has been extended to %2.","Oferta ""%1"" została przedłużona do %2."
"Offer Expiry Reminder","Przypomnienie o wygaśnięciu oferty"
"Offer with id ""%1"" does not exist.","Oferta o ID ""%1"" nie istnieje."
"On-Site Behavior Tracking","Śledzenie zachowania na stronie"
"Operator","Operator"
"Order Approval Admin Email","E-mail administratora zatwierdzenia zamówień"
"Order Approval Workflow","Proces zatwierdzania zamówień"
"Order Placed","Zamówienie złożone"
"Order Spend Limit (requires approval above this amount)","Limit wartości zamówienia (wymaga zatwierdzenia powyżej tej kwoty)"
"Order approval with id ""%1"" does not exist or is no longer pending.","Zatwierdzenie zamówienia o ID ""%1"" nie istnieje lub nie oczekuje już na decyzję."
"Order approval with id ""%1"" does not exist.","Zatwierdzenie zamówienia o ID ""%1"" nie istnieje."
"Orders","Zamówienia"
"Orders Considered","Uwzględnione zamówienia"
"Ordo Automation","Ordo Automation"
"Ordo Automation Campaigns","Ordo Automation — kampanie"
"Ordo Automation Content Blocks","Ordo Automation — bloki treści"
"Ordo Automation Free Gifts","Ordo Automation — gratisy"
"Ordo Automation Score Rules","Ordo Automation — reguły punktacji"
"Ordo Automation Section","Ordo Automation — sekcja"
"Ordo Automation Segments","Ordo Automation — segmenty"
"Output variable name (optional)","Nazwa zmiennej wyjściowej (opcjonalnie)"
"Params (JSON)","Parametry (JSON)"
"Params (JSON) — only needed for a condition type without a dedicated field above","Parametry (JSON) — potrzebne tylko dla typu warunku bez dedykowanego pola powyżej"
"Params (JSON) — only needed for an action type without a dedicated field above","Parametry (JSON) — potrzebne tylko dla typu akcji bez dedykowanego pola powyżej"
"Please enter a tag.","Podaj tag."
"Please enter a valid number of points.","Podaj prawidłową liczbę punktów."
"Points","Punkty"
"Points (used by ""Add Points"")","Punkty (używane przez ""Dodaj punkty"")"
"Popup body","Treść popupu"
"Popup frequency cap (hours)","Limit częstotliwości popupów (godziny)"
"Popup headline","Nagłówek popupu"
"Popup poll interval (seconds)","Interwał odpytywania popupów (sekundy)"
"Preview","Podgląd"
"Product Feed","Kanał produktowy"
"Products","Produkty"
"Queued ""%1"" for %2 matching customer(s).","Zakolejkowano ""%1"" dla %2 pasujących klientów."
"R Quintile","Kwintyl R"
"RFM Report","Raport RFM"
"RFM Score","Wynik RFM"
"RSS 2.0 feed URL, refetched every 30 minutes by cron (or on demand via ""Refresh Feed Now"")","Adres URL kanału RSS 2.0, pobierany ponownie co 30 minut przez cron (lub na żądanie przez ""Odśwież kanał teraz"")"
"RSS Feed","Kanał RSS"
"Raw HTML to embed for a ""snippet"" block.","Surowy HTML do osadzenia dla bloku typu ""fragment""."
"Recency, frequency and spend quintiles across all customers","Kwintyle świeżości, częstotliwości i wydatków dla wszystkich klientów"
"Recovered revenue","Odzyskany przychód"
"Reference","Odnośnik"
"Refresh Feed Now","Odśwież kanał teraz"
"Refresh failed: %1","Odświeżanie nie powiodło się: %1"
"Remove","Usuń"
"Reorder Cycles","Cykle ponownych zakupów"
"Reorder Reminder","Przypomnienie o reorderze"
"Reorder cycle with id ""%1"" does not exist.","Cykl ponownych zakupów o ID ""%1"" nie istnieje."
"Responded","Odpowiedziano"
"Response rate","Wskaźnik odpowiedzi"
"Reusable HTML snippet, RSS, and product feed blocks for campaign emails","Reużywalne bloki treści (fragmenty HTML, RSS i kanały produktowe) do e-maili kampanii"
"Run Bulk Action","Uruchom akcję masową"
"Runs against everyone currently matching this segment's conditions. The action is queued and applied asynchronously.","Uruchamiane dla wszystkich obecnie spełniających warunki tego segmentu. Akcja jest kolejkowana i wykonywana asynchronicznie."
"SKU","SKU"
"SKU ""%1"" is not an eligible free gift for this cart.","SKU ""%1"" nie kwalifikuje się jako gratis dla tego koszyka."
"Sales Rep Signature & Digest","Podpis i podsumowanie dla opiekuna handlowego"
"Save & Continue Edit","Zapisz i kontynuuj edycję"
"Save Campaign","Zapisz kampanię"
"Save Content Block","Zapisz blok treści"
"Save Offer","Zapisz ofertę"
"Save Score Rule","Zapisz regułę punktacji"
"Save Segment","Zapisz segment"
"Saved, reusable customer conditions — reference from any campaign via the ""In Segment"" condition","Zapisane, reużywalne warunki klienta — odwołuj się z dowolnej kampanii przez warunek ""W segmencie"""
"Score Rule Information","Informacje o regule punktacji"
"Score Rules","Reguły punktacji"
"Score Threshold","Próg punktowy"
"Score Threshold Crossed","Przekroczono próg punktowy"
"Searchable — includes core customer fields and EAV custom attributes","Z wyszukiwaniem — obejmuje podstawowe pola klienta i niestandardowe atrybuty EAV"
"Segment Information","Informacje o segmencie"
"Segments","Segmenty"
"Send reminder N days before the expected date","Wyślij przypomnienie N dni przed oczekiwaną datą"
"Send reminder N days before the offer expires","Wyślij przypomnienie N dni przed wygaśnięciem oferty"
"Send reminder N minutes after last cart activity","Wyślij przypomnienie N minut po ostatniej aktywności w koszyku"
"Send weekly digest to reps","Wysyłaj cotygodniowe podsumowanie do opiekunów"
"Sent","Wysłano"
"Sort Order","Kolejność sortowania"
"Source","Źródło"
"Status","Status"
"Tag","Tag"
"Tag (used by ""Add Tag"")","Tag (używany przez ""Dodaj tag"")"
"Tag Added","Tag dodany"
"Tag a customer ""inactive"" after this many days without an order","Oznacz klienta jako ""nieaktywny"" po tylu dniach bez zamówienia"
"Tag a customer after this many clicks on the same tracked element","Otaguj klienta po tylu kliknięciach w ten sam śledzony element"
"Tag a customer after this many views of the same item","Otaguj klienta po tylu wyświetleniach tego samego produktu"
"The campaign has been deleted.","Kampania została usunięta."
"The campaign has been saved.","Kampania została zapisana."
"The content block has been deleted.","Blok treści został usunięty."
"The content block has been saved.","Blok treści został zapisany."
"The free gift offer has been deleted.","Oferta gratisu została usunięta."
"The free gift offer has been saved.","Oferta gratisu została zapisana."
"The gift selection contains duplicate SKUs.","Wybór gratisów zawiera zduplikowane SKU."
"The order for this approval could not be found.","Nie znaleziono zamówienia dla tego zatwierdzenia."
"The score rule has been deleted.","Reguła punktacji została usunięta."
"The score rule has been saved.","Reguła punktacji została zapisana."
"The segment has been deleted.","Segment został usunięty."
"The segment has been saved.","Segment został zapisany."
"This campaign no longer exists.","Ta kampania już nie istnieje."
"This content block is not an RSS feed.","Ten blok treści nie jest kanałem RSS."
"This content block no longer exists.","Ten blok treści już nie istnieje."
"This free gift offer no longer exists.","Ta oferta gratisu już nie istnieje."
"This offer could not be found.","Nie znaleziono tej oferty."
"This offer has already been extended the maximum of %1 time(s).","Ta oferta była już przedłużana maksymalną liczbę razy: %1."
"This score rule no longer exists.","Ta reguła punktacji już nie istnieje."
"This segment no longer exists.","Ten segment już nie istnieje."
"Tiers","Progi"
"Total","Razem"
"Total Spend","Łączne wydatki"
"Total campaigns","Łącznie kampanii"
"Tracked reorder cycles","Śledzone cykle ponownych zakupów"
"Trigger","Wyzwalacz"
"Trigger Event","Zdarzenie wyzwalające"
"Trigger performance","Skuteczność wyzwalacza"
"Triggers","Wyzwalacze"
"Trigger(s)","Wyzwalacz(e)"
"Triggers, thresholds, tracking, and more","Wyzwalacze, progi, śledzenie i więcej"
"Triggers: %1","Wyzwalacze: %1"
"Type","Typ"
"Unique machine identifier, referenced by a campaign's ""Add Dynamic Content"" action","Unikalny identyfikator maszynowy, do którego odwołuje się akcja kampanii ""Dodaj dynamiczną treść"""
"Updated","Zaktualizowano"
"Value","Wartość"
"Visitor Tag Added (anonymous)","Dodano tag anonimowemu odwiedzającemu"
"Wait this long after the previous step (or the trigger, for the first action) before running this one. 0 runs immediately.","Odczekaj tyle po poprzednim kroku (lub wyzwalaczu, dla pierwszej akcji) przed uruchomieniem tego. 0 uruchamia natychmiast."
"Warn at this % of credit limit used","Ostrzegaj przy takim % wykorzystania limitu kredytowego"
"You have no offers yet.","Nie masz jeszcze żadnych ofert."
"You may select at most %1 gift(s) with the current cart subtotal.","Przy obecnej sumie koszyka możesz wybrać maksymalnie %1 gratisów."
"Your order could not be placed because your account has reached its credit limit. Please contact your sales representative.","Twoje zamówienie nie mogło zostać złożone, ponieważ Twoje konto osiągnęło limit kredytowy. Skontaktuj się ze swoim opiekunem handlowym."
"campaign","kampania"
"content block","blok treści"
"e.g. {""tag"":""vip""}, {""amount"":""100""}, {""threshold"":""50""}, {""days"":""30""}, {""count"":""3""}, {""segment_id"":""2""} — see the condition type's docblock in Model/Campaign/Condition/ for the exact keys it reads.","np. {""tag"":""vip""}, {""amount"":""100""}, {""threshold"":""50""}, {""days"":""30""}, {""count"":""3""}, {""segment_id"":""2""} — dokładne klucze sprawdź w docblocku danego typu warunku w Model/Campaign/Condition/."
"free gift offer","oferta gratisu"
"score rule","reguła punktacji"
"immediate","natychmiast"
"segment","segment"
"Customer 360","Customer 360"
"Customer email","E-mail klienta"
"Find a customer","Znajdź klienta"
"Search","Szukaj"
"← Back to Dashboard","← Wróć do panelu"
"Lead score","Wynik lead score"
"Loyalty tier","Poziom lojalności"
"NPS score","Wynik NPS"
"Never surveyed","Nigdy nie ankietowany"
"RFM / order history","RFM / historia zamówień"
"RFM score","Wynik RFM"
"Not yet computed","Jeszcze nieobliczony"
"Days since last order","Dni od ostatniego zamówienia"
"Never ordered","Nigdy nie zamówił"
"Total orders","Łączna liczba zamówień"
"Lifetime spend","Łączna wartość zakupów"
"Tags","Tagi"
"No tags.","Brak tagów."
"Qualifies for segments","Kwalifikuje się do segmentów"
"No matching enabled segments.","Brak pasujących, włączonych segmentów."
"No customer found for that email.","Nie znaleziono klienta o tym adresie e-mail."
"Referral Program","Program poleceń"
"Email Template Version History","Historia wersji szablonów e-mail"
"Email Template Versions","Wersje szablonów e-mail"
"Could not restore template ""%1"": %2","Nie udało się przywrócić szablonu ""%1"": %2"
"Restored %1 template version(s).","Przywrócono %1 wersję(e) szablonu."
"AI-Agent Commerce Readiness","Gotowość na agentów AI"
"Description","Opis"
"Contact Email","E-mail kontaktowy"
"Requests Per Minute Per API Key","Zapytań na minutę na klucz API"
"Estimated Delivery Days","Szacowany czas dostawy (dni)"
"AI-agent commerce endpoints are disabled.","Endpointy dla agentów AI są wyłączone."
"Missing or invalid API key.","Brak lub nieprawidłowy klucz API."
"Rate limit exceeded.","Przekroczono limit zapytań."
"None of the requested SKUs could be quoted.","Żadnego z podanych SKU nie udało się wycenić."
"Ordo Automation Customer 360","Ordo Automation Customer 360"
"Ordo Automation Email Template Versioning","Ordo Automation Wersje szablonów e-mail"
"Level","Poziom"
"Refresh","Odśwież"
"Provider Message ID","ID wiadomości dostawcy"
"Entity ID","ID encji"
"Good news — the product you were watching is back in stock.","Dobra wiadomość — obserwowany produkt jest znów dostępny."
"Template ID","ID szablonu"
"Submitted At","Przesłano"
"Per-customer marketing consent, data export, and erasure","Zgoda marketingowa, eksport i usuwanie danych dla poszczególnych klientów"
"Reorder cycle recalculation failed: %1","Przeliczenie cyklu ponownych zakupów nie powiodło się: %1"
"Browse and act on pending order approvals without the original decision email","Przeglądaj oczekujące zatwierdzenia zamówień i podejmuj decyzje bez oryginalnego e-maila decyzyjnego"
"Are you sure you want to delete this lead routing rule?","Czy na pewno chcesz usunąć tę regułę routingu leadów?"
"Channels & Content","Kanały i treść"
"Include an opt-out instruction (e.g. ""Reply STOP to unsubscribe"") in the first message to any recipient — required by Twilio's messaging policy and, in the US, the TCPA.","Dołącz instrukcję rezygnacji (np. „Odpowiedz STOP, aby zrezygnować”) w pierwszej wiadomości do każdego odbiorcy — wymaga tego polityka wiadomości Twilio oraz, w USA, ustawa TCPA."
"Order Approvals","Zatwierdzenia zamówień"
"Clicked","Kliknięto"
"Invalid consent update request.","Nieprawidłowe żądanie aktualizacji zgody."
"Done","Gotowe"
"Customer Email","E-mail klienta"
"Post-Purchase Thank You + Coupon","Podziękowanie po zakupie + kupon"
"0 / %1 characters","0 / %1 znaków"
"Subject","Temat"
"Sent At","Wysłano"
"Missing reorder cycle id.","Brak ID cyklu ponownych zakupów."
"Upcoming","Nadchodzące"
"Failure","Niepowodzenie"
"Variant","Wariant"
"Referral Converted (referred customer placed their first order)","Polecenie skonwertowane (polecony klient złożył pierwsze zamówienie)"
"Send a reorder reminder email to this customer now?","Wysłać temu klientowi teraz e-mail z przypomnieniem o reorderze?"
"Send reorder reminder","Wyślij przypomnienie o reorderze"
"Erase all data","Usuń wszystkie dane"
"Attributed Revenue","Przypisany przychód"
"All conditions (AND)","Wszystkie warunki (AND)"
"Data subject actions","Działania dotyczące osoby, której dane dotyczą"
"External Audience ID","Zewnętrzne ID grupy odbiorców"
"Could not build the cart: %1","Nie udało się zbudować koszyka: %1"
"That customer no longer exists.","Ten klient już nie istnieje."
"Are you sure you want to delete the selected campaign(s)?","Czy na pewno chcesz usunąć wybrane kampanie?"
"Campaign ""%1"" was imported.","Kampania „%1” została zaimportowana."
"Too many attempts. Please wait a while and try again.","Zbyt wiele prób. Odczekaj chwilę i spróbuj ponownie."
"Opted in","Wyraził zgodę"
"Standard 5-field cron, e.g. ""0 8 * * 1"" for every Monday at 08:00. Precision is bounded by the 5-minute scan interval — a minute field that isn't a multiple of 5 will never match.","Standardowe wyrażenie cron z 5 polami, np. „0 8 * * 1” dla każdego poniedziałku o 8:00. Precyzja jest ograniczona 5-minutowym interwałem skanowania — pole minut niebędące wielokrotnością 5 nigdy nie zostanie dopasowane."
"Read-only: inbound SMS/WhatsApp replies per customer, including STOP-keyword opt-outs","Tylko do odczytu: przychodzące odpowiedzi SMS/WhatsApp dla poszczególnych klientów, w tym rezygnacje ze słowem kluczowym STOP"
"Reset the cached RFM score for the selected customer(s)? It will be recomputed on the next scheduled run (or live in the meantime).","Zresetować zapisany wynik RFM dla wybranych klientów? Zostanie przeliczony przy najbliższym zaplanowanym uruchomieniu (lub na bieżąco w międzyczasie)."
"Only APPROVED templates appear here — the WhatsApp Business Platform never allows a free-form message from a campaign send.","Tutaj pojawiają się tylko szablony ZATWIERDZONE — WhatsApp Business Platform nigdy nie zezwala na dowolną treść wiadomości wysyłanej z kampanii."
"Drift ratio, at least (1.0 = exactly on schedule)","Współczynnik odchylenia, co najmniej (1.0 = dokładnie zgodnie z harmonogramem)"
"Added to Cart","Dodano do koszyka"
"A total of %1 score rule(s) have been disabled.","Wyłączono łącznie %1 regułę(y) punktacji."
"Browse Abandoned (viewed a product, no order since)","Porzucone przeglądanie (obejrzano produkt, brak zamówienia od tego czasu)"
"Changes","Zmiany"
"Last Synced At","Ostatnio zsynchronizowano"
"Save Lead Routing Rule","Zapisz regułę routingu leadów"
"Language","Język"
"To","Do"
"Export all data (JSON)","Eksportuj wszystkie dane (JSON)"
"Fri","Pt"
"Shopping feed","Kanał zakupowy"
"New WhatsApp Template","Nowy szablon WhatsApp"
"Leave blank to match every customer (a catch-all/default pool rule)","Pozostaw puste, aby dopasować każdego klienta (reguła domyślna/wychwytująca wszystko)"
"Error","Błąd"
"Reordered?","Zamówił ponownie?"
"Welcome New Customer","Powitanie nowego klienta"
"ad audience","grupa odbiorców reklamowych"
"Refresh Now","Odśwież teraz"
"Import Campaign","Importuj kampanię"
"Build a segment","Zbuduj segment"
"Match order — the first enabled rule that matches a customer wins","Kolejność dopasowania — wygrywa pierwsza włączona reguła pasująca do klienta"
"Webhook Received (signed, from an external system)","Otrzymano webhook (podpisany, z systemu zewnętrznego)"
"Price Drop","Spadek ceny"
"Maximum days since last order","Maksymalna liczba dni od ostatniego zamówienia"
"Lead Routing Rule Information","Informacje o regule routingu leadów"
"Segment Overlap","Nakładanie się segmentów"
"Not calculated yet","Jeszcze nieobliczone"
"Send a real test message on any channel to catch a typo'd placeholder before a real customer does. Consent, quiet hours, and frequency caps are all skipped - this always attempts to send.","Wyślij prawdziwą testową wiadomość na dowolnym kanale, aby wyłapać błędny symbol zastępczy, zanim zrobi to prawdziwy klient. Zgoda, ciche godziny i limity częstotliwości są pomijane - wysyłka jest zawsze podejmowana."
"A total of %1 campaign(s) have been enabled.","Włączono łącznie %1 kampanię(e)."
"Could not save the ad audience: %1","Nie udało się zapisać grupy odbiorców reklamowych: %1"
"Event","Zdarzenie"
"Delete the selected price watch subscription(s)? This cancels the watch - the customer or guest will need to register it again to be notified.","Usunąć wybrane subskrypcje obserwacji ceny? To anuluje obserwację - klient lub gość będzie musiał zarejestrować ją ponownie, aby otrzymać powiadomienie."
"lead routing rule","reguła routingu leadów"
"Opted out","Zrezygnował"
"Enable in Configuration","Włącz w konfiguracji"
"Segments, tags, RFM, lead score, NPS and loyalty tier for one customer","Segmenty, tagi, RFM, wynik leada, NPS i poziom lojalności dla jednego klienta"
"Meta Template ID","ID szablonu Meta"
"Order approvals stuck","Zablokowane zatwierdzenia zamówień"
"Summary","Podsumowanie"
"Opt in","Wyrażenie zgody"
"SMS","SMS"
"Add New Lead Routing Rule","Dodaj nową regułę routingu leadów"
"Customer","Klient"
"Import %1","Importuj %1"
"Every snapshot taken of a Magento email template, with a restore option","Każdy zrzut wykonany dla szablonu e-mail Magento, wraz z opcją przywrócenia"
"Open Setup Guide","Otwórz przewodnik konfiguracji"
"Conversations","Konwersacje"
"Delete lead routing rules","Usuń reguły routingu leadów"
"Last Known Price","Ostatnia znana cena"
"Notified Admin","Powiadomiono administratora"
"Ad Audience Information","Informacje o grupie odbiorców reklamowych"
"Add New Template","Dodaj nowy szablon"
"Order count, at least","Liczba zamówień, co najmniej"
"Could not save the lead routing rule: %1","Nie udało się zapisać reguły routingu leadów: %1"
"Are you sure you want to delete the selected lead routing rule(s)?","Czy na pewno chcesz usunąć wybrane reguły routingu leadów?"
"Entity","Encja"
"Edit Lead Routing Rule ""%1""","Edytuj regułę routingu leadów „%1”"
"Segment ID","ID segmentu"
"Refresh Status from Meta","Odśwież status z Meta"
"+%1 hours","+%1 godz."
"A total of %1 push subscription(s) have been deleted.","Usunięto łącznie %1 subskrypcję(e) powiadomień push."
"No sends recorded for this campaign yet.","Dla tej kampanii nie odnotowano jeszcze żadnych wysyłek."
"Pick two different segments.","Wybierz dwa różne segmenty."
"SMS message","Wiadomość SMS"
"The ad audience has been deleted.","Grupa odbiorców reklamowych została usunięta."
"Segment A","Segment A"
"Admin User","Użytkownik administracyjny"
"Free Gift Offer","Oferta gratisu"
"Sun","Ndz"
"Delete free gift offers","Usuń oferty gratisów"
"SKU (optional)","SKU (opcjonalnie)"
"Group (nested AND/OR)","Grupa (zagnieżdżone AND/OR)"
"Params (comma-separated)","Parametry (oddzielone przecinkami)"
"Setup Guide","Przewodnik konfiguracji"
"← Back to Campaign Action Timeline","← Powrót do osi czasu akcji kampanii"
"Every browser/device Web Push subscription currently registered","Każda aktualnie zarejestrowana subskrypcja powiadomień push (przeglądarka/urządzenie)"
"Read-only: raw delivery status of every SMS/email a campaign action sent","Tylko do odczytu: surowy status dostarczenia każdego SMS-a/e-maila wysłanego przez akcję kampanii"
"Cart built for this customer - review and place the order below.","Koszyk zbudowany dla tego klienta - sprawdź i złóż zamówienie poniżej."
"Stop Keyword","Słowo kluczowe STOP"
"A total of %1 free gift offer(s) have been enabled.","Włączono łącznie %1 ofertę(y) gratisu."
"Create","Utwórz"
"Full Screen","Pełny ekran"
"Start a new order for this customer with this product already added?","Rozpocząć nowe zamówienie dla tego klienta z już dodanym tym produktem?"
"Build Cart","Zbuduj koszyk"
"Scheduled Campaign Calendar","Kalendarz zaplanowanych kampanii"
"The ad audience has been saved.","Grupa odbiorców reklamowych została zapisana."
"Product","Produkt"
"Tue","Wt"
"Cron Run Log","Dziennik uruchomień crona"
"Not set up yet — publish your catalog as a Google Merchant Center feed to unlock free Google Shopping listings.","Jeszcze nieskonfigurowane — opublikuj katalog jako kanał Google Merchant Center, aby odblokować bezpłatne oferty w Google Shopping."
"Content Block","Blok treści"
"Price Watch Subscriptions","Subskrypcje obserwacji ceny"
"Mon","Pon"
"Segment not found.","Nie znaleziono segmentu."
"Reset the cached RFM score for %1 customer(s) — recomputed on the next scheduled run (or live in the meantime).","Zresetowano zapisany wynik RFM dla %1 klientów — zostanie przeliczony przy najbliższym zaplanowanym uruchomieniu (lub na bieżąco w międzyczasie)."
"Lead Routing Rules","Reguły routingu leadów"
"Send Reminder Now","Wyślij przypomnienie teraz"
"Crons failed (last 24h)","Nieudane uruchomienia crona (ostatnie 24h)"
"Read-only: every shopping feed generation attempt, per store - success/error, item count","Tylko do odczytu: każda próba wygenerowania kanału zakupowego dla danego sklepu - sukces/błąd, liczba pozycji"
"Refresh this template's status from Meta?","Odświeżyć status tego szablonu z Meta?"
"Undelivered","Niedostarczono"
"Decided","Zdecydowano"
"A total of %1 content block(s) have been deleted.","Usunięto łącznie %1 blok(i) treści."
"Are you sure you want to delete the selected WhatsApp template(s)?","Czy na pewno chcesz usunąć wybrane szablony WhatsApp?"
"Product Feed Health","Kondycja kanału produktowego"
"Delete content blocks","Usuń bloki treści"
"Score Rule","Reguła punktacji"
"From","Od"
"Notified","Powiadomiono"
"Recalculate Now","Przelicz teraz"
"Review Request Due (N days after a completed order)","Termin prośby o recenzję (N dni po zakończonym zamówieniu)"
"Compare","Porównaj"
"Add New Ad Audience","Dodaj nową grupę odbiorców reklamowych"
"Conversion Rate","Współczynnik konwersji"
"Product ID","ID produktu"
"Yes - defer to this customer's own historically-best open/click hour (Model\Campaign\SendTimeOptimizer), when enough history exists","Tak - opóźnij do historycznie najlepszej dla tego klienta godziny otwarcia/kliknięcia (Model\Campaign\SendTimeOptimizer), gdy dostępna jest wystarczająca historia"
"Approve","Zatwierdź"
"Recency (days since last order, at most)","Świeżość (dni od ostatniego zamówienia, co najwyżej)"
"Up to 10 conditions per list (this one, or a single group's own nested list).","Do 10 warunków na listę (tę lub własną zagnieżdżoną listę pojedynczej grupy)."
"Restore template version(s)","Przywróć wersje szablonu"
"Google Merchant Center feed URL:","Adres URL kanału Google Merchant Center:"
"Back In Stock","Ponownie dostępny"
"View Scheduled Campaign Calendar →","Zobacz kalendarz zaplanowanych kampanii →"
"WhatsApp template","szablon WhatsApp"
"Notification body","Treść powiadomienia"
"Submit for Review","Prześlij do weryfikacji"
"Are you sure you want to delete the selected reorder cycle(s)?","Czy na pewno chcesz usunąć wybrane cykle ponownych zakupów?"
"Endpoint","Punkt końcowy"
"(deleted campaign)","(usunięta kampania)"
"WhatsApp","WhatsApp"
"Wed","Śr"
"Ad Audience","Grupa odbiorców reklamowych"
"A later ""Send Email"" action in this same chain can render the result with {{var <output variable name>|raw}}. Defaults to ""ai_content_html"" if left blank.","Późniejsza akcja „Wyślij e-mail” w tym samym łańcuchu może wyświetlić wynik za pomocą {{var <nazwa zmiennej wyjściowej>|raw}}. Jeśli pole pozostanie puste, domyślnie użyta zostanie nazwa „ai_content_html”."
"Email address, or +15551234567 for SMS/WhatsApp","Adres e-mail lub numer w formacie +15551234567 dla SMS/WhatsApp"
"Send a real test email/SMS/WhatsApp message to catch a typo before a customer does","Wyślij prawdziwą testową wiadomość e-mail/SMS/WhatsApp, aby wyłapać literówkę, zanim zrobi to klient"
"Edit WhatsApp Template ""%1""","Edytuj szablon WhatsApp „%1”"
"A total of %1 content block(s) have been disabled.","Wyłączono łącznie %1 blok(i) treści."
"-- Select --","-- Wybierz --"
"Delete price watch subscription(s)","Usuń subskrypcje obserwacji ceny"
"Are you sure you want to delete the selected segment(s)?","Czy na pewno chcesz usunąć wybrane segmenty?"
"Leave blank to match any product.","Pozostaw puste, aby dopasować dowolny produkt."
"Sales Reps","Opiekunowie handlowi"
"Segment","Segment"
"You have unsaved changes on this page — the count below still reflects this segment's last saved conditions, not what's currently on screen.","Na tej stronie masz niezapisane zmiany — poniższa liczba nadal odzwierciedla ostatnio zapisane warunki tego segmentu, a nie to, co jest obecnie na ekranie."
"Update","Aktualizuj"
"Meta Template Name","Nazwa szablonu Meta"
"Used instead of a real Ollama response whenever AI content generation is disabled, unconfigured, or the local instance times out - the send is never blocked by this action.","Używane zamiast prawdziwej odpowiedzi Ollama, gdy generowanie treści AI jest wyłączone, nieskonfigurowane lub lokalna instancja przekroczy limit czasu - ta akcja nigdy nie blokuje wysyłki."
"Message Log","Dziennik wiadomości"
"""All"" (AND) requires every condition below to match; ""Any"" (OR) requires only one.","„Wszystkie” (AND) wymaga spełnienia każdego z poniższych warunków; „Dowolny” (OR) wymaga spełnienia tylko jednego."
"The lead routing rule has been deleted.","Reguła routingu leadów została usunięta."
"File","Plik"
"Admin Action Log","Dziennik akcji administratora"
"Delete campaigns","Usuń kampanie"
"See how many customers match two segments at once","Zobacz, ilu klientów spełnia jednocześnie warunki dwóch segmentów"
"Combines this group's own conditions below with AND/OR, independently of the segment's top-level setting.","Łączy poniższe warunki tej grupy za pomocą AND/OR, niezależnie od ustawienia nadrzędnego segmentu."
"Ad Audiences","Grupy odbiorców reklamowych"
"Export","Eksportuj"
"Could not delete the ad audience: %1","Nie udało się usunąć grupy odbiorców reklamowych: %1"
"New Ad Audience","Nowa grupa odbiorców reklamowych"
"Use {{1}}, {{2}}, ... for placeholders filled positionally by the send_whatsapp campaign action's own ""params"" field at send time. Max 1024 characters, matching Meta's own WhatsApp template body limit.","Użyj {{1}}, {{2}}, ... jako symboli zastępczych wypełnianych pozycyjnie przez pole „params” akcji kampanii send_whatsapp w momencie wysyłki. Maks. 1024 znaki, zgodnie z limitem treści szablonu WhatsApp narzuconym przez Meta."
"Rejection Reason","Powód odrzucenia"
"A total of %1 ad audience(s) have been disabled.","Wyłączono łącznie %1 grupę(y) odbiorców reklamowych."
"Recurring Schedule","Harmonogram cykliczny"
"Failed","Niepowodzenie"
"Next month →","Następny miesiąc →"
"Note","Uwaga"
"Product Count","Liczba produktów"
"Survey question","Pytanie ankietowe"
"New here? Finish setting up Ordo Automation.","Nowy tutaj? Dokończ konfigurację Ordo Automation."
"Segment ""%1"" was imported.","Segment „%1” został zaimportowany."
"Could not submit the template to Meta: %1","Nie udało się przesłać szablonu do Meta: %1"
"Output variable name","Nazwa zmiennej wyjściowej"
"Platform","Platforma"
"Any condition (OR)","Dowolny warunek (OR)"
"Loyalty tiers","Poziomy lojalności"
"Revenue","Przychód"
"Pick two segments to see how many customers currently match both — useful for avoiding message fatigue from campaigns that unknowingly target the same people.","Wybierz dwa segmenty, aby zobaczyć, ilu klientów spełnia obecnie warunki obu — przydatne, by uniknąć przesytu komunikatami z kampanii nieświadomie kierowanych do tych samych osób."
"Missing WhatsApp template id.","Brak ID szablonu WhatsApp."
"Read-only: every summary/failure line every cron in this module has logged","Tylko do odczytu: każdy wiersz podsumowania/błędu zapisany przez dowolny cron w tym module"
"Customers currently matching this segment's saved conditions.","Klienci obecnie spełniający zapisane warunki tego segmentu."
"Template parameters (comma-separated, optional)","Parametry szablonu (oddzielone przecinkami, opcjonalnie)"
"Product feed refresh failed: %1","Odświeżenie kanału produktowego nie powiodło się: %1"
"Date/time (store timezone)","Data/godzina (strefa czasowa sklepu)"
"A total of %1 free gift offer(s) have been disabled.","Wyłączono łącznie %1 ofertę(y) gratisu."
"Fallback text","Tekst zapasowy"
"A total of %1 lead routing rule(s) have been disabled.","Wyłączono łącznie %1 regułę(y) routingu leadów."
"The WhatsApp template has been saved.","Szablon WhatsApp został zapisany."
"Restore the selected version(s)? This overwrites each version's template with this snapshot's subject/content, and itself creates a new snapshot of the resulting state.","Przywrócić wybrane wersje? To nadpisze szablon każdej wersji tematem/treścią z tego zrzutu i samo utworzy nowy zrzut wynikowego stanu."
"Fills the template's {{1}}, {{2}}, ... placeholders in order, e.g. for a template body of ""Hi {{1}}, your order {{2}} shipped"": John,ORD-1234","Wypełnia po kolei symbole zastępcze szablonu {{1}}, {{2}}, ... np. dla treści szablonu „Hi {{1}}, your order {{2}} shipped”: John,ORD-1234"
"Google Ads","Google Ads"
"Search palette blocks","Szukaj bloków w palecie"
"Campaigns & Automation","Kampanie i automatyzacja"
"Could not send the reminder: %1","Nie udało się wysłać przypomnienia: %1"
"A total of %1 lead routing rule(s) have been deleted.","Usunięto łącznie %1 regułę(y) routingu leadów."
"Go","Przejdź"
"Are you sure you want to delete the selected free gift offer(s)?","Czy na pewno chcesz usunąć wybrane oferty gratisów?"
"A total of %1 segment(s) have been deleted.","Usunięto łącznie %1 segment(y)."
"Template Test Send","Testowa wysyłka szablonu"
"The lead routing rule has been saved.","Reguła routingu leadów została zapisana."
"Approved","Zatwierdzone"
"Converted","Skonwertowano"
"Variants","Warianty"
"Segment B size:","Wielkość segmentu B:"
"Look up one customer by email to view or change their marketing consent, export their data, or permanently erase it — for handling a GDPR/data-protection rights request.","Wyszukaj klienta po e-mailu, aby wyświetlić lub zmienić jego zgodę marketingową, wyeksportować jego dane albo trwale je usunąć — do obsługi żądań RODO/ochrony danych."
"A total of %1 segment(s) have been disabled.","Wyłączono łącznie %1 segment(y)."
"SMS (Twilio) or WhatsApp (Meta) — a campaign's send_sms/send_whatsapp action silently fails at dispatch time until credentials are set here.","SMS (Twilio) lub WhatsApp (Meta) — akcja kampanii send_sms/send_whatsapp będzie po cichu zawodzić w momencie wysyłki, dopóki nie ustawisz tu danych uwierzytelniających."
"Read-only: every admin save of a Campaign or Segment - who, when, and what changed","Tylko do odczytu: każdy zapis kampanii lub segmentu przez administratora - kto, kiedy i co zmienił"
"Audience & Targeting","Odbiorcy i targetowanie"
"Delete score rules","Usuń reguły punktacji"
"Are you sure you want to delete the selected message log entry(s)?","Czy na pewno chcesz usunąć wybrane wpisy dziennika wiadomości?"
"Every price-drop or back-in-stock watch a customer or guest has registered","Każda obserwacja spadku ceny lub ponownej dostępności zarejestrowana przez klienta lub gościa"
"+1 hour","+1 godzina"
"Submit this template to Meta for approval?","Przesłać ten szablon do Meta w celu zatwierdzenia?"
"Meta","Meta"
"Enable","Włącz"
"Import","Importuj"
"Cron expression","Wyrażenie cron"
"Only in Segment B:","Tylko w segmencie B:"
"Last Sync Status","Ostatni status synchronizacji"
"Delivered","Dostarczono"
"Are you sure you want to delete the selected ad audience(s)?","Czy na pewno chcesz usunąć wybrane grupy odbiorców reklamowych?"
"Every enabled campaign's ""Scheduled Date/Time"" or ""Recurring Schedule"" trigger, plotted on the day it will (or did) fire — event-based triggers (order placed, tag added, ...) have no fixed date and so don't appear here; see ""Campaign Action Timeline"" for those.","Wyzwalacz „Zaplanowana data/godzina” lub „Harmonogram cykliczny” każdej włączonej kampanii, naniesiony na dzień, w którym zadziała (lub zadziałał) — wyzwalacze zdarzeniowe (złożenie zamówienia, dodanie tagu itp.) nie mają stałej daty, więc się tu nie pojawiają; sprawdź dla nich „Oś czasu akcji kampanii”."
"Channel","Kanał"
"Are you sure you want to delete this ad audience?","Czy na pewno chcesz usunąć tę grupę odbiorców reklamowych?"
"Yes","Tak"
"Success","Sukces"
"Could not refresh the template status: %1","Nie udało się odświeżyć statusu szablonu: %1"
"A total of %1 segment(s) have been enabled.","Włączono łącznie %1 segment(y)."
"Reorder reminder sent to %1.","Przypomnienie o reorderze wysłano do %1."
"Each variant gets a relative weight (they don't need to sum to 100) and its own action chain. A customer is assigned to exactly one variant, deterministically, the first time they enter this split - repeat dispatches (and a delayed resume elsewhere in the chain) always land in the same variant. A variant's own actions can't have their own delay yet.","Każdy wariant otrzymuje wagę względną (nie muszą sumować się do 100) oraz własny łańcuch akcji. Klient jest przypisywany dokładnie do jednego wariantu, w sposób deterministyczny, przy pierwszym wejściu w ten podział - powtórne uruchomienia (a także opóźnione wznowienie gdzie indziej w łańcuchu) zawsze trafiają do tego samego wariantu. Akcje własne wariantu nie mogą jeszcze mieć własnego opóźnienia."
"E.g. 80 = among the best 20% of customers on this metric.","Np. 80 = wśród najlepszych 20% klientów pod względem tej metryki."
"Invalid customer.","Nieprawidłowy klient."
"Add Rep","Dodaj opiekuna"
"Campaign Action Timeline","Oś czasu akcji kampanii"
"Consent — customer #%1 (%2)","Zgoda — klient #%1 (%2)"
"Minimum NPS score","Minimalny wynik NPS"
"A saved, reusable set of customer conditions — reference it from any campaign via the ""In Segment"" condition instead of repeating the same conditions everywhere.","Zapisany, reużywalny zestaw warunków klienta — odwołuj się do niego z dowolnej kampanii przez warunek „W segmencie” zamiast powielać te same warunki wszędzie."
"Are you sure you want to delete the selected score rule(s)?","Czy na pewno chcesz usunąć wybrane reguły punktacji?"
"GDPR / Consent","RODO / Zgody"
"Status refreshed from Meta: %1","Status odświeżony z Meta: %1"
"Within days","W ciągu dni"
"Only in Segment A:","Tylko w segmencie A:"
"Reorder cycles recalculated: %1 pair(s).","Przeliczono cykle ponownych zakupów: %1 par."
"Reset Cached Score","Zresetuj zapisany wynik"
"Sat","Sob"
"A quick checklist for the real dependency order: configure a channel, build a segment, then a campaign that uses it.","Krótka lista kontrolna właściwej kolejności zależności: skonfiguruj kanał, zbuduj segment, a następnie kampanię, która z niego korzysta."
"No","Nie"
"No - send immediately","Nie - wyślij natychmiast"
"Restore","Przywróć"
"Template Name","Nazwa szablonu"
"WhatsApp Templates","Szablony WhatsApp"
"Snapshot Taken","Wykonano zrzut"
"Edit Ad Audience ""%1""","Edytuj grupę odbiorców reklamowych „%1”"
"This customer has opted out of email - reminder not sent.","Ten klient zrezygnował z e-maili - przypomnienie nie zostało wysłane."
"Send to","Wyślij do"
"A total of %1 lead routing rule(s) have been enabled.","Włączono łącznie %1 regułę(y) routingu leadów."
"Admin-facing only - not sent to Meta.","Widoczne tylko dla administratora - nie jest wysyłane do Meta."
"Search blocks…","Szukaj bloków…"
"Reject","Odrzuć"
"Prompt","Prompt"
"Rejected","Odrzucone"
"Start typing to search the catalog.","Zacznij pisać, aby przeszukać katalog."
"A total of %1 reorder cycle(s) have been deleted.","Usunięto łącznie %1 cykl(e) ponownych zakupów."
"Reject order","Odrzuć zamówienie"
"Scheduled Date/Time","Zaplanowana data/godzina"
"Campaign conversion rate (%1 sent, %2 converted)","Współczynnik konwersji kampanii (wysłano: %1, konwersji: %2)"
"Connected. Response: ""%1""","Połączono. Odpowiedź: „%1”"
"Visitor ID","ID odwiedzającego"
"Percentile, at least (0-100)","Percentyl, co najmniej (0-100)"
"Read-only: what the reorder-detection engine currently believes about each customer/SKU","Tylko do odczytu: aktualne ustalenia silnika wykrywania ponownych zakupów dla każdej pary klient/SKU"
"Product Recommendations","Rekomendacje produktów"
"Step %1","Krok %1"
"The test failed.","Test nie powiódł się."
"Build reorder cart","Zbuduj koszyk ponownego zamówienia"
"%1 — customer #%2 (%3)","%1 — klient #%2 (%3)"
"Back to Dashboard","Powrót do panelu"
"Segment B","Segment B"
"The real dependency order for a working campaign: configure a channel first, then build a segment, then a campaign that uses it. Each step below reflects whether it's actually been done, not just clicked through.","Rzeczywista kolejność zależności działającej kampanii: najpierw skonfiguruj kanał, potem zbuduj segment, a następnie kampanię, która z niego korzysta. Każdy poniższy krok odzwierciedla to, czy faktycznie został wykonany, a nie tylko przeklikany."
"Permanently erase all Ordo Automation data for this customer? This cannot be undone.","Trwale usunąć wszystkie dane Ordo Automation tego klienta? Tej operacji nie można cofnąć."
"A total of %1 score rule(s) have been deleted.","Usunięto łącznie %1 regułę(y) punktacji."
"No response - check the Base URL/Model below, and that the Ollama instance is reachable from this server.","Brak odpowiedzi - sprawdź poniższy adres URL/model oraz czy instancja Ollama jest dostępna z tego serwera."
"This template has already been submitted to Meta - nothing to do.","Ten szablon został już przesłany do Meta - nic do zrobienia."
"Missing ad audience id.","Brak ID grupy odbiorców reklamowych."
"A trigger, plus whatever conditions/actions should run when it fires — the Flow canvas is the fastest way to build one.","Wyzwalacz oraz warunki/akcje, które mają się wykonać po jego zadziałaniu — płótno Schemat to najszybszy sposób na jego zbudowanie."
"Phone","Telefon"
"A total of %1 campaign(s) have been deleted.","Usunięto łącznie %1 kampanię(e)."
"A single 0-10 question, e.g. ""How likely are you to recommend us to a friend?""","Pojedyncze pytanie w skali 0-10, np. „Jak bardzo prawdopodobne jest, że polecisz nas znajomemu?”"
"Body Text","Treść wiadomości"
"Compliance & Settings","Zgodność i ustawienia"
"Guest Email","E-mail gościa"
"This lead routing rule no longer exists.","Ta reguła routingu leadów już nie istnieje."
"Delete message log entries","Usuń wpisy dziennika wiadomości"
"A total of %1 content block(s) have been enabled.","Włączono łącznie %1 blok(i) treści."
"Authentication","Uwierzytelnianie"
"Product feeds refreshed for %1 store/format combination(s): %2 product(s) total.","Odświeżono kanały produktowe dla %1 kombinacji sklep/format: łącznie %2 produktów."
"Group conditions","Warunki grupy"
"Round-robin sales rep assignment for qualifying leads","Przydział opiekuna handlowego metodą round-robin dla kwalifikujących się leadów"
"Last Seen","Ostatnio widziany"
"Delete push subscription(s)","Usuń subskrypcje powiadomień push"
"Look up one customer by email to see everything this module already knows about them - segments, tags, RFM/CLV, lead score, NPS, loyalty tier, and order history - on one screen.","Wyszukaj klienta po e-mailu, aby zobaczyć na jednym ekranie wszystko, co ten moduł już o nim wie - segmenty, tagi, RFM/CLV, wynik leada, NPS, poziom lojalności i historię zamówień."
"Send at customer's optimal time","Wyślij w optymalnym czasie dla klienta"
"A total of %1 ad audience(s) have been enabled.","Włączono łącznie %1 grupę(y) odbiorców reklamowych."
"Configure a messaging channel","Skonfiguruj kanał wiadomości"
"A total of %1 message log entry(s) have been deleted.","Usunięto łącznie %1 wpis(y) dziennika wiadomości."
"Opted Out","Zrezygnował"
"Matching customers are assigned round-robin across this pool, in the order listed","Pasujący klienci są przydzielani metodą round-robin w ramach tej puli, w podanej kolejności"
"WhatsApp Template Information","Informacje o szablonie WhatsApp"
"Delete WhatsApp templates","Usuń szablony WhatsApp"
"+1 day","+1 dzień"
"Could not delete the WhatsApp template: %1","Nie udało się usunąć szablonu WhatsApp: %1"
"Minimum order count","Minimalna liczba zamówień"
"Good news — the price dropped to %1.","Dobra wiadomość — cena spadła do %1."
"Marketing","Marketing"
"New Lead Routing Rule","Nowa reguła routingu leadów"
"+%1 days","+%1 dni"
"Follow Up on Tagged Customers","Kontakt uzupełniający z otagowanymi klientami"
"Updated At","Zaktualizowano"
"Diagnostics","Diagnostyka"
"Test Connection","Testuj połączenie"
"Push Subscriptions","Subskrypcje powiadomień push"
"Delete the selected push subscription(s)? The device will need to re-subscribe to receive push notifications again.","Usunąć wybrane subskrypcje powiadomień push? Urządzenie będzie musiało ponownie się zasubskrybować, aby znów otrzymywać powiadomienia push."
"Already fired","Już zadziałało"
"Import Segment","Importuj segment"
"Opened","Otwarto"
"Qualifies For","Kwalifikuje się do"
"Opened by push-sw.js's notificationclick handler when the browser notification is clicked - defaults to ""/"" if left blank.","Otwierane przez obsługę zdarzenia notificationclick w push-sw.js po kliknięciu powiadomienia przeglądarki - jeśli pozostawione puste, domyślnie „/”."
"That reorder cycle no longer exists.","Ten cykl ponownych zakupów już nie istnieje."
"A total of %1 score rule(s) have been enabled.","Włączono łącznie %1 regułę(y) punktacji."
"Redo","Ponów"
"Received At","Odebrano"
"Delete ad audiences","Usuń grupy odbiorców reklamowych"
"Opt out","Rezygnacja"
"Load a Template","Wczytaj szablon"
"A total of %1 price watch subscription(s) have been deleted.","Usunięto łącznie %1 subskrypcję(e) obserwacji ceny."
"Meta locale code, e.g. en_US, pl_PL.","Kod lokalizacji Meta, np. en_US, pl_PL."
"Notification title","Tytuł powiadomienia"
"Send Test","Wyślij test"
"Delete reorder cycles","Usuń cykle ponownych zakupów"
"Build a campaign","Zbuduj kampanię"
"The WhatsApp template has been deleted.","Szablon WhatsApp został usunięty."
"Are you sure you want to reject this order?","Czy na pewno chcesz odrzucić to zamówienie?"
"Minimum tier","Minimalny poziom"
"Erased %1 Ordo Automation row(s) for customer #%2.","Usunięto %1 wiersz(y) Ordo Automation dla klienta #%2."
"A total of %1 ad audience(s) have been deleted.","Usunięto łącznie %1 grupę(y) odbiorców reklamowych."
"This WhatsApp template no longer exists.","Ten szablon WhatsApp już nie istnieje."
"Disable","Wyłącz"
"Average projected CLV","Średnia prognozowana wartość klienta (CLV)"
"How many recommended products to include","Ile rekomendowanych produktów uwzględnić"
"Minimum lifetime total","Minimalna łączna wartość"
"Sales Rep Pool","Pula opiekunów handlowych"
"Last Reminder Sent","Ostatnio wysłane przypomnienie"
"Reset cached RFM score","Zresetuj zapisany wynik RFM"
"Are you sure you want to delete this WhatsApp template?","Czy na pewno chcesz usunąć ten szablon WhatsApp?"
"Audience Size As Of","Wielkość grupy odbiorców na dzień"
"Campaign not found.","Nie znaleziono kampanii."
"Error Code","Kod błędu"
"Save Ad Audience","Zapisz grupę odbiorców reklamowych"
"Reference dispatch context with {{placeholders}}, e.g. {{customer_first_name}}. Calls the self-hosted Ollama instance configured under Stores > Configuration > Ordo Automation > AI Content.","Odwołuj się do kontekstu wywołania za pomocą {{symboli zastępczych}}, np. {{customer_first_name}}. Wywołuje samodzielnie hostowaną instancję Ollama skonfigurowaną w Stores > Configuration > Ordo Automation > AI Content."
"Missing lead routing rule id.","Brak ID reguły routingu leadów."
"WhatsApp Template","Szablon WhatsApp"
"Segment matches","Segment spełnia warunki"
"Pending","Oczekujące"
"Delete segments","Usuń segmenty"
"Estimated Audience Size","Szacowana wielkość grupy odbiorców"
"Group matches","Grupa spełnia warunki"
"Order ID","ID zamówienia"
"Reminders Sent","Wysłane przypomnienia"
"Could not delete the lead routing rule: %1","Nie udało się usunąć reguły routingu leadów: %1"
"Lowercase letters, digits, and underscores only - this is the exact name registered with Meta.","Tylko małe litery, cyfry i podkreślenia - to dokładna nazwa zarejestrowana w Meta."
"Sync a segment as a Google Ads / Meta remarketing audience","Synchronizuj segment jako grupę remarketingową Google Ads / Meta"
"Format: YYYY-MM-DD HH:MM:SS, e.g. 2026-11-28 09:00:00. Fires at most once, the next time Cron\DispatchScheduledCampaignTriggers scans (every 5 minutes) after this moment.","Format: RRRR-MM-DD GG:MM:SS, np. 2026-11-28 09:00:00. Zadziała co najwyżej raz, przy najbliższym skanowaniu Cron\DispatchScheduledCampaignTriggers (co 5 minut) po tym momencie."
"Consent updated.","Zgoda zaktualizowana."
"Feed","Kanał"
"This template has not been submitted to Meta yet - nothing to refresh.","Ten szablon nie został jeszcze przesłany do Meta - nie ma czego odświeżać."
"Could not save the WhatsApp template: %1","Nie udało się zapisać szablonu WhatsApp: %1"
"Watch Type","Typ obserwacji"
"Cancel","Anuluj"
"Reorder Cycle Drift Ratio, At Least (1.0 = exactly on schedule)","Współczynnik odchylenia cyklu ponownych zakupów, co najmniej (1.0 = dokładnie zgodnie z harmonogramem)"
"(no split)","(bez podziału)"
"Funnel","Lejek"
"A total of %1 campaign(s) have been disabled.","Wyłączono łącznie %1 kampanię(e)."
"Month-grid view of when scheduled/recurring campaigns fire","Widok siatki miesięcznej pokazujący, kiedy zadziałają kampanie zaplanowane/cykliczne"
"The template has been submitted to Meta for approval.","Szablon został przesłany do Meta w celu zatwierdzenia."
"Added to Wishlist","Dodano do listy życzeń"
"Segment A size:","Wielkość segmentu A:"
"← Previous month","← Poprzedni miesiąc"
"Are you sure you want to delete the selected content block(s)?","Czy na pewno chcesz usunąć wybrane bloki treści?"
"This order is no longer awaiting approval and cannot be acted on via this link.","To zamówienie nie oczekuje już na zatwierdzenie i nie można na nim wykonać akcji za pomocą tego linku."
"A total of %1 WhatsApp template(s) have been deleted.","Usunięto łącznie %1 szablon(ów) WhatsApp."
"In both (intersection):","W obu (część wspólna):"
"Thu","Czw"
"Internal engine views for verifying automation is working correctly - not needed for day-to-day use.","Wewnętrzne widoki silnika służące do weryfikacji poprawności działania automatyzacji - niepotrzebne w codziennej pracy."
"Google Ads: an existing user list resourceName (customers/{id}/userLists/{id}). Meta: leave blank to have a new Custom Audience created on first sync.","Google Ads: istniejąca nazwa resourceName listy użytkowników (customers/{id}/userLists/{id}). Meta: pozostaw puste, aby przy pierwszej synchronizacji utworzyć nową grupę niestandardową (Custom Audience)."
"This ad audience no longer exists.","Ta grupa odbiorców reklamowych już nie istnieje."
"Fit all nodes in view","Dopasuj wszystkie węzły do widoku"
"Store","Sklep"
"Undo","Cofnij"
"Save Template","Zapisz szablon"
"Utility","Narzędziowy"
"Manage and submit templates the send_whatsapp campaign action can use","Zarządzaj szablonami i przesyłaj do zatwierdzenia te, których może użyć akcja kampanii send_whatsapp"
"Matches a purchase from this category or any of its subcategories.","Dopasowuje zakup z tej kategorii lub dowolnej z jej podkategorii."
"Last Sync Message","Ostatni komunikat synchronizacji"
"A total of %1 free gift offer(s) have been deleted.","Usunięto łącznie %1 ofertę(y) gratisu."
"URL to open on click (optional)","Adres URL otwierany po kliknięciu (opcjonalnie)"
