"""Discount Amount"" (Y) must not exceed ""Discount Qty Step"" (X), or no discount will apply.","""Valor do desconto"" (Y) não pode exceder o ""Passo de quantidade do desconto"" (X), ou nenhum desconto será aplicado."
"+ New Campaign","+ Nova campanha"
"+%1 min","+%1 min"
"Abandoned Cart Recovery","Recuperação de carrinho abandonado"
"Action","Ação"
"Action timeline","Linha do tempo das ações"
"Actions","Ações"
"Actions (run in order)","Ações (executadas em ordem)"
"Add Action","Adicionar ação"
"Add Condition","Adicionar condição"
"Add New Campaign","Adicionar nova campanha"
"Add New Content Block","Adicionar novo bloco de conteúdo"
"Add New Free Gift Offer","Adicionar nova oferta de brinde"
"Add New Score Rule","Adicionar nova regra de pontuação"
"Add New Segment","Adicionar novo segmento"
"Add Points","Adicionar pontos"
"Add SKU","Adicionar SKU"
"Add Tag","Adicionar tag"
"Add Tier","Adicionar nível"
"Add Trigger","Adicionar gatilho"
"Apply flow to form & Save","Aplicar fluxo ao formulário e salvar"
"Are you sure you want to delete this %1?","Tem certeza de que deseja excluir %1?"
"Are you sure you want to delete this campaign?","Tem certeza de que deseja excluir esta campanha?"
"Are you sure you want to delete this content block?","Tem certeza de que deseja excluir este bloco de conteúdo?"
"Are you sure you want to delete this free gift offer?","Tem certeza de que deseja excluir esta oferta de brinde?"
"Are you sure you want to delete this score rule?","Tem certeza de que deseja excluir esta regra de pontuação?"
"Are you sure you want to delete this segment?","Tem certeza de que deseja excluir este segmento?"
"Assigned Sales Rep — Email","Representante de vendas atribuído — E-mail"
"Assigned Sales Rep — Name","Representante de vendas atribuído — Nome"
"Assigned Sales Rep — Phone","Representante de vendas atribuído — Telefone"
"Attribute","Atributo"
"Attribute Code","Código do atributo"
"Avg. Interval (days)","Intervalo médio (dias)"
"B2C Lifecycle Emails (Welcome / Win-back)","E-mails de ciclo de vida B2C (boas-vindas / reengajamento)"
"Back","Voltar"
"Block Checkout When Over Credit Limit","Bloquear checkout ao ultrapassar o limite de crédito"
"Build and manage automation campaigns","Crie e gerencie campanhas de automação"
"Bulk actions on current members","Ações em massa sobre os membros atuais"
"Buy %1, get %2 free — customers pay for %1 out of every %3 (%4% off that batch).","Compre %1, leve %2 grátis — o cliente paga %1 a cada %3 (%4% de desconto nesse lote)."
"CTA button URL","URL do botão CTA"
"CTA button label","Texto do botão CTA"
"Call-to-action button URL","URL do botão de chamada para ação"
"Call-to-action button label","Texto do botão de chamada para ação"
"Campaign Information","Informações da campanha"
"Campaign Calendar","Calendário de campanhas"
"Campaign","Campanha"
"Campaign action with id ""%1"" does not exist.","A ação de campanha com id ""%1"" não existe."
"Campaign condition with id ""%1"" does not exist.","A condição de campanha com id ""%1"" não existe."
"Campaign trigger with id ""%1"" does not exist.","O gatilho de campanha com id ""%1"" não existe."
"Campaign with id ""%1"" does not exist.","A campanha com id ""%1"" não existe."
"Campaigns","Campanhas"
"Campaigns by trigger","Campanhas por gatilho"
"Can be negative (a penalty rule).","Pode ser negativo (uma regra de penalidade)."
"Can be negative to subtract points when this rule matches","Pode ser negativo para subtrair pontos quando esta regra for atendida"
"Cart Abandoned","Carrinho abandonado"
"Cart Price Rule","Regra de preço do carrinho"
"Cart Price Rule ID","ID da regra de preço do carrinho"
"Cart price rule ID","ID da regra de preço do carrinho"
"Cart with id ""%1"" does not exist.","O carrinho com id ""%1"" não existe."
"Cascading tiers — every tier the cart subtotal reaches ADDS its gift slots, cumulative","Níveis em cascata — cada nível que o subtotal do carrinho atinge ADICIONA suas vagas de brinde, de forma cumulativa"
"Category","Categoria"
"Category ID","ID da categoria"
"Cheapest item in qualifying set free (Ordo Automation)","Item mais barato do conjunto elegível grátis (Ordo Automation)"
"Condition","Condição"
"Conditions","Condições"
"Conditions (all must match — AND)","Condições (todas devem corresponder — AND)"
"Conditions (all must pass — AND)","Condições (todas devem ser atendidas — AND)"
"Configuration","Configuração"
"Contains","Contém"
"Content Block Information","Informações do bloco de conteúdo"
"Content Blocks","Blocos de conteúdo"
"Content block","Bloco de conteúdo"
"Content block not found.","Bloco de conteúdo não encontrado."
"Could not add gift ""%1"" to the cart: %2","Não foi possível adicionar o brinde ""%1"" ao carrinho: %2"
"Could not delete the campaign action: %1","Não foi possível excluir a ação de campanha: %1"
"Could not delete the campaign condition: %1","Não foi possível excluir a condição de campanha: %1"
"Could not delete the campaign trigger: %1","Não foi possível excluir o gatilho de campanha: %1"
"Could not delete the campaign: %1","Não foi possível excluir a campanha: %1"
"Could not delete the content block: %1","Não foi possível excluir o bloco de conteúdo: %1"
"Could not delete the free gift offer: %1","Não foi possível excluir a oferta de brinde: %1"
"Could not delete the free gift product: %1","Não foi possível excluir o produto de brinde: %1"
"Could not delete the free gift tier: %1","Não foi possível excluir o nível de brinde: %1"
"Could not delete the offer: %1","Não foi possível excluir a oferta: %1"
"Could not delete the score rule: %1","Não foi possível excluir a regra de pontuação: %1"
"Could not delete the segment: %1","Não foi possível excluir o segmento: %1"
"Could not save the campaign action: %1","Não foi possível salvar a ação de campanha: %1"
"Could not save the campaign condition: %1","Não foi possível salvar a condição de campanha: %1"
"Could not save the campaign trigger: %1","Não foi possível salvar o gatilho de campanha: %1"
"Could not save the campaign: %1","Não foi possível salvar a campanha: %1"
"Could not save the content block: %1","Não foi possível salvar o bloco de conteúdo: %1"
"Could not save the free gift offer: %1","Não foi possível salvar a oferta de brinde: %1"
"Could not save the free gift product: %1","Não foi possível salvar o produto de brinde: %1"
"Could not save the free gift tier: %1","Não foi possível salvar o nível de brinde: %1"
"Could not save the offer: %1","Não foi possível salvar a oferta: %1"
"Could not save the score rule: %1","Não foi possível salvar a regra de pontuação: %1"
"Could not save the segment: %1","Não foi possível salvar o segmento: %1"
"Coupon code prefix","Prefixo do código do cupom"
"Created","Criado"
"Credit Limit","Limite de crédito"
"Credit Limit Alert","Alerta de limite de crédito"
"Customer ID","ID do cliente"
"Customer Registered","Cliente registrado"
"Dashboard","Painel"
"Days Since Last Order","Dias desde o último pedido"
"Days added per self-extension","Dias adicionados por autoextensão"
"Delay (minutes)","Atraso (minutos)"
"Delete","Excluir"
"Delete %1 ""%2""","Excluir %1 ""%2"""
"Delete raw events older than this many days","Excluir eventos brutos com mais desta quantidade de dias"
"Demographic-attribute lead scoring rules","Regras de pontuação de leads por atributos demográficos"
"Diagnostic view of detected reorder patterns","Visão de diagnóstico dos padrões de recompra detectados"
"Disabled","Desativado"
"Drag a block from the palette onto the canvas, then drag from the small dot on the right edge of one node to the dot on the left edge of the next to connect them. A campaign can start from more than one trigger — every one of them must lead all the way through to an Action before you can save. Then ""Apply flow to form & Save"" writes the graph into the form below and saves through the same action the Save button uses.","Arraste um bloco da paleta para a tela e, em seguida, arraste do pequeno ponto na borda direita de um nó até o ponto na borda esquerda do próximo para conectá-los. Uma campanha pode começar em mais de um gatilho — todos eles precisam chegar até uma Ação antes de poder salvar. Em seguida, ""Aplicar fluxo ao formulário e salvar"" grava o gráfico no formulário abaixo e salva usando a mesma ação que o botão Salvar usa."
"Edit","Editar"
"Edit Campaign ""%1""","Editar campanha ""%1"""
"Edit Content Block ""%1""","Editar bloco de conteúdo ""%1"""
"Edit Free Gift Offer ""%1""","Editar oferta de brinde ""%1"""
"Edit Score Rule ""%1""","Editar regra de pontuação ""%1"""
"Edit Segment ""%1""","Editar segmento ""%1"""
"Email","E-mail"
"Email template identifier","Identificador do modelo de e-mail"
"Enable on-site popups","Ativar popups no site"
"Enabled","Ativado"
"Enter ""Discount Qty Step (Buy X)"" and ""Discount Amount"" (as Y, free qty) to see a preview.","Informe ""Passo de quantidade do desconto (Compre X)"" e ""Valor do desconto"" (como Y, quantidade grátis) para ver uma prévia."
"Equals","Igual a"
"Escalate (resend) if not decided within this many days","Escalar (reenviar) se não decidido dentro desta quantidade de dias"
"Expires","Expira"
"Every campaign's trigger(s) and its action chain's timing in one place — ""offset"" is the cumulative wait since the trigger fires, not just that step's own delay, since each action's delay_minutes counts from the PREVIOUS action, not from the start.","O(s) gatilho(s) e o tempo da cadeia de ações de cada campanha em um só lugar — o ""deslocamento"" é a espera acumulada desde o disparo do gatilho, não apenas o atraso daquela etapa, já que o delay_minutes de cada ação é contado a partir da ação ANTERIOR, não do início."
"Every campaign's trigger(s) and action timing in one place","O(s) gatilho(s) e o tempo das ações de cada campanha em um só lugar"
"Extend by %1 day(s)","Estender por %1 dia(s)"
"F Quintile","Quintil F"
"Feed URL","URL do feed"
"Feed refreshed.","Feed atualizado."
"First Name","Nome"
"Flow","Fluxo"
"Free Gift Above Threshold","Brinde acima do limite"
"Free Gift Offer Information","Informações da oferta de brinde"
"Free Gift Offers","Ofertas de brinde"
"Free gift offer with id ""%1"" does not exist.","A oferta de brinde com id ""%1"" não existe."
"Free gift offers","Ofertas de brinde"
"Free gift product with id ""%1"" does not exist.","O produto de brinde com id ""%1"" não existe."
"Free gift tier with id ""%1"" does not exist.","O nível de brinde com id ""%1"" não existe."
"General","Geral"
"Gift pool — SKUs a customer may pick from once eligible","Pool de brindes — SKUs que o cliente pode escolher assim que se tornar elegível"
"Gift slots this tier adds","Vagas de brinde que este nível adiciona"
"HTML","HTML"
"HTML Snippet","Trecho HTML"
"Hard-blocks order placement for a logged-in customer whose credit limit utilization has reached 100%. Disabled by default — separate opt-in from the warning email above.","Bloqueia totalmente a finalização do pedido para um cliente logado cujo uso do limite de crédito atingiu 100%. Desativado por padrão — ativação separada do e-mail de aviso acima."
"How many feed items to include","Quantos itens do feed incluir"
"How many products to include","Quantos produtos incluir"
"ID","ID"
"Identifier","Identificador"
"Invalid bulk action type.","Tipo de ação em massa inválido."
"Invalid offer.","Oferta inválida."
"Invalid or already-used approval token.","Token de aprovação inválido ou já utilizado."
"Invalid segment.","Segmento inválido."
"Item Count","Quantidade de itens"
"Last Name","Sobrenome"
"Last Order","Último pedido"
"Last Recalculated","Último recálculo"
"Lead Scoring","Pontuação de leads"
"Leave blank if you filled in Tag / Minimum order total / Minimum score above.","Deixe em branco se você preencheu Tag / Total mínimo do pedido / Pontuação mínima acima."
"Leave blank if you filled in one of the dedicated fields above.","Deixe em branco se você preencheu um dos campos dedicados acima."
"M Quintile","Quintil M"
"Manage cascading-tier gift offers and their gift pools","Gerencie ofertas de brinde com níveis em cascata e seus pools de brindes"
"Maximum reminders per cart","Máximo de lembretes por carrinho"
"Maximum times a customer can self-extend an offer","Número máximo de vezes que um cliente pode autoestender uma oferta"
"Message","Mensagem"
"Minimum cart subtotal","Subtotal mínimo do carrinho"
"Minimum cart subtotal to trigger a reminder","Subtotal mínimo do carrinho para disparar um lembrete"
"Minimum days between repeated alerts for the same threshold","Dias mínimos entre alertas repetidos para o mesmo limite"
"Minimum order total","Total mínimo do pedido"
"Minimum orders to detect a pattern","Pedidos mínimos para detectar um padrão"
"Minimum score","Pontuação mínima"
"Minimum time between two popups shown to the same visitor/customer. 0 disables the cap.","Tempo mínimo entre dois popups exibidos ao mesmo visitante/cliente. 0 desativa o limite."
"Missing campaign id.","Falta o id da campanha."
"Missing content block id.","Falta o id do bloco de conteúdo."
"Missing free gift offer id.","Falta o id da oferta de brinde."
"Missing score rule id.","Falta o id da regra de pontuação."
"Missing segment id.","Falta o id do segmento."
"My Offers","Minhas ofertas"
"Name","Nome"
"New Campaign","Nova campanha"
"New Content Block","Novo bloco de conteúdo"
"New Free Gift Offer","Nova oferta de brinde"
"New Score Rule","Nova regra de pontuação"
"New Segment","Novo segmento"
"Next Expected","Próximo esperado"
"No authenticated customer for this request.","Nenhum cliente autenticado para esta solicitação."
"No actions configured","Nenhuma ação configurada"
"No campaigns yet — create one to get started.","Ainda não há campanhas — crie uma para começar."
"No customers currently match this segment.","Nenhum cliente corresponde atualmente a este segmento."
"No free items — Y is 0. Set ""Discount Amount"" to how many should be free.","Nenhum item grátis — Y é 0. Defina ""Valor do desconto"" com a quantidade que deve ser grátis."
"No trigger configured","Nenhum gatilho configurado"
"Not Equals","Diferente de"
"Not eligible for extension","Não elegível para extensão"
"Offer ""%1"" has been extended to %2.","A oferta ""%1"" foi estendida até %2."
"Offer Expiry Reminder","Lembrete de expiração de oferta"
"Offer with id ""%1"" does not exist.","A oferta com id ""%1"" não existe."
"On-Site Behavior Tracking","Rastreamento de comportamento no site"
"Operator","Operador"
"Order Approval Admin Email","E-mail do administrador para aprovação de pedidos"
"Order Approval Workflow","Fluxo de aprovação de pedidos"
"Order Placed","Pedido realizado"
"Order Spend Limit (requires approval above this amount)","Limite de gasto do pedido (requer aprovação acima deste valor)"
"Order approval with id ""%1"" does not exist or is no longer pending.","A aprovação de pedido com id ""%1"" não existe ou não está mais pendente."
"Order approval with id ""%1"" does not exist.","A aprovação de pedido com id ""%1"" não existe."
"Orders","Pedidos"
"Orders Considered","Pedidos considerados"
"Ordo Automation","Ordo Automation"
"Ordo Automation Campaigns","Ordo Automation — Campanhas"
"Ordo Automation Content Blocks","Ordo Automation — Blocos de conteúdo"
"Ordo Automation Free Gifts","Ordo Automation — Brindes"
"Ordo Automation Score Rules","Ordo Automation — Regras de pontuação"
"Ordo Automation Section","Ordo Automation — Seção"
"Ordo Automation Segments","Ordo Automation — Segmentos"
"Output variable name (optional)","Nome da variável de saída (opcional)"
"Params (JSON)","Parâmetros (JSON)"
"Params (JSON) — only needed for a condition type without a dedicated field above","Parâmetros (JSON) — necessários apenas para um tipo de condição sem campo dedicado acima"
"Params (JSON) — only needed for an action type without a dedicated field above","Parâmetros (JSON) — necessários apenas para um tipo de ação sem campo dedicado acima"
"Please enter a tag.","Informe uma tag."
"Please enter a valid number of points.","Informe um número válido de pontos."
"Points","Pontos"
"Points (used by ""Add Points"")","Pontos (usado por ""Adicionar pontos"")"
"Popup body","Corpo do popup"
"Popup frequency cap (hours)","Limite de frequência do popup (horas)"
"Popup headline","Título do popup"
"Popup poll interval (seconds)","Intervalo de consulta do popup (segundos)"
"Preview","Prévia"
"Product Feed","Feed de produtos"
"Products","Produtos"
"Queued ""%1"" for %2 matching customer(s).","""%1"" enfileirado para %2 cliente(s) correspondente(s)."
"R Quintile","Quintil R"
"RFM Report","Relatório RFM"
"RFM Score","Pontuação RFM"
"RSS 2.0 feed URL, refetched every 30 minutes by cron (or on demand via ""Refresh Feed Now"")","URL do feed RSS 2.0, buscado novamente a cada 30 minutos pelo cron (ou sob demanda via ""Atualizar feed agora"")"
"RSS Feed","Feed RSS"
"Raw HTML to embed for a ""snippet"" block.","HTML bruto para incorporar em um bloco do tipo ""trecho""."
"Recency, frequency and spend quintiles across all customers","Quintis de recência, frequência e gasto em todos os clientes"
"Recovered revenue","Receita recuperada"
"Reference","Referência"
"Refresh Feed Now","Atualizar feed agora"
"Refresh failed: %1","Falha ao atualizar: %1"
"Remove","Remover"
"Reorder Cycles","Ciclos de recompra"
"Reorder Reminder","Lembrete de recompra"
"Reorder cycle with id ""%1"" does not exist.","O ciclo de recompra com id ""%1"" não existe."
"Responded","Respondeu"
"Response rate","Taxa de resposta"
"Reusable HTML snippet, RSS, and product feed blocks for campaign emails","Blocos reutilizáveis de trecho HTML, RSS e feed de produtos para e-mails de campanha"
"Run Bulk Action","Executar ação em massa"
"Runs against everyone currently matching this segment's conditions. The action is queued and applied asynchronously.","Executa para todos que atualmente correspondem às condições deste segmento. A ação é enfileirada e aplicada de forma assíncrona."
"SKU","SKU"
"SKU ""%1"" is not an eligible free gift for this cart.","O SKU ""%1"" não é um brinde elegível para este carrinho."
"Sales Rep Signature & Digest","Assinatura e resumo do representante de vendas"
"Save & Continue Edit","Salvar e continuar editando"
"Save Campaign","Salvar campanha"
"Save Content Block","Salvar bloco de conteúdo"
"Save Offer","Salvar oferta"
"Save Score Rule","Salvar regra de pontuação"
"Save Segment","Salvar segmento"
"Saved, reusable customer conditions — reference from any campaign via the ""In Segment"" condition","Condições de cliente salvas e reutilizáveis — referencie a partir de qualquer campanha pela condição ""No segmento"""
"Score Rule Information","Informações da regra de pontuação"
"Score Rules","Regras de pontuação"
"Score Threshold","Limite de pontuação"
"Score Threshold Crossed","Limite de pontuação ultrapassado"
"Searchable — includes core customer fields and EAV custom attributes","Pesquisável — inclui campos principais do cliente e atributos personalizados EAV"
"Segment Information","Informações do segmento"
"Segments","Segmentos"
"Send reminder N days before the expected date","Enviar lembrete N dias antes da data esperada"
"Send reminder N days before the offer expires","Enviar lembrete N dias antes da oferta expirar"
"Send reminder N minutes after last cart activity","Enviar lembrete N minutos após a última atividade no carrinho"
"Send weekly digest to reps","Enviar resumo semanal aos representantes"
"Sent","Enviado"
"Sort Order","Ordem de classificação"
"Source","Origem"
"Status","Status"
"Tag","Tag"
"Tag (used by ""Add Tag"")","Tag (usado por ""Adicionar tag"")"
"Tag Added","Tag adicionada"
"Tag a customer ""inactive"" after this many days without an order","Marque um cliente como ""inativo"" após esta quantidade de dias sem pedidos"
"Tag a customer after this many clicks on the same tracked element","Marque um cliente após esta quantidade de cliques no mesmo elemento rastreado"
"Tag a customer after this many views of the same item","Marque um cliente após esta quantidade de visualizações do mesmo item"
"The campaign has been deleted.","A campanha foi excluída."
"The campaign has been saved.","A campanha foi salva."
"The content block has been deleted.","O bloco de conteúdo foi excluído."
"The content block has been saved.","O bloco de conteúdo foi salvo."
"The free gift offer has been deleted.","A oferta de brinde foi excluída."
"The free gift offer has been saved.","A oferta de brinde foi salva."
"The gift selection contains duplicate SKUs.","A seleção de brindes contém SKUs duplicados."
"The order for this approval could not be found.","Não foi possível encontrar o pedido desta aprovação."
"The score rule has been deleted.","A regra de pontuação foi excluída."
"The score rule has been saved.","A regra de pontuação foi salva."
"The segment has been deleted.","O segmento foi excluído."
"The segment has been saved.","O segmento foi salvo."
"This campaign no longer exists.","Esta campanha não existe mais."
"This content block is not an RSS feed.","Este bloco de conteúdo não é um feed RSS."
"This content block no longer exists.","Este bloco de conteúdo não existe mais."
"This free gift offer no longer exists.","Esta oferta de brinde não existe mais."
"This offer could not be found.","Não foi possível encontrar esta oferta."
"This offer has already been extended the maximum of %1 time(s).","Esta oferta já foi estendida o número máximo de %1 vez(es)."
"This score rule no longer exists.","Esta regra de pontuação não existe mais."
"This segment no longer exists.","Este segmento não existe mais."
"Tiers","Níveis"
"Total","Total"
"Total Spend","Gasto total"
"Total campaigns","Total de campanhas"
"Tracked reorder cycles","Ciclos de recompra rastreados"
"Trigger","Gatilho"
"Trigger Event","Evento gatilho"
"Trigger performance","Desempenho do gatilho"
"Triggers","Gatilhos"
"Trigger(s)","Gatilho(s)"
"Triggers, thresholds, tracking, and more","Gatilhos, limites, rastreamento e muito mais"
"Triggers: %1","Gatilhos: %1"
"Type","Tipo"
"Unique machine identifier, referenced by a campaign's ""Add Dynamic Content"" action","Identificador único, referenciado pela ação ""Adicionar conteúdo dinâmico"" de uma campanha"
"Updated","Atualizado"
"Value","Valor"
"Visitor Tag Added (anonymous)","Tag adicionada a visitante anônimo"
"Wait this long after the previous step (or the trigger, for the first action) before running this one. 0 runs immediately.","Aguarde este tempo após a etapa anterior (ou o gatilho, para a primeira ação) antes de executar esta. 0 executa imediatamente."
"Warn at this % of credit limit used","Avisar neste % de uso do limite de crédito"
"You have no offers yet.","Você ainda não tem ofertas."
"You may select at most %1 gift(s) with the current cart subtotal.","Você pode selecionar no máximo %1 brinde(s) com o subtotal atual do carrinho."
"Your order could not be placed because your account has reached its credit limit. Please contact your sales representative.","Seu pedido não pôde ser realizado porque sua conta atingiu o limite de crédito. Entre em contato com seu representante de vendas."
"campaign","campanha"
"content block","bloco de conteúdo"
"e.g. {""tag"":""vip""}, {""amount"":""100""}, {""threshold"":""50""}, {""days"":""30""}, {""count"":""3""}, {""segment_id"":""2""} — see the condition type's docblock in Model/Campaign/Condition/ for the exact keys it reads.","ex.: {""tag"":""vip""}, {""amount"":""100""}, {""threshold"":""50""}, {""days"":""30""}, {""count"":""3""}, {""segment_id"":""2""} — consulte o docblock do tipo de condição em Model/Campaign/Condition/ para as chaves exatas lidas."
"free gift offer","oferta de brinde"
"score rule","regra de pontuação"
"immediate","imediato"
"segment","segmento"
"""All"" (AND) requires every condition below to match; ""Any"" (OR) requires only one.","""Todas"" (AND) exige que todas as condições abaixo correspondam; ""Qualquer"" (OR) exige apenas uma."
"%1 — customer #%2 (%3)","%1 — cliente #%2 (%3)"
"(deleted campaign)","(campanha excluída)"
"(no split)","(sem divisão)"
"+%1 days","+%1 dias"
"+%1 hours","+%1 horas"
"+1 day","+1 dia"
"+1 hour","+1 hora"
"-- Select --","-- Selecione --"
"0 / %1 characters","0 / %1 caracteres"
"A later ""Send Email"" action in this same chain can render the result with {{var <output variable name>|raw}}. Defaults to ""ai_content_html"" if left blank.","Uma ação ""Enviar e-mail"" posterior nesta mesma cadeia pode renderizar o resultado com {{var <output variable name>|raw}}. Usa ""ai_content_html"" por padrão se deixado em branco."
"A quick checklist for the real dependency order: configure a channel, build a segment, then a campaign that uses it.","Uma checklist rápida para a ordem real de dependência: configure um canal, monte um segmento e depois uma campanha que o utilize."
"A saved, reusable set of customer conditions — reference it from any campaign via the ""In Segment"" condition instead of repeating the same conditions everywhere.","Um conjunto salvo e reutilizável de condições de cliente — referencie a partir de qualquer campanha pela condição ""No segmento"" em vez de repetir as mesmas condições em todo lugar."
"A single 0-10 question, e.g. ""How likely are you to recommend us to a friend?""","Uma única pergunta de 0 a 10, ex.: ""Qual a probabilidade de você nos recomendar a um amigo?"""
"A total of %1 WhatsApp template(s) have been deleted.","Um total de %1 modelo(s) de WhatsApp foi(ram) excluído(s)."
"A total of %1 ad audience(s) have been deleted.","Um total de %1 público(s) de anúncio foi(ram) excluído(s)."
"A total of %1 ad audience(s) have been disabled.","Um total de %1 público(s) de anúncio foi(ram) desativado(s)."
"A total of %1 ad audience(s) have been enabled.","Um total de %1 público(s) de anúncio foi(ram) ativado(s)."
"A total of %1 campaign(s) have been deleted.","Um total de %1 campanha(s) foi(ram) excluída(s)."
"A total of %1 campaign(s) have been disabled.","Um total de %1 campanha(s) foi(ram) desativada(s)."
"A total of %1 campaign(s) have been enabled.","Um total de %1 campanha(s) foi(ram) ativada(s)."
"A total of %1 content block(s) have been deleted.","Um total de %1 bloco(s) de conteúdo foi(ram) excluído(s)."
"A total of %1 content block(s) have been disabled.","Um total de %1 bloco(s) de conteúdo foi(ram) desativado(s)."
"A total of %1 content block(s) have been enabled.","Um total de %1 bloco(s) de conteúdo foi(ram) ativado(s)."
"A total of %1 free gift offer(s) have been deleted.","Um total de %1 oferta(s) de brinde foi(ram) excluída(s)."
"A total of %1 free gift offer(s) have been disabled.","Um total de %1 oferta(s) de brinde foi(ram) desativada(s)."
"A total of %1 free gift offer(s) have been enabled.","Um total de %1 oferta(s) de brinde foi(ram) ativada(s)."
"A total of %1 lead routing rule(s) have been deleted.","Um total de %1 regra(s) de roteamento de leads foi(ram) excluída(s)."
"A total of %1 lead routing rule(s) have been disabled.","Um total de %1 regra(s) de roteamento de leads foi(ram) desativada(s)."
"A total of %1 lead routing rule(s) have been enabled.","Um total de %1 regra(s) de roteamento de leads foi(ram) ativada(s)."
"A total of %1 message log entry(s) have been deleted.","Um total de %1 registro(s) de log de mensagens foi(ram) excluído(s)."
"A total of %1 price watch subscription(s) have been deleted.","Um total de %1 assinatura(s) de monitoramento de preço foi(ram) excluída(s)."
"A total of %1 push subscription(s) have been deleted.","Um total de %1 assinatura(s) de push foi(ram) excluída(s)."
"A total of %1 reorder cycle(s) have been deleted.","Um total de %1 ciclo(s) de recompra foi(ram) excluído(s)."
"A total of %1 score rule(s) have been deleted.","Um total de %1 regra(s) de pontuação foi(ram) excluída(s)."
"A total of %1 score rule(s) have been disabled.","Um total de %1 regra(s) de pontuação foi(ram) desativada(s)."
"A total of %1 score rule(s) have been enabled.","Um total de %1 regra(s) de pontuação foi(ram) ativada(s)."
"A total of %1 segment(s) have been deleted.","Um total de %1 segmento(s) foi(ram) excluído(s)."
"A total of %1 segment(s) have been disabled.","Um total de %1 segmento(s) foi(ram) desativado(s)."
"A total of %1 segment(s) have been enabled.","Um total de %1 segmento(s) foi(ram) ativado(s)."
"A trigger, plus whatever conditions/actions should run when it fires — the Flow canvas is the fastest way to build one.","Um gatilho, mais as condições/ações que devem ser executadas quando ele disparar — a tela de Fluxo é a forma mais rápida de montar um."
"AI-agent commerce endpoints are disabled.","Os endpoints de comércio para agentes de IA estão desativados."
"Ad Audience","Público de anúncio"
"Ad Audience Information","Informações do público de anúncio"
"Ad Audiences","Públicos de anúncio"
"Add New Ad Audience","Adicionar novo público de anúncio"
"Add New Lead Routing Rule","Adicionar nova regra de roteamento de leads"
"Add New Template","Adicionar novo modelo"
"Add Rep","Adicionar representante"
"Added to Cart","Adicionado ao carrinho"
"Added to Wishlist","Adicionado à lista de desejos"
"Admin Action Log","Log de ações do administrador"
"Admin User","Usuário administrador"
"Admin-facing only - not sent to Meta.","Apenas para uso interno do administrador — não é enviado à Meta."
"All conditions (AND)","Todas as condições (AND)"
"Already fired","Já disparado"
"Any condition (OR)","Qualquer condição (OR)"
"Approve","Aprovar"
"Approved","Aprovado"
"Are you sure you want to delete the selected WhatsApp template(s)?","Tem certeza de que deseja excluir o(s) modelo(s) de WhatsApp selecionado(s)?"
"Are you sure you want to delete the selected ad audience(s)?","Tem certeza de que deseja excluir o(s) público(s) de anúncio selecionado(s)?"
"Are you sure you want to delete the selected campaign(s)?","Tem certeza de que deseja excluir a(s) campanha(s) selecionada(s)?"
"Are you sure you want to delete the selected content block(s)?","Tem certeza de que deseja excluir o(s) bloco(s) de conteúdo selecionado(s)?"
"Are you sure you want to delete the selected free gift offer(s)?","Tem certeza de que deseja excluir a(s) oferta(s) de brinde selecionada(s)?"
"Are you sure you want to delete the selected lead routing rule(s)?","Tem certeza de que deseja excluir a(s) regra(s) de roteamento de leads selecionada(s)?"
"Are you sure you want to delete the selected message log entry(s)?","Tem certeza de que deseja excluir o(s) registro(s) de log de mensagens selecionado(s)?"
"Are you sure you want to delete the selected reorder cycle(s)?","Tem certeza de que deseja excluir o(s) ciclo(s) de recompra selecionado(s)?"
"Are you sure you want to delete the selected score rule(s)?","Tem certeza de que deseja excluir a(s) regra(s) de pontuação selecionada(s)?"
"Are you sure you want to delete the selected segment(s)?","Tem certeza de que deseja excluir o(s) segmento(s) selecionado(s)?"
"Are you sure you want to delete this WhatsApp template?","Tem certeza de que deseja excluir este modelo de WhatsApp?"
"Are you sure you want to delete this ad audience?","Tem certeza de que deseja excluir este público de anúncio?"
"Are you sure you want to delete this lead routing rule?","Tem certeza de que deseja excluir esta regra de roteamento de leads?"
"Are you sure you want to reject this order?","Tem certeza de que deseja rejeitar este pedido?"
"Attributed Revenue","Receita atribuída"
"Audience & Targeting","Público e segmentação"
"Audience Size As Of","Tamanho do público em"
"Authentication","Autenticação"
"Average projected CLV","CLV projetado médio"
"Back In Stock","De volta ao estoque"
"Back to Dashboard","Voltar ao painel"
"Body Text","Texto do corpo"
"Browse Abandoned (viewed a product, no order since)","Navegação abandonada (visualizou um produto, sem pedido desde então)"
"Browse and act on pending order approvals without the original decision email","Consulte e tome ação sobre aprovações de pedido pendentes sem o e-mail original de decisão"
"Build Cart","Montar carrinho"
"Build a campaign","Monte uma campanha"
"Build a segment","Monte um segmento"
"Build reorder cart","Montar carrinho de recompra"
"Campaign ""%1"" was imported.","A campanha ""%1"" foi importada."
"Campaign Action Timeline","Linha do tempo de ações da campanha"
"Campaign conversion rate (%1 sent, %2 converted)","Taxa de conversão da campanha (%1 enviado(s), %2 convertido(s))"
"Campaign not found.","Campanha não encontrada."
"Campaigns & Automation","Campanhas e automação"
"Cancel","Cancelar"
"Cart built for this customer - review and place the order below.","Carrinho montado para este cliente — revise e finalize o pedido abaixo."
"Changes","Alterações"
"Channel","Canal"
"Channels & Content","Canais e conteúdo"
"Clicked","Clicou"
"Combines this group's own conditions below with AND/OR, independently of the segment's top-level setting.","Combina as condições próprias deste grupo abaixo com AND/OR, independentemente da configuração de nível superior do segmento."
"Compare","Comparar"
"Compliance & Settings","Conformidade e configurações"
"Configure a messaging channel","Configure um canal de mensagens"
"Connected. Response: ""%1""","Conectado. Resposta: ""%1"""
"Consent updated.","Consentimento atualizado."
"Consent — customer #%1 (%2)","Consentimento — cliente #%1 (%2)"
"Content Block","Bloco de conteúdo"
"Conversations","Conversas"
"Conversion Rate","Taxa de conversão"
"Converted","Convertido"
"Could not build the cart: %1","Não foi possível montar o carrinho: %1"
"Could not delete the WhatsApp template: %1","Não foi possível excluir o modelo de WhatsApp: %1"
"Could not delete the ad audience: %1","Não foi possível excluir o público de anúncio: %1"
"Could not delete the lead routing rule: %1","Não foi possível excluir a regra de roteamento de leads: %1"
"Could not refresh the template status: %1","Não foi possível atualizar o status do modelo: %1"
"Could not restore template ""%1"": %2","Não foi possível restaurar o modelo ""%1"": %2"
"Could not save the WhatsApp template: %1","Não foi possível salvar o modelo de WhatsApp: %1"
"Could not save the ad audience: %1","Não foi possível salvar o público de anúncio: %1"
"Could not save the lead routing rule: %1","Não foi possível salvar a regra de roteamento de leads: %1"
"Could not send the reminder: %1","Não foi possível enviar o lembrete: %1"
"Could not submit the template to Meta: %1","Não foi possível enviar o modelo para a Meta: %1"
"Create","Criar"
"Cron Run Log","Log de execução do cron"
"Cron expression","Expressão cron"
"Crons failed (last 24h)","Crons com falha (últimas 24h)"
"Customer","Cliente"
"Customer 360","Cliente 360"
"Customer Email","E-mail do cliente"
"Customer email","E-mail do cliente"
"Customers currently matching this segment's saved conditions.","Clientes que atualmente correspondem às condições salvas deste segmento."
"Data subject actions","Ações do titular dos dados"
"Date/time (store timezone)","Data/hora (fuso horário da loja)"
"Days since last order","Dias desde o último pedido"
"Decided","Decidido"
"Delete WhatsApp templates","Excluir modelos de WhatsApp"
"Delete ad audiences","Excluir públicos de anúncio"
"Delete campaigns","Excluir campanhas"
"Delete content blocks","Excluir blocos de conteúdo"
"Delete free gift offers","Excluir ofertas de brinde"
"Delete lead routing rules","Excluir regras de roteamento de leads"
"Delete message log entries","Excluir registros de log de mensagens"
"Delete price watch subscription(s)","Excluir assinatura(s) de monitoramento de preço"
"Delete push subscription(s)","Excluir assinatura(s) de push"
"Delete reorder cycles","Excluir ciclos de recompra"
"Delete score rules","Excluir regras de pontuação"
"Delete segments","Excluir segmentos"
"Delete the selected price watch subscription(s)? This cancels the watch - the customer or guest will need to register it again to be notified.","Excluir a(s) assinatura(s) de monitoramento de preço selecionada(s)? Isso cancela o monitoramento — o cliente ou visitante precisará registrá-lo novamente para ser notificado."
"Delete the selected push subscription(s)? The device will need to re-subscribe to receive push notifications again.","Excluir a(s) assinatura(s) de push selecionada(s)? O dispositivo precisará se inscrever novamente para voltar a receber notificações push."
"Delivered","Entregue"
"Diagnostics","Diagnósticos"
"Disable","Desativar"
"Done","Concluído"
"Drift ratio, at least (1.0 = exactly on schedule)","Taxa de desvio, no mínimo (1,0 = exatamente no prazo)"
"E.g. 80 = among the best 20% of customers on this metric.","Ex.: 80 = entre os 20% melhores clientes nesta métrica."
"Each variant gets a relative weight (they don't need to sum to 100) and its own action chain. A customer is assigned to exactly one variant, deterministically, the first time they enter this split - repeat dispatches (and a delayed resume elsewhere in the chain) always land in the same variant. A variant's own actions can't have their own delay yet.","Cada variante recebe um peso relativo (não precisam somar 100) e sua própria cadeia de ações. Um cliente é atribuído a exatamente uma variante, de forma determinística, na primeira vez que entra nesta divisão — disparos repetidos (e uma retomada adiada em outro ponto da cadeia) sempre caem na mesma variante. As ações próprias de uma variante ainda não podem ter atraso próprio."
"Edit Ad Audience ""%1""","Editar público de anúncio ""%1"""
"Edit Lead Routing Rule ""%1""","Editar regra de roteamento de leads ""%1"""
"Edit WhatsApp Template ""%1""","Editar modelo de WhatsApp ""%1"""
"Email Template Versions","Versões do modelo de e-mail"
"Email address, or +15551234567 for SMS/WhatsApp","Endereço de e-mail, ou +15551234567 para SMS/WhatsApp"
"Enable","Ativar"
"Enable in Configuration","Ativar na configuração"
"Endpoint","Endpoint"
"Entity","Entidade"
"Entity ID","ID da entidade"
"Erase all data","Apagar todos os dados"
"Erased %1 Ordo Automation row(s) for customer #%2.","%1 registro(s) do Ordo Automation apagado(s) para o cliente #%2."
"Error","Erro"
"Error Code","Código do erro"
"Estimated Audience Size","Tamanho estimado do público"
"Event","Evento"
"Every browser/device Web Push subscription currently registered","Toda assinatura de Web Push por navegador/dispositivo atualmente registrada"
"Every enabled campaign's ""Scheduled Date/Time"" or ""Recurring Schedule"" trigger, plotted on the day it will (or did) fire — event-based triggers (order placed, tag added, ...) have no fixed date and so don't appear here; see ""Campaign Action Timeline"" for those.","O gatilho ""Data/Hora agendada"" ou ""Agendamento recorrente"" de cada campanha ativada, plotado no dia em que vai (ou foi) disparar — gatilhos baseados em evento (pedido realizado, tag adicionada, ...) não têm data fixa e por isso não aparecem aqui; veja ""Linha do tempo de ações da campanha"" para esses casos."
"Every price-drop or back-in-stock watch a customer or guest has registered","Todo monitoramento de queda de preço ou retorno ao estoque registrado por um cliente ou visitante"
"Every snapshot taken of a Magento email template, with a restore option","Todo instantâneo tirado de um modelo de e-mail do Magento, com opção de restauração"
"Export","Exportar"
"Export all data (JSON)","Exportar todos os dados (JSON)"
"External Audience ID","ID do público externo"
"Failed","Falhou"
"Failure","Falha"
"Fallback text","Texto de fallback"
"Feed","Feed"
"File","Arquivo"
"Fills the template's {{1}}, {{2}}, ... placeholders in order, e.g. for a template body of ""Hi {{1}}, your order {{2}} shipped"": John,ORD-1234","Preenche os placeholders {{1}}, {{2}}, ... do modelo em ordem, ex.: para um corpo de modelo ""Olá {{1}}, seu pedido {{2}} foi enviado"": John,ORD-1234"
"Find a customer","Buscar um cliente"
"Fit all nodes in view","Ajustar todos os nós à tela"
"Follow Up on Tagged Customers","Acompanhamento de clientes marcados"
"Format: YYYY-MM-DD HH:MM:SS, e.g. 2026-11-28 09:00:00. Fires at most once, the next time Cron\DispatchScheduledCampaignTriggers scans (every 5 minutes) after this moment.","Formato: AAAA-MM-DD HH:MM:SS, ex.: 2026-11-28 09:00:00. Dispara no máximo uma vez, na próxima varredura do Cron\DispatchScheduledCampaignTriggers (a cada 5 minutos) após este momento."
"Free Gift Offer","Oferta de brinde"
"Fri","Sex"
"From","De"
"Full Screen","Tela cheia"
"Funnel","Funil"
"GDPR / Consent","LGPD / Consentimento"
"Go","Ir"
"Good news — the price dropped to %1.","Boa notícia — o preço caiu para %1."
"Good news — the product you were watching is back in stock.","Boa notícia — o produto que você estava monitorando voltou ao estoque."
"Google Ads","Google Ads"
"Google Ads: an existing user list resourceName (customers/{id}/userLists/{id}). Meta: leave blank to have a new Custom Audience created on first sync.","Google Ads: um resourceName de lista de usuários existente (customers/{id}/userLists/{id}). Meta: deixe em branco para que um novo Público Personalizado seja criado na primeira sincronização."
"Google Merchant Center feed URL:","URL do feed do Google Merchant Center:"
"Group (nested AND/OR)","Grupo (AND/OR aninhado)"
"Group conditions","Condições do grupo"
"Group matches","Correspondências do grupo"
"Guest Email","E-mail do visitante"
"How many recommended products to include","Quantos produtos recomendados incluir"
"Import","Importar"
"Import %1","Importar %1"
"Import Campaign","Importar campanha"
"Import Segment","Importar segmento"
"In both (intersection):","Em ambos (interseção):"
"Include an opt-out instruction (e.g. ""Reply STOP to unsubscribe"") in the first message to any recipient — required by Twilio's messaging policy and, in the US, the TCPA.","Inclua uma instrução de descadastramento (ex.: ""Responda STOP para cancelar"") na primeira mensagem a qualquer destinatário — exigido pela política de mensagens da Twilio e, nos EUA, pela TCPA."
"Internal engine views for verifying automation is working correctly - not needed for day-to-day use.","Telas internas do mecanismo para verificar se a automação está funcionando corretamente — não são necessárias para o uso do dia a dia."
"Invalid consent update request.","Solicitação de atualização de consentimento inválida."
"Invalid customer.","Cliente inválido."
"Language","Idioma"
"Last Known Price","Último preço conhecido"
"Last Reminder Sent","Último lembrete enviado"
"Last Seen","Visto por último"
"Last Sync Message","Última mensagem de sincronização"
"Last Sync Status","Último status de sincronização"
"Last Synced At","Última sincronização em"
"Lead Routing Rule Information","Informações da regra de roteamento de leads"
"Lead Routing Rules","Regras de roteamento de leads"
"Lead score","Pontuação de lead"
"Leave blank to match any product.","Deixe em branco para corresponder a qualquer produto."
"Leave blank to match every customer (a catch-all/default pool rule)","Deixe em branco para corresponder a todos os clientes (uma regra padrão/genérica do pool)"
"Level","Nível"
"Lifetime spend","Gasto acumulado"
"Load a Template","Carregar um modelo"
"Look up one customer by email to see everything this module already knows about them - segments, tags, RFM/CLV, lead score, NPS, loyalty tier, and order history - on one screen.","Busque um cliente pelo e-mail para ver tudo o que este módulo já sabe sobre ele — segmentos, tags, RFM/CLV, pontuação de lead, NPS, nível de fidelidade e histórico de pedidos — em uma única tela."
"Look up one customer by email to view or change their marketing consent, export their data, or permanently erase it — for handling a GDPR/data-protection rights request.","Busque um cliente pelo e-mail para ver ou alterar seu consentimento de marketing, exportar seus dados ou apagá-los permanentemente — para atender a uma solicitação de direitos de proteção de dados/LGPD."
"Lowercase letters, digits, and underscores only - this is the exact name registered with Meta.","Apenas letras minúsculas, dígitos e sublinhados — este é o nome exato registrado na Meta."
"Loyalty tier","Nível de fidelidade"
"Loyalty tiers","Níveis de fidelidade"
"Manage and submit templates the send_whatsapp campaign action can use","Gerencie e envie modelos que a ação de campanha send_whatsapp pode usar"
"Marketing","Marketing"
"Match order — the first enabled rule that matches a customer wins","Ordem de correspondência — a primeira regra ativada que corresponder ao cliente prevalece"
"Matches a purchase from this category or any of its subcategories.","Corresponde a uma compra desta categoria ou de qualquer uma de suas subcategorias."
"Matching customers are assigned round-robin across this pool, in the order listed","Os clientes correspondentes são atribuídos em rodízio (round-robin) neste pool, na ordem listada"
"Maximum days since last order","Máximo de dias desde o último pedido"
"Message Log","Log de mensagens"
"Meta","Meta"
"Meta Template ID","ID do modelo na Meta"
"Meta Template Name","Nome do modelo na Meta"
"Meta locale code, e.g. en_US, pl_PL.","Código de localidade da Meta, ex.: en_US, pl_PL."
"Minimum NPS score","Pontuação mínima de NPS"
"Minimum lifetime total","Total acumulado mínimo"
"Minimum order count","Quantidade mínima de pedidos"
"Minimum tier","Nível mínimo"
"Missing WhatsApp template id.","Falta o id do modelo de WhatsApp."
"Missing ad audience id.","Falta o id do público de anúncio."
"Missing lead routing rule id.","Falta o id da regra de roteamento de leads."
"Missing or invalid API key.","Chave de API ausente ou inválida."
"Missing reorder cycle id.","Falta o id do ciclo de recompra."
"Mon","Seg"
"Month-grid view of when scheduled/recurring campaigns fire","Visão em grade mensal de quando as campanhas agendadas/recorrentes disparam"
"NPS score","Pontuação NPS"
"Never ordered","Nunca fez pedido"
"Never surveyed","Nunca pesquisado"
"New Ad Audience","Novo público de anúncio"
"New Lead Routing Rule","Nova regra de roteamento de leads"
"New WhatsApp Template","Novo modelo de WhatsApp"
"New here? Finish setting up Ordo Automation.","Novo por aqui? Conclua a configuração do Ordo Automation."
"Next month →","Próximo mês →"
"No","Não"
"No - send immediately","Não — enviar imediatamente"
"No customer found for that email.","Nenhum cliente encontrado para esse e-mail."
"No matching enabled segments.","Nenhum segmento ativado correspondente."
"No response - check the Base URL/Model below, and that the Ollama instance is reachable from this server.","Sem resposta — verifique a URL base/Modelo abaixo e se a instância do Ollama está acessível a partir deste servidor."
"No sends recorded for this campaign yet.","Nenhum envio registrado para esta campanha ainda."
"No tags.","Sem tags."
"None of the requested SKUs could be quoted.","Nenhum dos SKUs solicitados pôde ser cotado."
"Not calculated yet","Ainda não calculado"
"Not set up yet — publish your catalog as a Google Merchant Center feed to unlock free Google Shopping listings.","Ainda não configurado — publique seu catálogo como feed do Google Merchant Center para liberar listagens gratuitas no Google Shopping."
"Not yet computed","Ainda não calculado"
"Note","Observação"
"Notification body","Corpo da notificação"
"Notification title","Título da notificação"
"Notified","Notificado"
"Notified Admin","Administrador notificado"
"Only APPROVED templates appear here — the WhatsApp Business Platform never allows a free-form message from a campaign send.","Apenas modelos APROVADOS aparecem aqui — a WhatsApp Business Platform nunca permite uma mensagem em texto livre a partir de um envio de campanha."
"Only in Segment A:","Somente no Segmento A:"
"Only in Segment B:","Somente no Segmento B:"
"Open Setup Guide","Abrir guia de configuração"
"Opened","Aberto"
"Opened by push-sw.js's notificationclick handler when the browser notification is clicked - defaults to ""/"" if left blank.","Aberto pelo manipulador notificationclick do push-sw.js quando a notificação do navegador é clicada — usa ""/"" por padrão se deixado em branco."
"Opt in","Aderir"
"Opt out","Recusar"
"Opted Out","Optou por sair"
"Opted in","Aderiu"
"Opted out","Optou por sair"
"Order Approvals","Aprovações de pedido"
"Order ID","ID do pedido"
"Order approvals stuck","Aprovações de pedido travadas"
"Order count, at least","Quantidade de pedidos, no mínimo"
"Output variable name","Nome da variável de saída"
"Params (comma-separated)","Parâmetros (separados por vírgula)"
"Pending","Pendente"
"Per-customer marketing consent, data export, and erasure","Consentimento de marketing, exportação de dados e apagamento por cliente"
"Percentile, at least (0-100)","Percentil, no mínimo (0-100)"
"Permanently erase all Ordo Automation data for this customer? This cannot be undone.","Apagar permanentemente todos os dados do Ordo Automation para este cliente? Esta ação não pode ser desfeita."
"Phone","Telefone"
"Pick two different segments.","Escolha dois segmentos diferentes."
"Pick two segments to see how many customers currently match both — useful for avoiding message fatigue from campaigns that unknowingly target the same people.","Escolha dois segmentos para ver quantos clientes correspondem atualmente a ambos — útil para evitar a fadiga de mensagens de campanhas que, sem saber, visam as mesmas pessoas."
"Platform","Plataforma"
"Post-Purchase Thank You + Coupon","Agradecimento pós-compra + cupom"
"Price Drop","Queda de preço"
"Price Watch Subscriptions","Assinaturas de monitoramento de preço"
"Product","Produto"
"Product Count","Quantidade de produtos"
"Product Feed Health","Saúde do feed de produtos"
"Product ID","ID do produto"
"Product Recommendations","Recomendações de produtos"
"Product feed refresh failed: %1","Falha ao atualizar o feed de produtos: %1"
"Product feeds refreshed for %1 store/format combination(s): %2 product(s) total.","Feeds de produtos atualizados para %1 combinação(ões) de loja/formato: %2 produto(s) no total."
"Prompt","Prompt"
"Provider Message ID","ID da mensagem do provedor"
"Push Subscriptions","Assinaturas de push"
"Qualifies For","Elegível para"
"Qualifies for segments","Elegível para segmentos"
"RFM / order history","RFM / histórico de pedidos"
"RFM score","Pontuação RFM"
"Rate limit exceeded.","Limite de requisições excedido."
"Read-only: every admin save of a Campaign or Segment - who, when, and what changed","Somente leitura: todo salvamento administrativo de uma campanha ou segmento — quem, quando e o que mudou"
"Read-only: every shopping feed generation attempt, per store - success/error, item count","Somente leitura: toda tentativa de geração do feed de compras, por loja — sucesso/erro, quantidade de itens"
"Read-only: every summary/failure line every cron in this module has logged","Somente leitura: toda linha de resumo/falha que cada cron deste módulo registrou"
"Read-only: inbound SMS/WhatsApp replies per customer, including STOP-keyword opt-outs","Somente leitura: respostas de SMS/WhatsApp recebidas por cliente, incluindo descadastramentos pela palavra-chave STOP"
"Read-only: raw delivery status of every SMS/email a campaign action sent","Somente leitura: status bruto de entrega de cada SMS/e-mail enviado por uma ação de campanha"
"Read-only: what the reorder-detection engine currently believes about each customer/SKU","Somente leitura: o que o mecanismo de detecção de recompra acredita atualmente sobre cada cliente/SKU"
"Recalculate Now","Recalcular agora"
"Received At","Recebido em"
"Recency (days since last order, at most)","Recência (dias desde o último pedido, no máximo)"
"Recurring Schedule","Agendamento recorrente"
"Redo","Refazer"
"Reference dispatch context with {{placeholders}}, e.g. {{customer_first_name}}. Calls the self-hosted Ollama instance configured under Stores > Configuration > Ordo Automation > AI Content.","Referencie o contexto do disparo com {{placeholders}}, ex.: {{customer_first_name}}. Chama a instância do Ollama autoinstalada configurada em Lojas > Configuração > Ordo Automation > Conteúdo de IA."
"Referral Converted (referred customer placed their first order)","Indicação convertida (cliente indicado realizou seu primeiro pedido)"
"Refresh","Atualizar"
"Refresh Now","Atualizar agora"
"Refresh Status from Meta","Atualizar status a partir da Meta"
"Refresh this template's status from Meta?","Atualizar o status deste modelo a partir da Meta?"
"Reject","Rejeitar"
"Reject order","Rejeitar pedido"
"Rejected","Rejeitado"
"Rejection Reason","Motivo da rejeição"
"Reminders Sent","Lembretes enviados"
"Reorder Cycle Drift Ratio, At Least (1.0 = exactly on schedule)","Taxa de desvio do ciclo de recompra, no mínimo (1,0 = exatamente no prazo)"
"Reorder cycle recalculation failed: %1","Falha ao recalcular o ciclo de recompra: %1"
"Reorder cycles recalculated: %1 pair(s).","Ciclos de recompra recalculados: %1 par(es)."
"Reorder reminder sent to %1.","Lembrete de recompra enviado para %1."
"Reordered?","Recomprou?"
"Reset Cached Score","Redefinir pontuação em cache"
"Reset cached RFM score","Redefinir pontuação RFM em cache"
"Reset the cached RFM score for %1 customer(s) — recomputed on the next scheduled run (or live in the meantime).","Redefinir a pontuação RFM em cache para %1 cliente(s) — será recalculada na próxima execução agendada (ou ao vivo enquanto isso)."
"Reset the cached RFM score for the selected customer(s)? It will be recomputed on the next scheduled run (or live in the meantime).","Redefinir a pontuação RFM em cache para o(s) cliente(s) selecionado(s)? Ela será recalculada na próxima execução agendada (ou ao vivo enquanto isso)."
"Restore","Restaurar"
"Restore template version(s)","Restaurar versão(ões) do modelo"
"Restore the selected version(s)? This overwrites each version's template with this snapshot's subject/content, and itself creates a new snapshot of the resulting state.","Restaurar a(s) versão(ões) selecionada(s)? Isso sobrescreve o modelo de cada versão com o assunto/conteúdo deste instantâneo, e ele próprio cria um novo instantâneo do estado resultante."
"Restored %1 template version(s).","%1 versão(ões) de modelo restaurada(s)."
"Revenue","Receita"
"Review Request Due (N days after a completed order)","Solicitação de avaliação vencida (N dias após um pedido concluído)"
"Round-robin sales rep assignment for qualifying leads","Atribuição em rodízio (round-robin) de representantes de vendas para leads elegíveis"
"SKU (optional)","SKU (opcional)"
"SMS","SMS"
"SMS (Twilio) or WhatsApp (Meta) — a campaign's send_sms/send_whatsapp action silently fails at dispatch time until credentials are set here.","SMS (Twilio) ou WhatsApp (Meta) — a ação de campanha send_sms/send_whatsapp falha silenciosamente no momento do disparo até que as credenciais sejam definidas aqui."
"SMS message","Mensagem de SMS"
"Sales Rep Pool","Pool de representantes de vendas"
"Sales Reps","Representantes de vendas"
"Sat","Sáb"
"Save Ad Audience","Salvar público de anúncio"
"Save Lead Routing Rule","Salvar regra de roteamento de leads"
"Save Template","Salvar modelo"
"Scheduled Campaign Calendar","Calendário de campanhas agendadas"
"Scheduled Date/Time","Data/hora agendada"
"Score Rule","Regra de pontuação"
"Search","Buscar"
"Search blocks…","Buscar blocos…"
"Search palette blocks","Buscar blocos da paleta"
"See how many customers match two segments at once","Veja quantos clientes correspondem a dois segmentos ao mesmo tempo"
"Segment","Segmento"
"Segment ""%1"" was imported.","O segmento ""%1"" foi importado."
"Segment A","Segmento A"
"Segment A size:","Tamanho do Segmento A:"
"Segment B","Segmento B"
"Segment B size:","Tamanho do Segmento B:"
"Segment ID","ID do segmento"
"Segment Overlap","Sobreposição de segmentos"
"Segment matches","Correspondências do segmento"
"Segment not found.","Segmento não encontrado."
"Segments, tags, RFM, lead score, NPS and loyalty tier for one customer","Segmentos, tags, RFM, pontuação de lead, NPS e nível de fidelidade de um cliente"
"Send Reminder Now","Enviar lembrete agora"
"Send Test","Enviar teste"
"Send a real test email/SMS/WhatsApp message to catch a typo before a customer does","Envie um e-mail/SMS/WhatsApp de teste real para detectar um erro de digitação antes que um cliente o faça"
"Send a real test message on any channel to catch a typo'd placeholder before a real customer does. Consent, quiet hours, and frequency caps are all skipped - this always attempts to send.","Envie uma mensagem de teste real em qualquer canal para detectar um placeholder digitado errado antes que um cliente real o faça. Consentimento, horário de silêncio e limites de frequência são todos ignorados — este envio sempre é tentado."
"Send a reorder reminder email to this customer now?","Enviar agora um e-mail de lembrete de recompra para este cliente?"
"Send at customer's optimal time","Enviar no horário ideal do cliente"
"Send reorder reminder","Enviar lembrete de recompra"
"Send to","Enviar para"
"Sent At","Enviado em"
"Setup Guide","Guia de configuração"
"Shopping feed","Feed de compras"
"Snapshot Taken","Instantâneo tirado"
"Standard 5-field cron, e.g. ""0 8 * * 1"" for every Monday at 08:00. Precision is bounded by the 5-minute scan interval — a minute field that isn't a multiple of 5 will never match.","Cron padrão de 5 campos, ex.: ""0 8 * * 1"" para toda segunda-feira às 08:00. A precisão é limitada pelo intervalo de varredura de 5 minutos — um campo de minuto que não seja múltiplo de 5 nunca corresponderá."
"Start a new order for this customer with this product already added?","Iniciar um novo pedido para este cliente com este produto já adicionado?"
"Start typing to search the catalog.","Comece a digitar para pesquisar no catálogo."
"Status refreshed from Meta: %1","Status atualizado a partir da Meta: %1"
"Step %1","Etapa %1"
"Stop Keyword","Palavra-chave de descadastramento"
"Store","Loja"
"Subject","Assunto"
"Submit for Review","Enviar para revisão"
"Submit this template to Meta for approval?","Enviar este modelo para aprovação da Meta?"
"Submitted At","Enviado em"
"Success","Sucesso"
"Summary","Resumo"
"Sun","Dom"
"Survey question","Pergunta da pesquisa"
"Sync a segment as a Google Ads / Meta remarketing audience","Sincronize um segmento como público de remarketing do Google Ads / Meta"
"Tags","Tags"
"Template ID","ID do modelo"
"Template Name","Nome do modelo"
"Template Test Send","Envio de teste do modelo"
"Template parameters (comma-separated, optional)","Parâmetros do modelo (separados por vírgula, opcional)"
"Test Connection","Testar conexão"
"That customer no longer exists.","Esse cliente não existe mais."
"That reorder cycle no longer exists.","Esse ciclo de recompra não existe mais."
"The WhatsApp template has been deleted.","O modelo de WhatsApp foi excluído."
"The WhatsApp template has been saved.","O modelo de WhatsApp foi salvo."
"The ad audience has been deleted.","O público de anúncio foi excluído."
"The ad audience has been saved.","O público de anúncio foi salvo."
"The lead routing rule has been deleted.","A regra de roteamento de leads foi excluída."
"The lead routing rule has been saved.","A regra de roteamento de leads foi salva."
"The real dependency order for a working campaign: configure a channel first, then build a segment, then a campaign that uses it. Each step below reflects whether it's actually been done, not just clicked through.","A ordem real de dependência para uma campanha funcionar: configure um canal primeiro, depois monte um segmento e, então, uma campanha que o utilize. Cada etapa abaixo reflete se ela foi de fato concluída, não apenas visualizada."
"The template has been submitted to Meta for approval.","O modelo foi enviado para aprovação da Meta."
"The test failed.","O teste falhou."
"This WhatsApp template no longer exists.","Este modelo de WhatsApp não existe mais."
"This ad audience no longer exists.","Este público de anúncio não existe mais."
"This customer has opted out of email - reminder not sent.","Este cliente optou por não receber e-mails — lembrete não enviado."
"This lead routing rule no longer exists.","Esta regra de roteamento de leads não existe mais."
"This order is no longer awaiting approval and cannot be acted on via this link.","Este pedido não está mais aguardando aprovação e não pode ser processado por este link."
"This template has already been submitted to Meta - nothing to do.","Este modelo já foi enviado para a Meta — nada a fazer."
"This template has not been submitted to Meta yet - nothing to refresh.","Este modelo ainda não foi enviado para a Meta — nada a atualizar."
"Thu","Qui"
"To","Para"
"Too many attempts. Please wait a while and try again.","Muitas tentativas. Aguarde um momento e tente novamente."
"Total orders","Total de pedidos"
"Tue","Ter"
"URL to open on click (optional)","URL a abrir ao clicar (opcional)"
"Undelivered","Não entregue"
"Undo","Desfazer"
"Up to 10 conditions per list (this one, or a single group's own nested list).","Até 10 condições por lista (esta, ou a lista aninhada própria de um único grupo)."
"Upcoming","Próximo(s)"
"Update","Atualizar"
"Updated At","Atualizado em"
"Use {{1}}, {{2}}, ... for placeholders filled positionally by the send_whatsapp campaign action's own ""params"" field at send time. Max 1024 characters, matching Meta's own WhatsApp template body limit.","Use {{1}}, {{2}}, ... para placeholders preenchidos posicionalmente pelo próprio campo ""params"" da ação de campanha send_whatsapp no momento do envio. Máximo de 1024 caracteres, correspondendo ao próprio limite da Meta para o corpo de modelos de WhatsApp."
"Used instead of a real Ollama response whenever AI content generation is disabled, unconfigured, or the local instance times out - the send is never blocked by this action.","Usado no lugar de uma resposta real do Ollama sempre que a geração de conteúdo por IA estiver desativada, não configurada, ou a instância local exceder o tempo limite — o envio nunca é bloqueado por esta ação."
"Utility","Utilitário"
"Variant","Variante"
"Variants","Variantes"
"View Scheduled Campaign Calendar →","Ver calendário de campanhas agendadas →"
"Visitor ID","ID do visitante"
"Watch Type","Tipo de monitoramento"
"Webhook Received (signed, from an external system)","Webhook recebido (assinado, de um sistema externo)"
"Wed","Qua"
"Welcome New Customer","Boas-vindas a novo cliente"
"WhatsApp","WhatsApp"
"WhatsApp Template","Modelo de WhatsApp"
"WhatsApp Template Information","Informações do modelo de WhatsApp"
"WhatsApp Templates","Modelos de WhatsApp"
"WhatsApp template","modelo de WhatsApp"
"Within days","Dentro de dias"
"Yes","Sim"
"Yes - defer to this customer's own historically-best open/click hour (Model\Campaign\SendTimeOptimizer), when enough history exists","Sim — usar o melhor horário histórico de abertura/clique deste próprio cliente (Model\Campaign\SendTimeOptimizer), quando houver histórico suficiente"
"You have unsaved changes on this page — the count below still reflects this segment's last saved conditions, not what's currently on screen.","Você tem alterações não salvas nesta página — a contagem abaixo ainda reflete as últimas condições salvas deste segmento, não o que está atualmente na tela."
"ad audience","público de anúncio"
"lead routing rule","regra de roteamento de leads"
"← Back to Campaign Action Timeline","← Voltar para a linha do tempo de ações da campanha"
"← Back to Dashboard","← Voltar ao painel"
"← Previous month","← Mês anterior"
"Referral Program","Programa de indicação"
"Email Template Version History","Histórico de versões de modelos de e-mail"
"AI-Agent Commerce Readiness","Prontidão comercial para agentes de IA"
"Description","Descrição"
"Contact Email","E-mail de contato"
"Requests Per Minute Per API Key","Requisições por minuto por chave de API"
"Estimated Delivery Days","Dias estimados de entrega"
"Ordo Automation Customer 360","Ordo Automation Cliente 360"
"Ordo Automation Email Template Versioning","Ordo Automation Versões de modelos de e-mail"
"Engagement & Retention","Engajamento e Retenção"
"B2B & Sales Operations","B2B e Operações de Vendas"
"Segmentation & Scoring","Segmentação e Pontuação"
"Messaging Channels","Canais de Mensagens"
"Tracking & AI Content","Rastreamento e Conteúdo de IA"
"Feeds & Integrations","Feeds e Integrações"
