"""Discount Amount"" (Y) must not exceed ""Discount Qty Step"" (X), or no discount will apply.","«Сумма скидки» (Y) не должна превышать «Шаг количества скидки» (X), иначе скидка не применится."
"+ New Campaign","+ Новая кампания"
"+%1 min","+%1 мин"
"Abandoned Cart Recovery","Восстановление брошенной корзины"
"Action","Действие"
"Action timeline","Хронология действий"
"Actions","Действия"
"Actions (run in order)","Действия (выполняются по порядку)"
"Add Action","Добавить действие"
"Add Condition","Добавить условие"
"Add New Campaign","Добавить новую кампанию"
"Add New Content Block","Добавить новый блок контента"
"Add New Free Gift Offer","Добавить новое предложение подарка"
"Add New Score Rule","Добавить новое правило начисления баллов"
"Add New Segment","Добавить новый сегмент"
"Add Points","Добавить баллы"
"Add SKU","Добавить SKU"
"Add Tag","Добавить тег"
"Add Tier","Добавить уровень"
"Add Trigger","Добавить триггер"
"Apply flow to form & Save","Применить схему к форме и сохранить"
"Are you sure you want to delete this %1?","Вы уверены, что хотите удалить: %1?"
"Are you sure you want to delete this campaign?","Вы уверены, что хотите удалить эту кампанию?"
"Are you sure you want to delete this content block?","Вы уверены, что хотите удалить этот блок контента?"
"Are you sure you want to delete this free gift offer?","Вы уверены, что хотите удалить это предложение подарка?"
"Are you sure you want to delete this score rule?","Вы уверены, что хотите удалить это правило начисления баллов?"
"Are you sure you want to delete this segment?","Вы уверены, что хотите удалить этот сегмент?"
"Assigned Sales Rep — Email","Закреплённый менеджер — Email"
"Assigned Sales Rep — Name","Закреплённый менеджер — Имя"
"Assigned Sales Rep — Phone","Закреплённый менеджер — Телефон"
"Attribute","Атрибут"
"Attribute Code","Код атрибута"
"Avg. Interval (days)","Средний интервал (дней)"
"B2C Lifecycle Emails (Welcome / Win-back)","Жизненный цикл B2C-писем (приветствие / возврат клиента)"
"Back","Назад"
"Block Checkout When Over Credit Limit","Блокировать оформление заказа при превышении кредитного лимита"
"Build and manage automation campaigns","Создавайте и управляйте кампаниями автоматизации"
"Bulk actions on current members","Массовые действия для текущих участников"
"Buy %1, get %2 free — customers pay for %1 out of every %3 (%4% off that batch).","Купите %1, получите %2 бесплатно — клиент платит за %1 из каждых %3 (скидка %4% на эту партию)."
"CTA button URL","URL кнопки CTA"
"CTA button label","Текст кнопки CTA"
"Call-to-action button URL","URL кнопки призыва к действию"
"Call-to-action button label","Текст кнопки призыва к действию"
"Campaign Information","Информация о кампании"
"Campaign Calendar","Календарь кампаний"
"Campaign","Кампания"
"Campaign action with id ""%1"" does not exist.","Действие кампании с ID «%1» не существует."
"Campaign condition with id ""%1"" does not exist.","Условие кампании с ID «%1» не существует."
"Campaign trigger with id ""%1"" does not exist.","Триггер кампании с ID «%1» не существует."
"Campaign with id ""%1"" does not exist.","Кампания с ID «%1» не существует."
"Campaigns","Кампании"
"Campaigns by trigger","Кампании по триггеру"
"Can be negative (a penalty rule).","Может быть отрицательным (штрафное правило)."
"Can be negative to subtract points when this rule matches","Может быть отрицательным, чтобы вычитать баллы при срабатывании правила"
"Cart Abandoned","Корзина брошена"
"Cart Price Rule","Ценовое правило корзины"
"Cart Price Rule ID","ID ценового правила корзины"
"Cart price rule ID","ID ценового правила корзины"
"Cart with id ""%1"" does not exist.","Корзина с ID «%1» не существует."
"Cascading tiers — every tier the cart subtotal reaches ADDS its gift slots, cumulative","Каскадные уровни — каждый достигнутый уровень суммы корзины ДОБАВЛЯЕТ свои слоты подарков, накопительно"
"Category","Категория"
"Category ID","ID категории"
"Cheapest item in qualifying set free (Ordo Automation)","Самый дешёвый товар в подходящем наборе бесплатно (Ordo Automation)"
"Condition","Условие"
"Conditions","Условия"
"Conditions (all must match — AND)","Условия (все должны совпасть — И)"
"Conditions (all must pass — AND)","Условия (все должны выполниться — И)"
"Configuration","Конфигурация"
"Contains","Содержит"
"Content Block Information","Информация о блоке контента"
"Content Blocks","Блоки контента"
"Content block","Блок контента"
"Content block not found.","Блок контента не найден."
"Could not add gift ""%1"" to the cart: %2","Не удалось добавить подарок «%1» в корзину: %2"
"Could not delete the campaign action: %1","Не удалось удалить действие кампании: %1"
"Could not delete the campaign condition: %1","Не удалось удалить условие кампании: %1"
"Could not delete the campaign trigger: %1","Не удалось удалить триггер кампании: %1"
"Could not delete the campaign: %1","Не удалось удалить кампанию: %1"
"Could not delete the content block: %1","Не удалось удалить блок контента: %1"
"Could not delete the free gift offer: %1","Не удалось удалить предложение подарка: %1"
"Could not delete the free gift product: %1","Не удалось удалить товар-подарок: %1"
"Could not delete the free gift tier: %1","Не удалось удалить уровень подарка: %1"
"Could not delete the offer: %1","Не удалось удалить предложение: %1"
"Could not delete the score rule: %1","Не удалось удалить правило начисления баллов: %1"
"Could not delete the segment: %1","Не удалось удалить сегмент: %1"
"Could not save the campaign action: %1","Не удалось сохранить действие кампании: %1"
"Could not save the campaign condition: %1","Не удалось сохранить условие кампании: %1"
"Could not save the campaign trigger: %1","Не удалось сохранить триггер кампании: %1"
"Could not save the campaign: %1","Не удалось сохранить кампанию: %1"
"Could not save the content block: %1","Не удалось сохранить блок контента: %1"
"Could not save the free gift offer: %1","Не удалось сохранить предложение подарка: %1"
"Could not save the free gift product: %1","Не удалось сохранить товар-подарок: %1"
"Could not save the free gift tier: %1","Не удалось сохранить уровень подарка: %1"
"Could not save the offer: %1","Не удалось сохранить предложение: %1"
"Could not save the score rule: %1","Не удалось сохранить правило начисления баллов: %1"
"Could not save the segment: %1","Не удалось сохранить сегмент: %1"
"Coupon code prefix","Префикс кода купона"
"Created","Создано"
"Credit Limit","Кредитный лимит"
"Credit Limit Alert","Оповещение о кредитном лимите"
"Customer ID","ID клиента"
"Customer Registered","Клиент зарегистрирован"
"Dashboard","Панель управления"
"Days Since Last Order","Дней с последнего заказа"
"Days added per self-extension","Дней добавляется при самостоятельном продлении"
"Delay (minutes)","Задержка (минуты)"
"Delete","Удалить"
"Delete %1 ""%2""","Удалить %1 «%2»"
"Delete raw events older than this many days","Удалять исходные события старше этого количества дней"
"Demographic-attribute lead scoring rules","Правила скоринга лидов по демографическим атрибутам"
"Diagnostic view of detected reorder patterns","Диагностический просмотр выявленных паттернов повторных заказов"
"Disabled","Отключено"
"Drag a block from the palette onto the canvas, then drag from the small dot on the right edge of one node to the dot on the left edge of the next to connect them. A campaign can start from more than one trigger — every one of them must lead all the way through to an Action before you can save. Then ""Apply flow to form & Save"" writes the graph into the form below and saves through the same action the Save button uses.","Перетащите блок из палитры на холст, затем соедините узлы, перетащив от маленькой точки на правом краю одного узла к точке на левом краю следующего. Кампания может начинаться более чем с одного триггера — каждый из них должен вести до самого Действия, прежде чем можно будет сохранить. Кнопка «Применить схему к форме и сохранить» записывает граф в форму ниже и сохраняет его тем же способом, что и кнопка «Сохранить»."
"Edit","Редактировать"
"Edit Campaign ""%1""","Редактирование кампании «%1»"
"Edit Content Block ""%1""","Редактирование блока контента «%1»"
"Edit Free Gift Offer ""%1""","Редактирование предложения подарка «%1»"
"Edit Score Rule ""%1""","Редактирование правила начисления баллов «%1»"
"Edit Segment ""%1""","Редактирование сегмента «%1»"
"Email","Email"
"Email template identifier","Идентификатор email-шаблона"
"Enable on-site popups","Включить всплывающие окна на сайте"
"Enabled","Включено"
"Enter ""Discount Qty Step (Buy X)"" and ""Discount Amount"" (as Y, free qty) to see a preview.","Введите «Шаг количества скидки (Купите X)» и «Сумма скидки» (как Y, бесплатное количество), чтобы увидеть предпросмотр."
"Equals","Равно"
"Escalate (resend) if not decided within this many days","Эскалировать (отправить повторно), если решение не принято в течение этого количества дней"
"Expires","Истекает"
"Every campaign's trigger(s) and its action chain's timing in one place — ""offset"" is the cumulative wait since the trigger fires, not just that step's own delay, since each action's delay_minutes counts from the PREVIOUS action, not from the start.","Триггер(ы) и время выполнения цепочки действий каждой кампании в одном месте — «смещение» — это накопленное время ожидания с момента срабатывания триггера, а не только задержка этого шага, так как delay_minutes каждого действия отсчитывается от ПРЕДЫДУЩЕГО действия, а не от начала."
"Every campaign's trigger(s) and action timing in one place","Триггер(ы) и время выполнения действий каждой кампании в одном месте"
"Extend by %1 day(s)","Продлить на %1 дн."
"F Quintile","Квинтиль F"
"Feed URL","URL ленты"
"Feed refreshed.","Лента обновлена."
"First Name","Имя"
"Flow","Схема"
"Free Gift Above Threshold","Подарок при превышении порога"
"Free Gift Offer Information","Информация о предложении подарка"
"Free Gift Offers","Предложения подарков"
"Free gift offer with id ""%1"" does not exist.","Предложение подарка с ID «%1» не существует."
"Free gift offers","Предложения подарков"
"Free gift product with id ""%1"" does not exist.","Товар-подарок с ID «%1» не существует."
"Free gift tier with id ""%1"" does not exist.","Уровень подарка с ID «%1» не существует."
"General","Общее"
"Gift pool — SKUs a customer may pick from once eligible","Пул подарков — SKU, из которых клиент может выбирать после соответствия условиям"
"Gift slots this tier adds","Слоты подарков, добавляемые этим уровнем"
"HTML","HTML"
"HTML Snippet","HTML-фрагмент"
"Hard-blocks order placement for a logged-in customer whose credit limit utilization has reached 100%. Disabled by default — separate opt-in from the warning email above.","Полностью блокирует оформление заказа для авторизованного клиента, у которого использование кредитного лимита достигло 100%. По умолчанию отключено — включается отдельно от предупреждающего письма выше."
"How many feed items to include","Сколько элементов ленты включать"
"How many products to include","Сколько товаров включать"
"ID","ID"
"Identifier","Идентификатор"
"Invalid bulk action type.","Недопустимый тип массового действия."
"Invalid offer.","Недействительное предложение."
"Invalid or already-used approval token.","Недействительный или уже использованный токен подтверждения."
"Invalid segment.","Недействительный сегмент."
"Item Count","Количество позиций"
"Last Name","Фамилия"
"Last Order","Последний заказ"
"Last Recalculated","Последний пересчёт"
"Lead Scoring","Скоринг лидов"
"Leave blank if you filled in Tag / Minimum order total / Minimum score above.","Оставьте пустым, если выше заполнено поле Тег / Минимальная сумма заказа / Минимальный балл."
"Leave blank if you filled in one of the dedicated fields above.","Оставьте пустым, если выше заполнено одно из специальных полей."
"M Quintile","Квинтиль M"
"Manage cascading-tier gift offers and their gift pools","Управляйте предложениями подарков с каскадными уровнями и их пулами подарков"
"Maximum reminders per cart","Максимум напоминаний на корзину"
"Maximum times a customer can self-extend an offer","Максимальное число самостоятельных продлений предложения клиентом"
"Message","Сообщение"
"Minimum cart subtotal","Минимальная сумма корзины"
"Minimum cart subtotal to trigger a reminder","Минимальная сумма корзины для отправки напоминания"
"Minimum days between repeated alerts for the same threshold","Минимум дней между повторными оповещениями для одного и того же порога"
"Minimum order total","Минимальная сумма заказа"
"Minimum orders to detect a pattern","Минимум заказов для выявления паттерна"
"Minimum score","Минимальный балл"
"Minimum time between two popups shown to the same visitor/customer. 0 disables the cap.","Минимальное время между двумя всплывающими окнами для одного посетителя/клиента. 0 отключает ограничение."
"Missing campaign id.","Не указан ID кампании."
"Missing content block id.","Не указан ID блока контента."
"Missing free gift offer id.","Не указан ID предложения подарка."
"Missing score rule id.","Не указан ID правила начисления баллов."
"Missing segment id.","Не указан ID сегмента."
"My Offers","Мои предложения"
"Name","Название"
"New Campaign","Новая кампания"
"New Content Block","Новый блок контента"
"New Free Gift Offer","Новое предложение подарка"
"New Score Rule","Новое правило начисления баллов"
"New Segment","Новый сегмент"
"Next Expected","Следующий ожидаемый"
"No authenticated customer for this request.","Для этого запроса нет авторизованного клиента."
"No actions configured","Действия не настроены"
"No campaigns yet — create one to get started.","Пока нет кампаний — создайте первую, чтобы начать."
"No customers currently match this segment.","В данный момент ни один клиент не соответствует этому сегменту."
"No free items — Y is 0. Set ""Discount Amount"" to how many should be free.","Нет бесплатных товаров — Y равно 0. Установите «Сумму скидки» на количество, которое должно быть бесплатным."
"No trigger configured","Триггер не настроен"
"Not Equals","Не равно"
"Not eligible for extension","Продление недоступно"
"Offer ""%1"" has been extended to %2.","Предложение «%1» продлено до %2."
"Offer Expiry Reminder","Напоминание об истечении предложения"
"Offer with id ""%1"" does not exist.","Предложение с ID «%1» не существует."
"On-Site Behavior Tracking","Отслеживание поведения на сайте"
"Operator","Оператор"
"Order Approval Admin Email","Email администратора для подтверждения заказов"
"Order Approval Workflow","Процесс подтверждения заказов"
"Order Placed","Заказ оформлен"
"Order Spend Limit (requires approval above this amount)","Лимит суммы заказа (требует подтверждения при превышении)"
"Order approval with id ""%1"" does not exist or is no longer pending.","Подтверждение заказа с ID «%1» не существует или больше не ожидает решения."
"Order approval with id ""%1"" does not exist.","Подтверждение заказа с ID «%1» не существует."
"Orders","Заказы"
"Orders Considered","Учтённые заказы"
"Ordo Automation","Ordo Automation"
"Ordo Automation Campaigns","Ordo Automation — кампании"
"Ordo Automation Content Blocks","Ordo Automation — блоки контента"
"Ordo Automation Free Gifts","Ordo Automation — подарки"
"Ordo Automation Score Rules","Ordo Automation — правила начисления баллов"
"Ordo Automation Section","Ordo Automation — раздел"
"Ordo Automation Segments","Ordo Automation — сегменты"
"Output variable name (optional)","Имя выходной переменной (необязательно)"
"Params (JSON)","Параметры (JSON)"
"Params (JSON) — only needed for a condition type without a dedicated field above","Параметры (JSON) — нужны только для типа условия без специального поля выше"
"Params (JSON) — only needed for an action type without a dedicated field above","Параметры (JSON) — нужны только для типа действия без специального поля выше"
"Please enter a tag.","Укажите тег."
"Please enter a valid number of points.","Укажите корректное количество баллов."
"Points","Баллы"
"Points (used by ""Add Points"")","Баллы (используется действием «Добавить баллы»)"
"Popup body","Текст всплывающего окна"
"Popup frequency cap (hours)","Ограничение частоты всплывающих окон (часы)"
"Popup headline","Заголовок всплывающего окна"
"Popup poll interval (seconds)","Интервал опроса всплывающих окон (секунды)"
"Preview","Предпросмотр"
"Product Feed","Товарная лента"
"Products","Товары"
"Queued ""%1"" for %2 matching customer(s).","«%1» поставлено в очередь для %2 подходящих клиентов."
"R Quintile","Квинтиль R"
"RFM Report","Отчёт RFM"
"RFM Score","Оценка RFM"
"RSS 2.0 feed URL, refetched every 30 minutes by cron (or on demand via ""Refresh Feed Now"")","URL RSS 2.0-ленты, обновляется каждые 30 минут по cron (или по запросу через «Обновить ленту сейчас»)"
"RSS Feed","RSS-лента"
"Raw HTML to embed for a ""snippet"" block.","Необработанный HTML для блока типа «фрагмент»."
"Recency, frequency and spend quintiles across all customers","Квинтили давности, частоты и суммы покупок по всем клиентам"
"Recovered revenue","Возвращённая выручка"
"Reference","Ссылка"
"Refresh Feed Now","Обновить ленту сейчас"
"Refresh failed: %1","Ошибка обновления: %1"
"Remove","Удалить"
"Reorder Cycles","Циклы повторных заказов"
"Reorder Reminder","Напоминание о повторном заказе"
"Reorder cycle with id ""%1"" does not exist.","Цикл повторного заказа с ID «%1» не существует."
"Responded","Ответили"
"Response rate","Доля ответивших"
"Reusable HTML snippet, RSS, and product feed blocks for campaign emails","Переиспользуемые блоки контента (HTML-фрагменты, RSS и товарные ленты) для писем кампаний"
"Run Bulk Action","Выполнить массовое действие"
"Runs against everyone currently matching this segment's conditions. The action is queued and applied asynchronously.","Выполняется для всех, кто в данный момент соответствует условиям этого сегмента. Действие ставится в очередь и применяется асинхронно."
"SKU","SKU"
"SKU ""%1"" is not an eligible free gift for this cart.","SKU «%1» не подходит в качестве подарка для этой корзины."
"Sales Rep Signature & Digest","Подпись и дайджест менеджера"
"Save & Continue Edit","Сохранить и продолжить редактирование"
"Save Campaign","Сохранить кампанию"
"Save Content Block","Сохранить блок контента"
"Save Offer","Сохранить предложение"
"Save Score Rule","Сохранить правило начисления баллов"
"Save Segment","Сохранить сегмент"
"Saved, reusable customer conditions — reference from any campaign via the ""In Segment"" condition","Сохранённые переиспользуемые условия клиента — используйте в любой кампании через условие «В сегменте»"
"Score Rule Information","Информация о правиле начисления баллов"
"Score Rules","Правила начисления баллов"
"Score Threshold","Порог баллов"
"Score Threshold Crossed","Порог баллов превышен"
"Searchable — includes core customer fields and EAV custom attributes","С поиском — включает основные поля клиента и пользовательские EAV-атрибуты"
"Segment Information","Информация о сегменте"
"Segments","Сегменты"
"Send reminder N days before the expected date","Отправить напоминание за N дней до ожидаемой даты"
"Send reminder N days before the offer expires","Отправить напоминание за N дней до истечения предложения"
"Send reminder N minutes after last cart activity","Отправить напоминание через N минут после последней активности в корзине"
"Send weekly digest to reps","Отправлять еженедельный дайджест менеджерам"
"Sent","Отправлено"
"Sort Order","Порядок сортировки"
"Source","Источник"
"Status","Статус"
"Tag","Тег"
"Tag (used by ""Add Tag"")","Тег (используется действием «Добавить тег»)"
"Tag Added","Тег добавлен"
"Tag a customer ""inactive"" after this many days without an order","Помечать клиента как «неактивного» после этого количества дней без заказа"
"Tag a customer after this many clicks on the same tracked element","Помечать клиента тегом после этого количества кликов по одному и тому же отслеживаемому элементу"
"Tag a customer after this many views of the same item","Помечать клиента тегом после этого количества просмотров одного и того же товара"
"The campaign has been deleted.","Кампания удалена."
"The campaign has been saved.","Кампания сохранена."
"The content block has been deleted.","Блок контента удалён."
"The content block has been saved.","Блок контента сохранён."
"The free gift offer has been deleted.","Предложение подарка удалено."
"The free gift offer has been saved.","Предложение подарка сохранено."
"The gift selection contains duplicate SKUs.","В выборе подарков есть повторяющиеся SKU."
"The order for this approval could not be found.","Заказ для этого подтверждения не найден."
"The score rule has been deleted.","Правило начисления баллов удалено."
"The score rule has been saved.","Правило начисления баллов сохранено."
"The segment has been deleted.","Сегмент удалён."
"The segment has been saved.","Сегмент сохранён."
"This campaign no longer exists.","Эта кампания больше не существует."
"This content block is not an RSS feed.","Этот блок контента не является RSS-лентой."
"This content block no longer exists.","Этот блок контента больше не существует."
"This free gift offer no longer exists.","Это предложение подарка больше не существует."
"This offer could not be found.","Это предложение не найдено."
"This offer has already been extended the maximum of %1 time(s).","Это предложение уже продлевалось максимальное число раз: %1."
"This score rule no longer exists.","Это правило начисления баллов больше не существует."
"This segment no longer exists.","Этот сегмент больше не существует."
"Tiers","Уровни"
"Total","Всего"
"Total Spend","Общая сумма покупок"
"Total campaigns","Всего кампаний"
"Tracked reorder cycles","Отслеживаемые циклы повторных заказов"
"Trigger","Триггер"
"Trigger Event","Событие-триггер"
"Trigger performance","Эффективность триггера"
"Triggers","Триггеры"
"Trigger(s)","Триггер(ы)"
"Triggers, thresholds, tracking, and more","Триггеры, пороги, отслеживание и многое другое"
"Triggers: %1","Триггеры: %1"
"Type","Тип"
"Unique machine identifier, referenced by a campaign's ""Add Dynamic Content"" action","Уникальный машинный идентификатор, на который ссылается действие кампании «Добавить динамический контент»"
"Updated","Обновлено"
"Value","Значение"
"Visitor Tag Added (anonymous)","Тег добавлен анонимному посетителю"
"Wait this long after the previous step (or the trigger, for the first action) before running this one. 0 runs immediately.","Подождать столько после предыдущего шага (или триггера, для первого действия) перед выполнением этого. 0 — выполнить немедленно."
"Warn at this % of credit limit used","Предупреждать при таком % использования кредитного лимита"
"You have no offers yet.","У вас пока нет предложений."
"You may select at most %1 gift(s) with the current cart subtotal.","При текущей сумме корзины можно выбрать не более %1 подарков."
"Your order could not be placed because your account has reached its credit limit. Please contact your sales representative.","Ваш заказ не может быть оформлен, так как ваш аккаунт достиг кредитного лимита. Пожалуйста, свяжитесь со своим менеджером."
"campaign","кампания"
"content block","блок контента"
"e.g. {""tag"":""vip""}, {""amount"":""100""}, {""threshold"":""50""}, {""days"":""30""}, {""count"":""3""}, {""segment_id"":""2""} — see the condition type's docblock in Model/Campaign/Condition/ for the exact keys it reads.","напр. {""tag"":""vip""}, {""amount"":""100""}, {""threshold"":""50""}, {""days"":""30""}, {""count"":""3""}, {""segment_id"":""2""} — точные ключи см. в docblock соответствующего типа условия в Model/Campaign/Condition/."
"free gift offer","предложение подарка"
"score rule","правило начисления баллов"
"immediate","немедленно"
"segment","сегмент"
"""All"" (AND) requires every condition below to match; ""Any"" (OR) requires only one.","«Все» (И) требует совпадения всех условий ниже; «Любое» (ИЛИ) требует совпадения хотя бы одного."
"%1 — customer #%2 (%3)","%1 — клиент #%2 (%3)"
"(deleted campaign)","(кампания удалена)"
"(no split)","(без разделения)"
"+%1 days","+%1 дн."
"+%1 hours","+%1 ч."
"+1 day","+1 день"
"+1 hour","+1 час"
"-- Select --","-- Выберите --"
"0 / %1 characters","0 / %1 символов"
"A later ""Send Email"" action in this same chain can render the result with {{var <output variable name>|raw}}. Defaults to ""ai_content_html"" if left blank.","Более позднее действие «Отправить email» в этой же цепочке может вывести результат через {{var <output variable name>|raw}}. Если оставить поле пустым, по умолчанию используется «ai_content_html»."
"A quick checklist for the real dependency order: configure a channel, build a segment, then a campaign that uses it.","Краткий чек-лист реального порядка зависимостей: настройте канал, создайте сегмент, затем кампанию, которая его использует."
"A saved, reusable set of customer conditions — reference it from any campaign via the ""In Segment"" condition instead of repeating the same conditions everywhere.","Сохранённый переиспользуемый набор условий по клиентам — ссылайтесь на него из любой кампании через условие «В сегменте», вместо того чтобы повторять одни и те же условия везде."
"A single 0-10 question, e.g. ""How likely are you to recommend us to a friend?""","Один вопрос по шкале 0-10, например «Насколько вероятно, что вы порекомендуете нас другу?»"
"A total of %1 WhatsApp template(s) have been deleted.","Удалено шаблонов WhatsApp: %1."
"A total of %1 ad audience(s) have been deleted.","Удалено рекламных аудиторий: %1."
"A total of %1 ad audience(s) have been disabled.","Отключено рекламных аудиторий: %1."
"A total of %1 ad audience(s) have been enabled.","Включено рекламных аудиторий: %1."
"A total of %1 campaign(s) have been deleted.","Удалено кампаний: %1."
"A total of %1 campaign(s) have been disabled.","Отключено кампаний: %1."
"A total of %1 campaign(s) have been enabled.","Включено кампаний: %1."
"A total of %1 content block(s) have been deleted.","Удалено блоков контента: %1."
"A total of %1 content block(s) have been disabled.","Отключено блоков контента: %1."
"A total of %1 content block(s) have been enabled.","Включено блоков контента: %1."
"A total of %1 free gift offer(s) have been deleted.","Удалено предложений подарка: %1."
"A total of %1 free gift offer(s) have been disabled.","Отключено предложений подарка: %1."
"A total of %1 free gift offer(s) have been enabled.","Включено предложений подарка: %1."
"A total of %1 lead routing rule(s) have been deleted.","Удалено правил маршрутизации лидов: %1."
"A total of %1 lead routing rule(s) have been disabled.","Отключено правил маршрутизации лидов: %1."
"A total of %1 lead routing rule(s) have been enabled.","Включено правил маршрутизации лидов: %1."
"A total of %1 message log entry(s) have been deleted.","Удалено записей журнала сообщений: %1."
"A total of %1 price watch subscription(s) have been deleted.","Удалено подписок на отслеживание цены: %1."
"A total of %1 push subscription(s) have been deleted.","Удалено push-подписок: %1."
"A total of %1 reorder cycle(s) have been deleted.","Удалено циклов повторного заказа: %1."
"A total of %1 score rule(s) have been deleted.","Удалено правил начисления баллов: %1."
"A total of %1 score rule(s) have been disabled.","Отключено правил начисления баллов: %1."
"A total of %1 score rule(s) have been enabled.","Включено правил начисления баллов: %1."
"A total of %1 segment(s) have been deleted.","Удалено сегментов: %1."
"A total of %1 segment(s) have been disabled.","Отключено сегментов: %1."
"A total of %1 segment(s) have been enabled.","Включено сегментов: %1."
"A trigger, plus whatever conditions/actions should run when it fires — the Flow canvas is the fastest way to build one.","Триггер плюс любые условия/действия, которые должны выполниться при его срабатывании — холст Flow — самый быстрый способ создать такую цепочку."
"AI-agent commerce endpoints are disabled.","Эндпоинты коммерции для ИИ-агентов отключены."
"Ad Audience","Рекламная аудитория"
"Ad Audience Information","Информация о рекламной аудитории"
"Ad Audiences","Рекламные аудитории"
"Add New Ad Audience","Добавить новую рекламную аудиторию"
"Add New Lead Routing Rule","Добавить новое правило маршрутизации лидов"
"Add New Template","Добавить новый шаблон"
"Add Rep","Добавить менеджера"
"Added to Cart","Добавлено в корзину"
"Added to Wishlist","Добавлено в список желаний"
"Admin Action Log","Журнал действий администратора"
"Admin User","Администратор"
"Admin-facing only - not sent to Meta.","Только для отображения администратору - не отправляется в Meta."
"All conditions (AND)","Все условия (И)"
"Already fired","Уже сработал"
"Any condition (OR)","Любое условие (ИЛИ)"
"Approve","Одобрить"
"Approved","Одобрено"
"Are you sure you want to delete the selected WhatsApp template(s)?","Вы уверены, что хотите удалить выбранные шаблоны WhatsApp?"
"Are you sure you want to delete the selected ad audience(s)?","Вы уверены, что хотите удалить выбранные рекламные аудитории?"
"Are you sure you want to delete the selected campaign(s)?","Вы уверены, что хотите удалить выбранные кампании?"
"Are you sure you want to delete the selected content block(s)?","Вы уверены, что хотите удалить выбранные блоки контента?"
"Are you sure you want to delete the selected free gift offer(s)?","Вы уверены, что хотите удалить выбранные предложения подарка?"
"Are you sure you want to delete the selected lead routing rule(s)?","Вы уверены, что хотите удалить выбранные правила маршрутизации лидов?"
"Are you sure you want to delete the selected message log entry(s)?","Вы уверены, что хотите удалить выбранные записи журнала сообщений?"
"Are you sure you want to delete the selected reorder cycle(s)?","Вы уверены, что хотите удалить выбранные циклы повторного заказа?"
"Are you sure you want to delete the selected score rule(s)?","Вы уверены, что хотите удалить выбранные правила начисления баллов?"
"Are you sure you want to delete the selected segment(s)?","Вы уверены, что хотите удалить выбранные сегменты?"
"Are you sure you want to delete this WhatsApp template?","Вы уверены, что хотите удалить этот шаблон WhatsApp?"
"Are you sure you want to delete this ad audience?","Вы уверены, что хотите удалить эту рекламную аудиторию?"
"Are you sure you want to delete this lead routing rule?","Вы уверены, что хотите удалить это правило маршрутизации лидов?"
"Are you sure you want to reject this order?","Вы уверены, что хотите отклонить этот заказ?"
"Attributed Revenue","Атрибутированная выручка"
"Audience & Targeting","Аудитория и таргетинг"
"Audience Size As Of","Размер аудитории по состоянию на"
"Authentication","Аутентификация"
"Average projected CLV","Средний прогнозируемый CLV"
"Back In Stock","Снова в наличии"
"Back to Dashboard","Назад к панели управления"
"Body Text","Текст сообщения"
"Browse Abandoned (viewed a product, no order since)","Брошенный просмотр (просмотрел товар, заказа не было)"
"Browse and act on pending order approvals without the original decision email","Просматривайте заказы, ожидающие согласования, и принимайте по ним решения без исходного письма"
"Build Cart","Собрать корзину"
"Build a campaign","Создайте кампанию"
"Build a segment","Создайте сегмент"
"Build reorder cart","Собрать корзину повторного заказа"
"Campaign ""%1"" was imported.","Кампания «%1» импортирована."
"Campaign Action Timeline","Хронология действий кампании"
"Campaign conversion rate (%1 sent, %2 converted)","Конверсия кампании (отправлено %1, конвертировано %2)"
"Campaign not found.","Кампания не найдена."
"Campaigns & Automation","Кампании и автоматизация"
"Cancel","Отмена"
"Cart built for this customer - review and place the order below.","Корзина собрана для этого клиента - проверьте и оформите заказ ниже."
"Changes","Изменения"
"Channel","Канал"
"Channels & Content","Каналы и контент"
"Clicked","Открыто по клику"
"Combines this group's own conditions below with AND/OR, independently of the segment's top-level setting.","Объединяет собственные условия этой группы ниже через И/ИЛИ, независимо от настройки верхнего уровня сегмента."
"Compare","Сравнить"
"Compliance & Settings","Соответствие требованиям и настройки"
"Configure a messaging channel","Настройте канал отправки сообщений"
"Connected. Response: ""%1""","Подключено. Ответ: «%1»"
"Consent updated.","Согласие обновлено."
"Consent — customer #%1 (%2)","Согласие — клиент #%1 (%2)"
"Content Block","Блок контента"
"Conversations","Переписки"
"Conversion Rate","Коэффициент конверсии"
"Converted","Конвертировано"
"Could not build the cart: %1","Не удалось собрать корзину: %1"
"Could not delete the WhatsApp template: %1","Не удалось удалить шаблон WhatsApp: %1"
"Could not delete the ad audience: %1","Не удалось удалить рекламную аудиторию: %1"
"Could not delete the lead routing rule: %1","Не удалось удалить правило маршрутизации лидов: %1"
"Could not refresh the template status: %1","Не удалось обновить статус шаблона: %1"
"Could not restore template ""%1"": %2","Не удалось восстановить шаблон «%1»: %2"
"Could not save the WhatsApp template: %1","Не удалось сохранить шаблон WhatsApp: %1"
"Could not save the ad audience: %1","Не удалось сохранить рекламную аудиторию: %1"
"Could not save the lead routing rule: %1","Не удалось сохранить правило маршрутизации лидов: %1"
"Could not send the reminder: %1","Не удалось отправить напоминание: %1"
"Could not submit the template to Meta: %1","Не удалось отправить шаблон в Meta: %1"
"Create","Создать"
"Cron Run Log","Журнал выполнения cron"
"Cron expression","Cron-выражение"
"Crons failed (last 24h)","Ошибок cron (за последние 24 ч)"
"Customer","Клиент"
"Customer 360","Клиент 360"
"Customer Email","Email клиента"
"Customer email","Email клиента"
"Customers currently matching this segment's saved conditions.","Клиенты, которые сейчас соответствуют сохранённым условиям этого сегмента."
"Data subject actions","Действия по запросу субъекта данных"
"Date/time (store timezone)","Дата/время (часовой пояс магазина)"
"Days since last order","Дней с последнего заказа"
"Decided","Решение принято"
"Delete WhatsApp templates","Удалить шаблоны WhatsApp"
"Delete ad audiences","Удалить рекламные аудитории"
"Delete campaigns","Удалить кампании"
"Delete content blocks","Удалить блоки контента"
"Delete free gift offers","Удалить предложения подарка"
"Delete lead routing rules","Удалить правила маршрутизации лидов"
"Delete message log entries","Удалить записи журнала сообщений"
"Delete price watch subscription(s)","Удалить подписки на отслеживание цены"
"Delete push subscription(s)","Удалить push-подписки"
"Delete reorder cycles","Удалить циклы повторного заказа"
"Delete score rules","Удалить правила начисления баллов"
"Delete segments","Удалить сегменты"
"Delete the selected price watch subscription(s)? This cancels the watch - the customer or guest will need to register it again to be notified.","Удалить выбранные подписки на отслеживание цены? Это отменяет отслеживание - клиенту или гостю нужно будет зарегистрировать его заново, чтобы получать уведомления."
"Delete the selected push subscription(s)? The device will need to re-subscribe to receive push notifications again.","Удалить выбранные push-подписки? Устройству нужно будет подписаться заново, чтобы снова получать push-уведомления."
"Delivered","Доставлено"
"Diagnostics","Диагностика"
"Disable","Отключить"
"Done","Готово"
"Drift ratio, at least (1.0 = exactly on schedule)","Коэффициент отклонения, не менее (1.0 = точно по графику)"
"E.g. 80 = among the best 20% of customers on this metric.","Например, 80 = среди лучших 20% клиентов по этому показателю."
"Each variant gets a relative weight (they don't need to sum to 100) and its own action chain. A customer is assigned to exactly one variant, deterministically, the first time they enter this split - repeat dispatches (and a delayed resume elsewhere in the chain) always land in the same variant. A variant's own actions can't have their own delay yet.","Каждый вариант получает относительный вес (сумма весов не обязана равняться 100) и собственную цепочку действий. Клиент детерминированно попадает ровно в один вариант при первом входе в это разделение - повторные срабатывания (и отложенное возобновление в другом месте цепочки) всегда попадают в тот же вариант. Собственные действия варианта пока не могут иметь своей задержки."
"Edit Ad Audience ""%1""","Редактирование рекламной аудитории «%1»"
"Edit Lead Routing Rule ""%1""","Редактирование правила маршрутизации лидов «%1»"
"Edit WhatsApp Template ""%1""","Редактирование шаблона WhatsApp «%1»"
"Email Template Versions","Версии email-шаблона"
"Email address, or +15551234567 for SMS/WhatsApp","Email-адрес или +15551234567 для SMS/WhatsApp"
"Enable","Включить"
"Enable in Configuration","Включить в конфигурации"
"Endpoint","Эндпоинт"
"Entity","Сущность"
"Entity ID","ID сущности"
"Erase all data","Удалить все данные"
"Erased %1 Ordo Automation row(s) for customer #%2.","Удалено записей Ordo Automation: %1 для клиента #%2."
"Error","Ошибка"
"Error Code","Код ошибки"
"Estimated Audience Size","Оценочный размер аудитории"
"Event","Событие"
"Every browser/device Web Push subscription currently registered","Все зарегистрированные на данный момент Web Push-подписки браузеров/устройств"
"Every enabled campaign's ""Scheduled Date/Time"" or ""Recurring Schedule"" trigger, plotted on the day it will (or did) fire — event-based triggers (order placed, tag added, ...) have no fixed date and so don't appear here; see ""Campaign Action Timeline"" for those.","Триггеры «Запланированная дата/время» или «Повторяющееся расписание» всех включённых кампаний, отображённые на день срабатывания (прошлого или будущего) — триггеры на основе событий (заказ оформлен, тег добавлен, ...) не имеют фиксированной даты и поэтому здесь не показаны; для них см. «Хронологию действий кампании»."
"Every price-drop or back-in-stock watch a customer or guest has registered","Все отслеживания снижения цены или появления в наличии, зарегистрированные клиентом или гостем"
"Every snapshot taken of a Magento email template, with a restore option","Все снимки email-шаблонов Magento с возможностью восстановления"
"Export","Экспорт"
"Export all data (JSON)","Экспортировать все данные (JSON)"
"External Audience ID","ID внешней аудитории"
"Failed","Не удалось"
"Failure","Сбой"
"Fallback text","Резервный текст"
"Feed","Фид"
"File","Файл"
"Fills the template's {{1}}, {{2}}, ... placeholders in order, e.g. for a template body of ""Hi {{1}}, your order {{2}} shipped"": John,ORD-1234","Заполняет плейсхолдеры шаблона {{1}}, {{2}}, ... по порядку, например для тела шаблона «Hi {{1}}, your order {{2}} shipped»: John,ORD-1234"
"Find a customer","Найти клиента"
"Fit all nodes in view","Уместить все узлы в области просмотра"
"Follow Up on Tagged Customers","Дополнительное касание клиентов с тегом"
"Format: YYYY-MM-DD HH:MM:SS, e.g. 2026-11-28 09:00:00. Fires at most once, the next time Cron\DispatchScheduledCampaignTriggers scans (every 5 minutes) after this moment.","Формат: ГГГГ-ММ-ДД ЧЧ:ММ:СС, например 2026-11-28 09:00:00. Срабатывает не более одного раза, при следующем сканировании Cron\DispatchScheduledCampaignTriggers (каждые 5 минут) после этого момента."
"Free Gift Offer","Предложение подарка"
"Fri","Пт"
"From","От"
"Full Screen","Полный экран"
"Funnel","Воронка"
"GDPR / Consent","GDPR / Согласие"
"Go","Перейти"
"Good news — the price dropped to %1.","Хорошие новости — цена снизилась до %1."
"Good news — the product you were watching is back in stock.","Хорошие новости — товар, за которым вы следили, снова в наличии."
"Google Ads","Google Ads"
"Google Ads: an existing user list resourceName (customers/{id}/userLists/{id}). Meta: leave blank to have a new Custom Audience created on first sync.","Google Ads: resourceName существующего списка пользователей (customers/{id}/userLists/{id}). Meta: оставьте пустым, чтобы новая Custom Audience была создана при первой синхронизации."
"Google Merchant Center feed URL:","URL фида Google Merchant Center:"
"Group (nested AND/OR)","Группа (вложенное И/ИЛИ)"
"Group conditions","Условия группы"
"Group matches","Группа совпадает"
"Guest Email","Email гостя"
"How many recommended products to include","Сколько рекомендованных товаров включить"
"Import","Импорт"
"Import %1","Импортировать %1"
"Import Campaign","Импортировать кампанию"
"Import Segment","Импортировать сегмент"
"In both (intersection):","В обоих (пересечение):"
"Include an opt-out instruction (e.g. ""Reply STOP to unsubscribe"") in the first message to any recipient — required by Twilio's messaging policy and, in the US, the TCPA.","Включайте инструкцию по отказу от рассылки (например, «Ответьте STOP, чтобы отписаться») в первое сообщение любому получателю — этого требует политика отправки сообщений Twilio, а в США — закон TCPA."
"Internal engine views for verifying automation is working correctly - not needed for day-to-day use.","Внутренние экраны движка для проверки корректной работы автоматизации - не нужны для повседневного использования."
"Invalid consent update request.","Некорректный запрос на обновление согласия."
"Invalid customer.","Некорректный клиент."
"Language","Язык"
"Last Known Price","Последняя известная цена"
"Last Reminder Sent","Последнее напоминание отправлено"
"Last Seen","Последний визит"
"Last Sync Message","Сообщение последней синхронизации"
"Last Sync Status","Статус последней синхронизации"
"Last Synced At","Дата последней синхронизации"
"Lead Routing Rule Information","Информация о правиле маршрутизации лидов"
"Lead Routing Rules","Правила маршрутизации лидов"
"Lead score","Оценка лида"
"Leave blank to match any product.","Оставьте пустым, чтобы соответствовать любому товару."
"Leave blank to match every customer (a catch-all/default pool rule)","Оставьте пустым, чтобы соответствовать любому клиенту (правило-пул по умолчанию)"
"Level","Уровень"
"Lifetime spend","Общая сумма покупок"
"Load a Template","Загрузить шаблон"
"Look up one customer by email to see everything this module already knows about them - segments, tags, RFM/CLV, lead score, NPS, loyalty tier, and order history - on one screen.","Найдите клиента по email, чтобы увидеть на одном экране всё, что модуль уже знает о нём - сегменты, теги, RFM/CLV, оценку лида, NPS, уровень лояльности и историю заказов."
"Look up one customer by email to view or change their marketing consent, export their data, or permanently erase it — for handling a GDPR/data-protection rights request.","Найдите клиента по email, чтобы просмотреть или изменить его согласие на маркетинг, экспортировать его данные или безвозвратно удалить их — для обработки запроса по правам GDPR/защите данных."
"Lowercase letters, digits, and underscores only - this is the exact name registered with Meta.","Только строчные буквы, цифры и подчёркивания - это точное имя, зарегистрированное в Meta."
"Loyalty tier","Уровень лояльности"
"Loyalty tiers","Уровни лояльности"
"Manage and submit templates the send_whatsapp campaign action can use","Управляйте шаблонами, которые может использовать действие кампании send_whatsapp, и отправляйте их на согласование"
"Marketing","Маркетинг"
"Match order — the first enabled rule that matches a customer wins","Порядок сопоставления — побеждает первое включённое правило, соответствующее клиенту"
"Matches a purchase from this category or any of its subcategories.","Соответствует покупке из этой категории или любой из её подкатегорий."
"Matching customers are assigned round-robin across this pool, in the order listed","Подходящие клиенты распределяются по круговому принципу (round-robin) внутри этого пула, в указанном порядке"
"Maximum days since last order","Максимум дней с последнего заказа"
"Message Log","Журнал сообщений"
"Meta","Meta"
"Meta Template ID","ID шаблона Meta"
"Meta Template Name","Название шаблона Meta"
"Meta locale code, e.g. en_US, pl_PL.","Код локали Meta, например en_US, pl_PL."
"Minimum NPS score","Минимальная оценка NPS"
"Minimum lifetime total","Минимальная общая сумма покупок"
"Minimum order count","Минимальное количество заказов"
"Minimum tier","Минимальный уровень"
"Missing WhatsApp template id.","Отсутствует ID шаблона WhatsApp."
"Missing ad audience id.","Отсутствует ID рекламной аудитории."
"Missing lead routing rule id.","Отсутствует ID правила маршрутизации лидов."
"Missing or invalid API key.","Отсутствует или некорректен API-ключ."
"Missing reorder cycle id.","Отсутствует ID цикла повторного заказа."
"Mon","Пн"
"Month-grid view of when scheduled/recurring campaigns fire","Вид месяца-сетки, показывающий, когда сработают запланированные/повторяющиеся кампании"
"NPS score","Оценка NPS"
"Never ordered","Никогда не заказывал"
"Never surveyed","Никогда не опрашивался"
"New Ad Audience","Новая рекламная аудитория"
"New Lead Routing Rule","Новое правило маршрутизации лидов"
"New WhatsApp Template","Новый шаблон WhatsApp"
"New here? Finish setting up Ordo Automation.","Впервые здесь? Завершите настройку Ordo Automation."
"Next month →","Следующий месяц →"
"No","Нет"
"No - send immediately","Нет - отправить немедленно"
"No customer found for that email.","Клиент с таким email не найден."
"No matching enabled segments.","Нет подходящих включённых сегментов."
"No response - check the Base URL/Model below, and that the Ollama instance is reachable from this server.","Нет ответа - проверьте Base URL/модель ниже, а также доступность инстанса Ollama с этого сервера."
"No sends recorded for this campaign yet.","Отправок для этой кампании пока не зафиксировано."
"No tags.","Тегов нет."
"None of the requested SKUs could be quoted.","Ни для одного из запрошенных SKU не удалось получить расчёт."
"Not calculated yet","Ещё не рассчитано"
"Not set up yet — publish your catalog as a Google Merchant Center feed to unlock free Google Shopping listings.","Ещё не настроено — опубликуйте каталог как фид Google Merchant Center, чтобы получить бесплатные объявления в Google Shopping."
"Not yet computed","Ещё не вычислено"
"Note","Примечание"
"Notification body","Текст уведомления"
"Notification title","Заголовок уведомления"
"Notified","Уведомлён"
"Notified Admin","Уведомлён администратор"
"Only APPROVED templates appear here — the WhatsApp Business Platform never allows a free-form message from a campaign send.","Здесь отображаются только шаблоны со статусом APPROVED — платформа WhatsApp Business никогда не разрешает произвольный текст сообщения при отправке из кампании."
"Only in Segment A:","Только в сегменте A:"
"Only in Segment B:","Только в сегменте B:"
"Open Setup Guide","Открыть руководство по настройке"
"Opened","Открыто"
"Opened by push-sw.js's notificationclick handler when the browser notification is clicked - defaults to ""/"" if left blank.","Открывается обработчиком notificationclick в push-sw.js при клике по браузерному уведомлению - по умолчанию «/», если оставить пустым."
"Opt in","Согласие получено"
"Opt out","Отказ"
"Opted Out","Отказался"
"Opted in","Согласился"
"Opted out","Отказался"
"Order Approvals","Согласование заказов"
"Order ID","ID заказа"
"Order approvals stuck","Зависшие согласования заказов"
"Order count, at least","Количество заказов, не менее"
"Output variable name","Имя выходной переменной"
"Params (comma-separated)","Параметры (через запятую)"
"Pending","Ожидает"
"Per-customer marketing consent, data export, and erasure","Согласие на маркетинг, экспорт и удаление данных по каждому клиенту"
"Percentile, at least (0-100)","Процентиль, не менее (0-100)"
"Permanently erase all Ordo Automation data for this customer? This cannot be undone.","Безвозвратно удалить все данные Ordo Automation для этого клиента? Это действие нельзя отменить."
"Phone","Телефон"
"Pick two different segments.","Выберите два разных сегмента."
"Pick two segments to see how many customers currently match both — useful for avoiding message fatigue from campaigns that unknowingly target the same people.","Выберите два сегмента, чтобы увидеть, сколько клиентов сейчас соответствуют обоим — полезно, чтобы избежать перегрузки сообщениями из-за кампаний, случайно нацеленных на одних и тех же людей."
"Platform","Платформа"
"Post-Purchase Thank You + Coupon","Благодарность после покупки + купон"
"Price Drop","Снижение цены"
"Price Watch Subscriptions","Подписки на отслеживание цены"
"Product","Товар"
"Product Count","Количество товаров"
"Product Feed Health","Состояние товарного фида"
"Product ID","ID товара"
"Product Recommendations","Рекомендации товаров"
"Product feed refresh failed: %1","Не удалось обновить товарный фид: %1"
"Product feeds refreshed for %1 store/format combination(s): %2 product(s) total.","Товарные фиды обновлены для комбинаций магазин/формат: %1; всего товаров: %2."
"Prompt","Промпт"
"Provider Message ID","ID сообщения провайдера"
"Push Subscriptions","Push-подписки"
"Qualifies For","Подходит для"
"Qualifies for segments","Подходит для сегментов"
"RFM / order history","RFM / история заказов"
"RFM score","Оценка RFM"
"Rate limit exceeded.","Превышен лимит запросов."
"Read-only: every admin save of a Campaign or Segment - who, when, and what changed","Только чтение: каждое сохранение кампании или сегмента администратором - кто, когда и что изменил"
"Read-only: every shopping feed generation attempt, per store - success/error, item count","Только чтение: каждая попытка генерации товарного фида по магазину - успех/ошибка, количество товаров"
"Read-only: every summary/failure line every cron in this module has logged","Только чтение: каждая строка сводки/ошибки, записанная любым cron-заданием этого модуля"
"Read-only: inbound SMS/WhatsApp replies per customer, including STOP-keyword opt-outs","Только чтение: входящие ответы SMS/WhatsApp по клиентам, включая отказы по ключевому слову STOP"
"Read-only: raw delivery status of every SMS/email a campaign action sent","Только чтение: необработанный статус доставки каждого SMS/email, отправленного действием кампании"
"Read-only: what the reorder-detection engine currently believes about each customer/SKU","Только чтение: текущие данные движка обнаружения повторных заказов по каждой паре клиент/SKU"
"Recalculate Now","Пересчитать сейчас"
"Received At","Получено"
"Recency (days since last order, at most)","Давность (дней с последнего заказа, не более)"
"Recurring Schedule","Повторяющееся расписание"
"Redo","Повторить"
"Reference dispatch context with {{placeholders}}, e.g. {{customer_first_name}}. Calls the self-hosted Ollama instance configured under Stores > Configuration > Ordo Automation > AI Content.","Ссылайтесь на контекст отправки через {{плейсхолдеры}}, например {{customer_first_name}}. Обращается к самостоятельно размещённому инстансу Ollama, настроенному в Stores > Configuration > Ordo Automation > AI Content."
"Referral Converted (referred customer placed their first order)","Реферал конвертирован (приглашённый клиент оформил первый заказ)"
"Refresh","Обновить"
"Refresh Now","Обновить сейчас"
"Refresh Status from Meta","Обновить статус из Meta"
"Refresh this template's status from Meta?","Обновить статус этого шаблона из Meta?"
"Reject","Отклонить"
"Reject order","Отклонить заказ"
"Rejected","Отклонено"
"Rejection Reason","Причина отклонения"
"Reminders Sent","Отправлено напоминаний"
"Reorder Cycle Drift Ratio, At Least (1.0 = exactly on schedule)","Коэффициент отклонения цикла повторного заказа, не менее (1.0 = точно по графику)"
"Reorder cycle recalculation failed: %1","Не удалось пересчитать цикл повторного заказа: %1"
"Reorder cycles recalculated: %1 pair(s).","Пересчитано циклов повторного заказа: %1 пар."
"Reorder reminder sent to %1.","Напоминание о повторном заказе отправлено: %1."
"Reordered?","Заказано повторно?"
"Reset Cached Score","Сбросить кэшированную оценку"
"Reset cached RFM score","Сбросить кэшированную оценку RFM"
"Reset the cached RFM score for %1 customer(s) — recomputed on the next scheduled run (or live in the meantime).","Сбросить кэшированную оценку RFM для клиентов: %1 — будет пересчитана при следующем плановом запуске (или сразу же в реальном времени)."
"Reset the cached RFM score for the selected customer(s)? It will be recomputed on the next scheduled run (or live in the meantime).","Сбросить кэшированную оценку RFM для выбранных клиентов? Она будет пересчитана при следующем плановом запуске (или сразу же в реальном времени)."
"Restore","Восстановить"
"Restore template version(s)","Восстановить версии шаблона"
"Restore the selected version(s)? This overwrites each version's template with this snapshot's subject/content, and itself creates a new snapshot of the resulting state.","Восстановить выбранные версии? Это перезапишет шаблон каждой версии темой/содержимым этого снимка, а также создаст новый снимок получившегося состояния."
"Restored %1 template version(s).","Восстановлено версий шаблона: %1."
"Revenue","Выручка"
"Review Request Due (N days after a completed order)","Пора запросить отзыв (через N дней после завершённого заказа)"
"Round-robin sales rep assignment for qualifying leads","Распределение подходящих лидов между менеджерами по продажам по круговому принципу"
"SKU (optional)","SKU (необязательно)"
"SMS","SMS"
"SMS (Twilio) or WhatsApp (Meta) — a campaign's send_sms/send_whatsapp action silently fails at dispatch time until credentials are set here.","SMS (Twilio) или WhatsApp (Meta) — действие кампании send_sms/send_whatsapp будет молча завершаться неудачей при отправке, пока здесь не заданы учётные данные."
"SMS message","SMS-сообщение"
"Sales Rep Pool","Пул менеджеров по продажам"
"Sales Reps","Менеджеры по продажам"
"Sat","Сб"
"Save Ad Audience","Сохранить рекламную аудиторию"
"Save Lead Routing Rule","Сохранить правило маршрутизации лидов"
"Save Template","Сохранить шаблон"
"Scheduled Campaign Calendar","Календарь запланированных кампаний"
"Scheduled Date/Time","Запланированная дата/время"
"Score Rule","Правило начисления баллов"
"Search","Поиск"
"Search blocks…","Поиск блоков…"
"Search palette blocks","Поиск блоков палитры"
"See how many customers match two segments at once","Посмотрите, сколько клиентов соответствуют двум сегментам одновременно"
"Segment","Сегмент"
"Segment ""%1"" was imported.","Сегмент «%1» импортирован."
"Segment A","Сегмент A"
"Segment A size:","Размер сегмента A:"
"Segment B","Сегмент B"
"Segment B size:","Размер сегмента B:"
"Segment ID","ID сегмента"
"Segment Overlap","Пересечение сегментов"
"Segment matches","Сегмент совпадает"
"Segment not found.","Сегмент не найден."
"Segments, tags, RFM, lead score, NPS and loyalty tier for one customer","Сегменты, теги, RFM, оценка лида, NPS и уровень лояльности для одного клиента"
"Send Reminder Now","Отправить напоминание сейчас"
"Send Test","Отправить тест"
"Send a real test email/SMS/WhatsApp message to catch a typo before a customer does","Отправьте реальное тестовое письмо/SMS/WhatsApp-сообщение, чтобы заметить опечатку раньше клиента"
"Send a real test message on any channel to catch a typo'd placeholder before a real customer does. Consent, quiet hours, and frequency caps are all skipped - this always attempts to send.","Отправьте реальное тестовое сообщение по любому каналу, чтобы заметить ошибку в плейсхолдере раньше настоящего клиента. Согласие, тихие часы и ограничения частоты не учитываются - отправка выполняется всегда."
"Send a reorder reminder email to this customer now?","Отправить этому клиенту письмо-напоминание о повторном заказе прямо сейчас?"
"Send at customer's optimal time","Отправить в оптимальное для клиента время"
"Send reorder reminder","Отправить напоминание о повторном заказе"
"Send to","Отправить"
"Sent At","Отправлено"
"Setup Guide","Руководство по настройке"
"Shopping feed","Товарный фид"
"Snapshot Taken","Снимок сделан"
"Standard 5-field cron, e.g. ""0 8 * * 1"" for every Monday at 08:00. Precision is bounded by the 5-minute scan interval — a minute field that isn't a multiple of 5 will never match.","Стандартное cron-выражение из 5 полей, например «0 8 * * 1» для каждого понедельника в 08:00. Точность ограничена интервалом сканирования в 5 минут — поле минут, не кратное 5, никогда не сработает."
"Start a new order for this customer with this product already added?","Создать новый заказ для этого клиента с уже добавленным товаром?"
"Start typing to search the catalog.","Начните вводить текст для поиска по каталогу."
"Status refreshed from Meta: %1","Статус обновлён из Meta: %1"
"Step %1","Шаг %1"
"Stop Keyword","Ключевое слово отказа"
"Store","Магазин"
"Subject","Тема"
"Submit for Review","Отправить на согласование"
"Submit this template to Meta for approval?","Отправить этот шаблон в Meta на согласование?"
"Submitted At","Отправлено"
"Success","Успешно"
"Summary","Сводка"
"Sun","Вс"
"Survey question","Вопрос опроса"
"Sync a segment as a Google Ads / Meta remarketing audience","Синхронизируйте сегмент как ремаркетинговую аудиторию Google Ads / Meta"
"Tags","Теги"
"Template ID","ID шаблона"
"Template Name","Название шаблона"
"Template Test Send","Тестовая отправка шаблона"
"Template parameters (comma-separated, optional)","Параметры шаблона (через запятую, необязательно)"
"Test Connection","Проверить соединение"
"That customer no longer exists.","Этот клиент больше не существует."
"That reorder cycle no longer exists.","Этот цикл повторного заказа больше не существует."
"The WhatsApp template has been deleted.","Шаблон WhatsApp удалён."
"The WhatsApp template has been saved.","Шаблон WhatsApp сохранён."
"The ad audience has been deleted.","Рекламная аудитория удалена."
"The ad audience has been saved.","Рекламная аудитория сохранена."
"The lead routing rule has been deleted.","Правило маршрутизации лидов удалено."
"The lead routing rule has been saved.","Правило маршрутизации лидов сохранено."
"The real dependency order for a working campaign: configure a channel first, then build a segment, then a campaign that uses it. Each step below reflects whether it's actually been done, not just clicked through.","Реальный порядок зависимостей для работающей кампании: сначала настройте канал, затем создайте сегмент, затем кампанию, которая его использует. Каждый шаг ниже отражает, выполнен ли он фактически, а не просто отмечен кликом."
"The template has been submitted to Meta for approval.","Шаблон отправлен в Meta на согласование."
"The test failed.","Тест завершился неудачей."
"This WhatsApp template no longer exists.","Этот шаблон WhatsApp больше не существует."
"This ad audience no longer exists.","Эта рекламная аудитория больше не существует."
"This customer has opted out of email - reminder not sent.","Этот клиент отказался от email-рассылок - напоминание не отправлено."
"This lead routing rule no longer exists.","Это правило маршрутизации лидов больше не существует."
"This order is no longer awaiting approval and cannot be acted on via this link.","Этот заказ больше не ожидает согласования, и по этой ссылке с ним нельзя ничего сделать."
"This template has already been submitted to Meta - nothing to do.","Этот шаблон уже отправлен в Meta - действие не требуется."
"This template has not been submitted to Meta yet - nothing to refresh.","Этот шаблон ещё не отправлен в Meta - обновлять нечего."
"Thu","Чт"
"To","Кому"
"Too many attempts. Please wait a while and try again.","Слишком много попыток. Подождите немного и попробуйте снова."
"Total orders","Всего заказов"
"Tue","Вт"
"URL to open on click (optional)","URL для открытия по клику (необязательно)"
"Undelivered","Не доставлено"
"Undo","Отменить"
"Up to 10 conditions per list (this one, or a single group's own nested list).","До 10 условий в списке (в этом или во вложенном списке одной группы)."
"Upcoming","Предстоящее"
"Update","Обновить"
"Updated At","Обновлено"
"Use {{1}}, {{2}}, ... for placeholders filled positionally by the send_whatsapp campaign action's own ""params"" field at send time. Max 1024 characters, matching Meta's own WhatsApp template body limit.","Используйте {{1}}, {{2}}, ... для плейсхолдеров, заполняемых позиционно из поля «params» действия кампании send_whatsapp в момент отправки. Максимум 1024 символа - как в собственном лимите Meta на тело шаблона WhatsApp."
"Used instead of a real Ollama response whenever AI content generation is disabled, unconfigured, or the local instance times out - the send is never blocked by this action.","Используется вместо реального ответа Ollama, когда генерация контента ИИ отключена, не настроена или локальный инстанс не отвечает вовремя - это действие никогда не блокирует отправку."
"Utility","Служебное"
"Variant","Вариант"
"Variants","Варианты"
"View Scheduled Campaign Calendar →","Открыть календарь запланированных кампаний →"
"Visitor ID","ID посетителя"
"Watch Type","Тип отслеживания"
"Webhook Received (signed, from an external system)","Получен вебхук (подписанный, от внешней системы)"
"Wed","Ср"
"Welcome New Customer","Приветствие нового клиента"
"WhatsApp","WhatsApp"
"WhatsApp Template","Шаблон WhatsApp"
"WhatsApp Template Information","Информация о шаблоне WhatsApp"
"WhatsApp Templates","Шаблоны WhatsApp"
"WhatsApp template","Шаблон WhatsApp"
"Within days","В течение дней"
"Yes","Да"
"Yes - defer to this customer's own historically-best open/click hour (Model\Campaign\SendTimeOptimizer), when enough history exists","Да - отложить до исторически лучшего для этого клиента часа открытий/кликов (Model\Campaign\SendTimeOptimizer), если накоплено достаточно истории"
"You have unsaved changes on this page — the count below still reflects this segment's last saved conditions, not what's currently on screen.","На этой странице есть несохранённые изменения — число ниже всё ещё отражает последние сохранённые условия сегмента, а не то, что сейчас на экране."
"ad audience","рекламная аудитория"
"lead routing rule","правило маршрутизации лидов"
"← Back to Campaign Action Timeline","← Назад к хронологии действий кампании"
"← Back to Dashboard","← Назад к панели управления"
"← Previous month","← Предыдущий месяц"
"Referral Program","Реферальная программа"
"Email Template Version History","История версий шаблонов email"
"AI-Agent Commerce Readiness","Готовность к ИИ-агентам"
"Description","Описание"
"Contact Email","Email для связи"
"Requests Per Minute Per API Key","Запросов в минуту на API-ключ"
"Estimated Delivery Days","Оценочный срок доставки (дни)"
"Ordo Automation Customer 360","Ordo Automation Клиент 360"
"Ordo Automation Email Template Versioning","Ordo Automation Версии шаблонов email"
