"""Discount Amount"" (Y) must not exceed ""Discount Qty Step"" (X), or no discount will apply.","«Сума знижки» (Y) не повинна перевищувати «Крок кількості знижки» (X), інакше знижка не застосується."
"+ New Campaign","+ Нова кампанія"
"+%1 min","+%1 хв"
"Abandoned Cart Recovery","Відновлення покинутого кошика"
"Action","Дія"
"Action timeline","Часова шкала дій"
"Actions","Дії"
"Actions (run in order)","Дії (виконуються по черзі)"
"Add Action","Додати дію"
"Add Condition","Додати умову"
"Add New Campaign","Додати нову кампанію"
"Add New Content Block","Додати новий блок контенту"
"Add New Free Gift Offer","Додати нову пропозицію подарунка"
"Add New Score Rule","Додати нове правило нарахування балів"
"Add New Segment","Додати новий сегмент"
"Add Points","Додати бали"
"Add SKU","Додати SKU"
"Add Tag","Додати тег"
"Add Tier","Додати рівень"
"Add Trigger","Додати тригер"
"Apply flow to form & Save","Застосувати схему до форми та зберегти"
"Are you sure you want to delete this %1?","Ви впевнені, що хочете видалити: %1?"
"Are you sure you want to delete this campaign?","Ви впевнені, що хочете видалити цю кампанію?"
"Are you sure you want to delete this content block?","Ви впевнені, що хочете видалити цей блок контенту?"
"Are you sure you want to delete this free gift offer?","Ви впевнені, що хочете видалити цю пропозицію подарунка?"
"Are you sure you want to delete this score rule?","Ви впевнені, що хочете видалити це правило нарахування балів?"
"Are you sure you want to delete this segment?","Ви впевнені, що хочете видалити цей сегмент?"
"Assigned Sales Rep — Email","Призначений менеджер — Email"
"Assigned Sales Rep — Name","Призначений менеджер — Ім'я"
"Assigned Sales Rep — Phone","Призначений менеджер — Телефон"
"Attribute","Атрибут"
"Attribute Code","Код атрибута"
"Avg. Interval (days)","Середній інтервал (днів)"
"B2C Lifecycle Emails (Welcome / Win-back)","Життєвий цикл B2C-листів (привітання / повернення клієнта)"
"Back","Назад"
"Block Checkout When Over Credit Limit","Блокувати оформлення замовлення при перевищенні кредитного ліміту"
"Build and manage automation campaigns","Створюйте кампанії автоматизації та керуйте ними"
"Bulk actions on current members","Масові дії для поточних учасників"
"Buy %1, get %2 free — customers pay for %1 out of every %3 (%4% off that batch).","Купіть %1, отримайте %2 безкоштовно — клієнт платить за %1 з кожних %3 (знижка %4% на цю партію)."
"CTA button URL","URL кнопки CTA"
"CTA button label","Текст кнопки CTA"
"Call-to-action button URL","URL кнопки заклику до дії"
"Call-to-action button label","Текст кнопки заклику до дії"
"Campaign Information","Інформація про кампанію"
"Campaign Calendar","Календар кампаній"
"Campaign","Кампанія"
"Campaign action with id ""%1"" does not exist.","Дія кампанії з ID «%1» не існує."
"Campaign condition with id ""%1"" does not exist.","Умова кампанії з ID «%1» не існує."
"Campaign trigger with id ""%1"" does not exist.","Тригер кампанії з ID «%1» не існує."
"Campaign with id ""%1"" does not exist.","Кампанія з ID «%1» не існує."
"Campaigns","Кампанії"
"Campaigns by trigger","Кампанії за тригером"
"Can be negative (a penalty rule).","Може бути від'ємним (штрафне правило)."
"Can be negative to subtract points when this rule matches","Може бути від'ємним, щоб віднімати бали, коли правило спрацьовує"
"Cart Abandoned","Кошик покинуто"
"Cart Price Rule","Цінове правило кошика"
"Cart Price Rule ID","ID цінового правила кошика"
"Cart price rule ID","ID цінового правила кошика"
"Cart with id ""%1"" does not exist.","Кошик з ID «%1» не існує."
"Cascading tiers — every tier the cart subtotal reaches ADDS its gift slots, cumulative","Каскадні рівні — кожен досягнутий рівень суми кошика ДОДАЄ свої слоти подарунків, накопичувально"
"Category","Категорія"
"Category ID","ID категорії"
"Cheapest item in qualifying set free (Ordo Automation)","Найдешевший товар у прийнятному наборі безкоштовно (Ordo Automation)"
"Condition","Умова"
"Conditions","Умови"
"Conditions (all must match — AND)","Умови (усі мають збігтися — І)"
"Conditions (all must pass — AND)","Умови (усі мають виконатися — І)"
"Configuration","Конфігурація"
"Contains","Містить"
"Content Block Information","Інформація про блок контенту"
"Content Blocks","Блоки контенту"
"Content block","Блок контенту"
"Content block not found.","Блок контенту не знайдено."
"Could not add gift ""%1"" to the cart: %2","Не вдалося додати подарунок «%1» до кошика: %2"
"Could not delete the campaign action: %1","Не вдалося видалити дію кампанії: %1"
"Could not delete the campaign condition: %1","Не вдалося видалити умову кампанії: %1"
"Could not delete the campaign trigger: %1","Не вдалося видалити тригер кампанії: %1"
"Could not delete the campaign: %1","Не вдалося видалити кампанію: %1"
"Could not delete the content block: %1","Не вдалося видалити блок контенту: %1"
"Could not delete the free gift offer: %1","Не вдалося видалити пропозицію подарунка: %1"
"Could not delete the free gift product: %1","Не вдалося видалити товар-подарунок: %1"
"Could not delete the free gift tier: %1","Не вдалося видалити рівень подарунка: %1"
"Could not delete the offer: %1","Не вдалося видалити пропозицію: %1"
"Could not delete the score rule: %1","Не вдалося видалити правило нарахування балів: %1"
"Could not delete the segment: %1","Не вдалося видалити сегмент: %1"
"Could not save the campaign action: %1","Не вдалося зберегти дію кампанії: %1"
"Could not save the campaign condition: %1","Не вдалося зберегти умову кампанії: %1"
"Could not save the campaign trigger: %1","Не вдалося зберегти тригер кампанії: %1"
"Could not save the campaign: %1","Не вдалося зберегти кампанію: %1"
"Could not save the content block: %1","Не вдалося зберегти блок контенту: %1"
"Could not save the free gift offer: %1","Не вдалося зберегти пропозицію подарунка: %1"
"Could not save the free gift product: %1","Не вдалося зберегти товар-подарунок: %1"
"Could not save the free gift tier: %1","Не вдалося зберегти рівень подарунка: %1"
"Could not save the offer: %1","Не вдалося зберегти пропозицію: %1"
"Could not save the score rule: %1","Не вдалося зберегти правило нарахування балів: %1"
"Could not save the segment: %1","Не вдалося зберегти сегмент: %1"
"Coupon code prefix","Префікс коду купона"
"Created","Створено"
"Credit Limit","Кредитний ліміт"
"Credit Limit Alert","Сповіщення про кредитний ліміт"
"Customer ID","ID клієнта"
"Customer Registered","Клієнта зареєстровано"
"Dashboard","Панель керування"
"Days Since Last Order","Днів з останнього замовлення"
"Days added per self-extension","Днів додається за самостійне продовження"
"Delay (minutes)","Затримка (хвилини)"
"Delete","Видалити"
"Delete %1 ""%2""","Видалити %1 «%2»"
"Delete raw events older than this many days","Видаляти вихідні події старші за цю кількість днів"
"Demographic-attribute lead scoring rules","Правила скорингу лідів за демографічними атрибутами"
"Diagnostic view of detected reorder patterns","Діагностичний перегляд виявлених патернів повторних замовлень"
"Disabled","Вимкнено"
"Drag a block from the palette onto the canvas, then drag from the small dot on the right edge of one node to the dot on the left edge of the next to connect them. A campaign can start from more than one trigger — every one of them must lead all the way through to an Action before you can save. Then ""Apply flow to form & Save"" writes the graph into the form below and saves through the same action the Save button uses.","Перетягніть блок із палітри на полотно, а потім з'єднайте вузли, перетягнувши від маленької точки на правому краю одного вузла до точки на лівому краю наступного. Кампанія може починатися з кількох тригерів — кожен із них має вести аж до Дії, перш ніж можна буде зберегти. Кнопка «Застосувати схему до форми та зберегти» записує граф у форму нижче й зберігає його тим самим способом, що й кнопка «Зберегти»."
"Edit","Редагувати"
"Edit Campaign ""%1""","Редагування кампанії «%1»"
"Edit Content Block ""%1""","Редагування блоку контенту «%1»"
"Edit Free Gift Offer ""%1""","Редагування пропозиції подарунка «%1»"
"Edit Score Rule ""%1""","Редагування правила нарахування балів «%1»"
"Edit Segment ""%1""","Редагування сегмента «%1»"
"Email","Email"
"Email template identifier","Ідентифікатор email-шаблону"
"Enable on-site popups","Увімкнути спливаючі вікна на сайті"
"Enabled","Увімкнено"
"Enter ""Discount Qty Step (Buy X)"" and ""Discount Amount"" (as Y, free qty) to see a preview.","Введіть «Крок кількості знижки (Купіть X)» і «Суму знижки» (як Y, безкоштовна кількість), щоб побачити попередній перегляд."
"Equals","Дорівнює"
"Escalate (resend) if not decided within this many days","Ескалувати (надіслати повторно), якщо рішення не ухвалено протягом цієї кількості днів"
"Expires","Закінчується"
"Every campaign's trigger(s) and its action chain's timing in one place — ""offset"" is the cumulative wait since the trigger fires, not just that step's own delay, since each action's delay_minutes counts from the PREVIOUS action, not from the start.","Тригер(и) та час виконання ланцюжка дій кожної кампанії в одному місці — «зсув» — це накопичений час очікування з моменту спрацювання тригера, а не лише затримка цього кроку, оскільки delay_minutes кожної дії відраховується від ПОПЕРЕДНЬОЇ дії, а не від початку."
"Every campaign's trigger(s) and action timing in one place","Тригер(и) та час виконання дій кожної кампанії в одному місці"
"Extend by %1 day(s)","Продовжити на %1 дн."
"F Quintile","Квінтиль F"
"Feed URL","URL стрічки"
"Feed refreshed.","Стрічку оновлено."
"First Name","Ім'я"
"Flow","Схема"
"Free Gift Above Threshold","Подарунок при перевищенні порогу"
"Free Gift Offer Information","Інформація про пропозицію подарунка"
"Free Gift Offers","Пропозиції подарунків"
"Free gift offer with id ""%1"" does not exist.","Пропозиція подарунка з ID «%1» не існує."
"Free gift offers","Пропозиції подарунків"
"Free gift product with id ""%1"" does not exist.","Товар-подарунок з ID «%1» не існує."
"Free gift tier with id ""%1"" does not exist.","Рівень подарунка з ID «%1» не існує."
"General","Загальне"
"Gift pool — SKUs a customer may pick from once eligible","Пул подарунків — SKU, з яких клієнт може обирати після виконання умов"
"Gift slots this tier adds","Слоти подарунків, які додає цей рівень"
"HTML","HTML"
"HTML Snippet","HTML-фрагмент"
"Hard-blocks order placement for a logged-in customer whose credit limit utilization has reached 100%. Disabled by default — separate opt-in from the warning email above.","Повністю блокує оформлення замовлення для авторизованого клієнта, у якого використання кредитного ліміту досягло 100%. За замовчуванням вимкнено — вмикається окремо від попереджувального листа вище."
"How many feed items to include","Скільки елементів стрічки включати"
"How many products to include","Скільки товарів включати"
"ID","ID"
"Identifier","Ідентифікатор"
"Invalid bulk action type.","Неприпустимий тип масової дії."
"Invalid offer.","Недійсна пропозиція."
"Invalid or already-used approval token.","Недійсний або вже використаний токен підтвердження."
"Invalid segment.","Недійсний сегмент."
"Item Count","Кількість позицій"
"Last Name","Прізвище"
"Last Order","Останнє замовлення"
"Last Recalculated","Останній перерахунок"
"Lead Scoring","Скоринг лідів"
"Leave blank if you filled in Tag / Minimum order total / Minimum score above.","Залиште порожнім, якщо вище заповнено поле Тег / Мінімальна сума замовлення / Мінімальний бал."
"Leave blank if you filled in one of the dedicated fields above.","Залиште порожнім, якщо вище заповнено одне зі спеціальних полів."
"M Quintile","Квінтиль M"
"Manage cascading-tier gift offers and their gift pools","Керуйте пропозиціями подарунків із каскадними рівнями та їхніми пулами подарунків"
"Maximum reminders per cart","Максимум нагадувань на кошик"
"Maximum times a customer can self-extend an offer","Максимальна кількість самостійних продовжень пропозиції клієнтом"
"Message","Повідомлення"
"Minimum cart subtotal","Мінімальна сума кошика"
"Minimum cart subtotal to trigger a reminder","Мінімальна сума кошика для надсилання нагадування"
"Minimum days between repeated alerts for the same threshold","Мінімум днів між повторними сповіщеннями для одного й того самого порогу"
"Minimum order total","Мінімальна сума замовлення"
"Minimum orders to detect a pattern","Мінімум замовлень для виявлення патерну"
"Minimum score","Мінімальний бал"
"Minimum time between two popups shown to the same visitor/customer. 0 disables the cap.","Мінімальний час між двома спливаючими вікнами для одного відвідувача/клієнта. 0 вимикає обмеження."
"Missing campaign id.","Не вказано ID кампанії."
"Missing content block id.","Не вказано ID блоку контенту."
"Missing free gift offer id.","Не вказано ID пропозиції подарунка."
"Missing score rule id.","Не вказано ID правила нарахування балів."
"Missing segment id.","Не вказано ID сегмента."
"My Offers","Мої пропозиції"
"Name","Назва"
"New Campaign","Нова кампанія"
"New Content Block","Новий блок контенту"
"New Free Gift Offer","Нова пропозиція подарунка"
"New Score Rule","Нове правило нарахування балів"
"New Segment","Новий сегмент"
"Next Expected","Наступне очікуване"
"No authenticated customer for this request.","Для цього запиту немає авторизованого клієнта."
"No actions configured","Дії не налаштовано"
"No campaigns yet — create one to get started.","Поки немає кампаній — створіть першу, щоб почати."
"No customers currently match this segment.","Наразі жоден клієнт не відповідає цьому сегменту."
"No free items — Y is 0. Set ""Discount Amount"" to how many should be free.","Немає безкоштовних товарів — Y дорівнює 0. Встановіть «Суму знижки» на кількість, яка має бути безкоштовною."
"No trigger configured","Тригер не налаштовано"
"Not Equals","Не дорівнює"
"Not eligible for extension","Продовження недоступне"
"Offer ""%1"" has been extended to %2.","Пропозицію «%1» продовжено до %2."
"Offer Expiry Reminder","Нагадування про закінчення пропозиції"
"Offer with id ""%1"" does not exist.","Пропозиція з ID «%1» не існує."
"On-Site Behavior Tracking","Відстеження поведінки на сайті"
"Operator","Оператор"
"Order Approval Admin Email","Email адміністратора для підтвердження замовлень"
"Order Approval Workflow","Процес підтвердження замовлень"
"Order Placed","Замовлення оформлено"
"Order Spend Limit (requires approval above this amount)","Ліміт суми замовлення (потребує підтвердження при перевищенні)"
"Order approval with id ""%1"" does not exist or is no longer pending.","Підтвердження замовлення з ID «%1» не існує або більше не очікує рішення."
"Order approval with id ""%1"" does not exist.","Підтвердження замовлення з ID «%1» не існує."
"Orders","Замовлення"
"Orders Considered","Враховані замовлення"
"Ordo Automation","Ordo Automation"
"Ordo Automation Campaigns","Ordo Automation — кампанії"
"Ordo Automation Content Blocks","Ordo Automation — блоки контенту"
"Ordo Automation Free Gifts","Ordo Automation — подарунки"
"Ordo Automation Score Rules","Ordo Automation — правила нарахування балів"
"Ordo Automation Section","Ordo Automation — розділ"
"Ordo Automation Segments","Ordo Automation — сегменти"
"Output variable name (optional)","Ім'я вихідної змінної (необов'язково)"
"Params (JSON)","Параметри (JSON)"
"Params (JSON) — only needed for a condition type without a dedicated field above","Параметри (JSON) — потрібні лише для типу умови без спеціального поля вище"
"Params (JSON) — only needed for an action type without a dedicated field above","Параметри (JSON) — потрібні лише для типу дії без спеціального поля вище"
"Please enter a tag.","Вкажіть тег."
"Please enter a valid number of points.","Вкажіть коректну кількість балів."
"Points","Бали"
"Points (used by ""Add Points"")","Бали (використовується дією «Додати бали»)"
"Popup body","Текст спливаючого вікна"
"Popup frequency cap (hours)","Обмеження частоти спливаючих вікон (години)"
"Popup headline","Заголовок спливаючого вікна"
"Popup poll interval (seconds)","Інтервал опитування спливаючих вікон (секунди)"
"Preview","Попередній перегляд"
"Product Feed","Товарна стрічка"
"Products","Товари"
"Queued ""%1"" for %2 matching customer(s).","«%1» поставлено в чергу для %2 відповідних клієнтів."
"R Quintile","Квінтиль R"
"RFM Report","Звіт RFM"
"RFM Score","Оцінка RFM"
"RSS 2.0 feed URL, refetched every 30 minutes by cron (or on demand via ""Refresh Feed Now"")","URL стрічки RSS 2.0, оновлюється кожні 30 хвилин через cron (або за запитом через «Оновити стрічку зараз»)"
"RSS Feed","RSS-стрічка"
"Raw HTML to embed for a ""snippet"" block.","Необроблений HTML для вбудовування в блок типу «фрагмент»."
"Recency, frequency and spend quintiles across all customers","Квінтилі давності, частоти й суми покупок для всіх клієнтів"
"Recovered revenue","Повернений дохід"
"Reference","Посилання"
"Refresh Feed Now","Оновити стрічку зараз"
"Refresh failed: %1","Помилка оновлення: %1"
"Remove","Видалити"
"Reorder Cycles","Цикли повторних замовлень"
"Reorder Reminder","Нагадування про повторне замовлення"
"Reorder cycle with id ""%1"" does not exist.","Цикл повторного замовлення з ID «%1» не існує."
"Responded","Відповіли"
"Response rate","Частка відповідей"
"Reusable HTML snippet, RSS, and product feed blocks for campaign emails","Багаторазові блоки контенту (HTML-фрагменти, RSS та товарні стрічки) для листів кампаній"
"Run Bulk Action","Виконати масову дію"
"Runs against everyone currently matching this segment's conditions. The action is queued and applied asynchronously.","Виконується для всіх, хто наразі відповідає умовам цього сегмента. Дія ставиться в чергу і застосовується асинхронно."
"SKU","SKU"
"SKU ""%1"" is not an eligible free gift for this cart.","SKU «%1» не підходить як подарунок для цього кошика."
"Sales Rep Signature & Digest","Підпис і дайджест менеджера"
"Save & Continue Edit","Зберегти й продовжити редагування"
"Save Campaign","Зберегти кампанію"
"Save Content Block","Зберегти блок контенту"
"Save Offer","Зберегти пропозицію"
"Save Score Rule","Зберегти правило нарахування балів"
"Save Segment","Зберегти сегмент"
"Saved, reusable customer conditions — reference from any campaign via the ""In Segment"" condition","Збережені, багаторазові умови клієнта — використовуйте в будь-якій кампанії через умову «У сегменті»"
"Score Rule Information","Інформація про правило нарахування балів"
"Score Rules","Правила нарахування балів"
"Score Threshold","Поріг балів"
"Score Threshold Crossed","Поріг балів перевищено"
"Searchable — includes core customer fields and EAV custom attributes","З пошуком — включає основні поля клієнта та користувацькі EAV-атрибути"
"Segment Information","Інформація про сегмент"
"Segments","Сегменти"
"Send reminder N days before the expected date","Надіслати нагадування за N днів до очікуваної дати"
"Send reminder N days before the offer expires","Надіслати нагадування за N днів до закінчення пропозиції"
"Send reminder N minutes after last cart activity","Надіслати нагадування через N хвилин після останньої активності в кошику"
"Send weekly digest to reps","Надсилати щотижневий дайджест менеджерам"
"Sent","Надіслано"
"Sort Order","Порядок сортування"
"Source","Джерело"
"Status","Статус"
"Tag","Тег"
"Tag (used by ""Add Tag"")","Тег (використовується дією «Додати тег»)"
"Tag Added","Тег додано"
"Tag a customer ""inactive"" after this many days without an order","Позначати клієнта як «неактивного» після цієї кількості днів без замовлення"
"Tag a customer after this many clicks on the same tracked element","Позначати клієнта тегом після цієї кількості кліків по одному й тому самому відстежуваному елементу"
"Tag a customer after this many views of the same item","Позначати клієнта тегом після цієї кількості переглядів одного й того самого товару"
"The campaign has been deleted.","Кампанію видалено."
"The campaign has been saved.","Кампанію збережено."
"The content block has been deleted.","Блок контенту видалено."
"The content block has been saved.","Блок контенту збережено."
"The free gift offer has been deleted.","Пропозицію подарунка видалено."
"The free gift offer has been saved.","Пропозицію подарунка збережено."
"The gift selection contains duplicate SKUs.","У виборі подарунків є повторювані SKU."
"The order for this approval could not be found.","Замовлення для цього підтвердження не знайдено."
"The score rule has been deleted.","Правило нарахування балів видалено."
"The score rule has been saved.","Правило нарахування балів збережено."
"The segment has been deleted.","Сегмент видалено."
"The segment has been saved.","Сегмент збережено."
"This campaign no longer exists.","Ця кампанія більше не існує."
"This content block is not an RSS feed.","Цей блок контенту не є RSS-стрічкою."
"This content block no longer exists.","Цей блок контенту більше не існує."
"This free gift offer no longer exists.","Ця пропозиція подарунка більше не існує."
"This offer could not be found.","Цю пропозицію не знайдено."
"This offer has already been extended the maximum of %1 time(s).","Цю пропозицію вже було продовжено максимальну кількість разів: %1."
"This score rule no longer exists.","Це правило нарахування балів більше не існує."
"This segment no longer exists.","Цей сегмент більше не існує."
"Tiers","Рівні"
"Total","Разом"
"Total Spend","Загальна сума покупок"
"Total campaigns","Усього кампаній"
"Tracked reorder cycles","Відстежувані цикли повторних замовлень"
"Trigger","Тригер"
"Trigger Event","Подія-тригер"
"Trigger performance","Ефективність тригера"
"Triggers","Тригери"
"Trigger(s)","Тригер(и)"
"Triggers, thresholds, tracking, and more","Тригери, пороги, відстеження та інше"
"Triggers: %1","Тригери: %1"
"Type","Тип"
"Unique machine identifier, referenced by a campaign's ""Add Dynamic Content"" action","Унікальний машинний ідентифікатор, на який посилається дія кампанії «Додати динамічний контент»"
"Updated","Оновлено"
"Value","Значення"
"Visitor Tag Added (anonymous)","Тег додано анонімному відвідувачу"
"Wait this long after the previous step (or the trigger, for the first action) before running this one. 0 runs immediately.","Зачекати стільки після попереднього кроку (або тригера, для першої дії) перед виконанням цього. 0 — виконати негайно."
"Warn at this % of credit limit used","Попереджати за такого % використання кредитного ліміту"
"You have no offers yet.","У вас поки немає пропозицій."
"You may select at most %1 gift(s) with the current cart subtotal.","За поточної суми кошика можна обрати не більше %1 подарунків."
"Your order could not be placed because your account has reached its credit limit. Please contact your sales representative.","Ваше замовлення не може бути оформлене, оскільки ваш акаунт досяг кредитного ліміту. Будь ласка, зверніться до свого менеджера."
"campaign","кампанія"
"content block","блок контенту"
"e.g. {""tag"":""vip""}, {""amount"":""100""}, {""threshold"":""50""}, {""days"":""30""}, {""count"":""3""}, {""segment_id"":""2""} — see the condition type's docblock in Model/Campaign/Condition/ for the exact keys it reads.","напр. {""tag"":""vip""}, {""amount"":""100""}, {""threshold"":""50""}, {""days"":""30""}, {""count"":""3""}, {""segment_id"":""2""} — точні ключі див. у docblock відповідного типу умови в Model/Campaign/Condition/."
"free gift offer","пропозиція подарунка"
"score rule","правило нарахування балів"
"immediate","негайно"
"segment","сегмент"
"Customer 360","Клієнт 360"
"Customer email","Email клієнта"
"Find a customer","Знайти клієнта"
"Search","Пошук"
"← Back to Dashboard","← Назад до панелі"
"Lead score","Оцінка ліда"
"Loyalty tier","Рівень лояльності"
"NPS score","Оцінка NPS"
"Never surveyed","Ніколи не опитувався"
"RFM / order history","RFM / історія замовлень"
"RFM score","Оцінка RFM"
"Not yet computed","Ще не обчислено"
"Days since last order","Днів з останнього замовлення"
"Never ordered","Ніколи не замовляв"
"Total orders","Всього замовлень"
"Lifetime spend","Загальна сума покупок"
"Tags","Теги"
"No tags.","Немає тегів."
"Qualifies for segments","Відповідає сегментам"
"No matching enabled segments.","Немає відповідних увімкнених сегментів."
"No customer found for that email.","Клієнта з таким email не знайдено."
"Referral Program","Реферальна програма"
"Email Template Version History","Історія версій шаблонів email"
"Email Template Versions","Версії шаблонів email"
"Could not restore template ""%1"": %2","Не вдалося відновити шаблон ""%1"": %2"
"Restored %1 template version(s).","Відновлено версій шаблону: %1."
"AI-Agent Commerce Readiness","Готовність до ШІ-агентів"
"Description","Опис"
"Contact Email","Email для зв'язку"
"Requests Per Minute Per API Key","Запитів на хвилину на API-ключ"
"Estimated Delivery Days","Орієнтовний термін доставки (дні)"
"AI-agent commerce endpoints are disabled.","Кінцеві точки для ШІ-агентів вимкнені."
"Missing or invalid API key.","Відсутній або недійсний API-ключ."
"Rate limit exceeded.","Перевищено ліміт запитів."
"None of the requested SKUs could be quoted.","Жодного з запитаних SKU не вдалося оцінити."
"Ordo Automation Customer 360","Ordo Automation Клієнт 360"
"Ordo Automation Email Template Versioning","Ordo Automation Версії шаблонів email"
"Level","Рівень"
"Refresh","Оновити"
"Provider Message ID","ID повідомлення провайдера"
"Entity ID","ID сутності"
"Good news — the product you were watching is back in stock.","Хороша новина — товар, за яким ви стежили, знову в наявності."
"Template ID","ID шаблону"
"Submitted At","Надіслано"
"Per-customer marketing consent, data export, and erasure","Маркетингова згода, експорт і видалення даних для окремого клієнта"
"Reorder cycle recalculation failed: %1","Не вдалося перерахувати цикл повторного замовлення: %1"
"Browse and act on pending order approvals without the original decision email","Переглядайте очікувані затвердження замовлень і приймайте рішення без початкового листа"
"Are you sure you want to delete this lead routing rule?","Ви впевнені, що хочете видалити це правило маршрутизації лідів?"
"Channels & Content","Канали та контент"
"Include an opt-out instruction (e.g. ""Reply STOP to unsubscribe"") in the first message to any recipient — required by Twilio's messaging policy and, in the US, the TCPA.","Додавайте інструкцію щодо відмови (наприклад, «Reply STOP to unsubscribe») у перше повідомлення до будь-якого одержувача — цього вимагає політика повідомлень Twilio, а в США — закон TCPA."
"Order Approvals","Затвердження замовлень"
"Clicked","Клікнуто"
"Invalid consent update request.","Некоректний запит на оновлення згоди."
"Done","Готово"
"Customer Email","Email клієнта"
"Post-Purchase Thank You + Coupon","Подяка після покупки + купон"
"0 / %1 characters","0 / %1 символів"
"Subject","Тема"
"Sent At","Надіслано"
"Missing reorder cycle id.","Відсутній ID циклу повторного замовлення."
"Upcoming","Заплановано"
"Failure","Невдача"
"Variant","Варіант"
"Referral Converted (referred customer placed their first order)","Реферал конвертований (запрошений клієнт оформив перше замовлення)"
"Send a reorder reminder email to this customer now?","Надіслати цьому клієнту email-нагадування про повторне замовлення зараз?"
"Send reorder reminder","Надіслати нагадування про повторне замовлення"
"Erase all data","Видалити всі дані"
"Attributed Revenue","Приписаний дохід"
"All conditions (AND)","Усі умови (AND)"
"Data subject actions","Дії щодо суб'єкта даних"
"External Audience ID","ID зовнішньої аудиторії"
"Could not build the cart: %1","Не вдалося сформувати кошик: %1"
"That customer no longer exists.","Цього клієнта більше не існує."
"Are you sure you want to delete the selected campaign(s)?","Ви впевнені, що хочете видалити вибрані кампанії?"
"Campaign ""%1"" was imported.","Кампанію «%1» імпортовано."
"Too many attempts. Please wait a while and try again.","Забагато спроб. Будь ласка, зачекайте та спробуйте знову."
"Opted in","Погодився"
"Standard 5-field cron, e.g. ""0 8 * * 1"" for every Monday at 08:00. Precision is bounded by the 5-minute scan interval — a minute field that isn't a multiple of 5 will never match.","Стандартний 5-польовий вираз cron, наприклад «0 8 * * 1» для щопонеділка о 08:00. Точність обмежена інтервалом сканування в 5 хвилин — поле хвилин, що не кратне 5, ніколи не збіжиться."
"Read-only: inbound SMS/WhatsApp replies per customer, including STOP-keyword opt-outs","Лише для читання: вхідні відповіді SMS/WhatsApp по кожному клієнту, включно з відмовами за ключовим словом STOP"
"Reset the cached RFM score for the selected customer(s)? It will be recomputed on the next scheduled run (or live in the meantime).","Скинути кешовану оцінку RFM для вибраних клієнтів? Її буде перераховано під час наступного запланованого запуску (або одразу за потреби)."
"Only APPROVED templates appear here — the WhatsApp Business Platform never allows a free-form message from a campaign send.","Тут показані лише шаблони зі статусом APPROVED — платформа WhatsApp Business ніколи не дозволяє довільне повідомлення при надсиланні з кампанії."
"Drift ratio, at least (1.0 = exactly on schedule)","Коефіцієнт відхилення, не менше (1.0 = точно за графіком)"
"Added to Cart","Додано в кошик"
"A total of %1 score rule(s) have been disabled.","Вимкнено правил нарахування балів: %1."
"Browse Abandoned (viewed a product, no order since)","Перегляд без покупки (переглянув товар, відтоді не замовляв)"
"Changes","Зміни"
"Last Synced At","Дата останньої синхронізації"
"Save Lead Routing Rule","Зберегти правило маршрутизації лідів"
"Language","Мова"
"To","До"
"Export all data (JSON)","Експортувати всі дані (JSON)"
"Fri","Пт"
"Shopping feed","Товарний фід"
"New WhatsApp Template","Новий шаблон WhatsApp"
"Leave blank to match every customer (a catch-all/default pool rule)","Залиште порожнім, щоб відповідав будь-який клієнт (загальне/типове правило пулу)"
"Error","Помилка"
"Reordered?","Замовлено повторно?"
"Welcome New Customer","Привітання нового клієнта"
"ad audience","рекламна аудиторія"
"Refresh Now","Оновити зараз"
"Import Campaign","Імпортувати кампанію"
"Build a segment","Створіть сегмент"
"Match order — the first enabled rule that matches a customer wins","Порядок збігу — перемагає перше увімкнене правило, що відповідає клієнту"
"Webhook Received (signed, from an external system)","Отримано вебхук (підписаний, від зовнішньої системи)"
"Price Drop","Зниження ціни"
"Maximum days since last order","Максимум днів з останнього замовлення"
"Lead Routing Rule Information","Інформація про правило маршрутизації лідів"
"Segment Overlap","Перетин сегментів"
"Not calculated yet","Ще не розраховано"
"Send a real test message on any channel to catch a typo'd placeholder before a real customer does. Consent, quiet hours, and frequency caps are all skipped - this always attempts to send.","Надішліть справжнє тестове повідомлення будь-яким каналом, щоб виявити помилку в плейсхолдері раніше за справжнього клієнта. Згода, тихі години й обмеження частоти повністю пропускаються - надсилання завжди виконується."
"A total of %1 campaign(s) have been enabled.","Увімкнено кампаній: %1."
"Could not save the ad audience: %1","Не вдалося зберегти рекламну аудиторію: %1"
"Event","Подія"
"Delete the selected price watch subscription(s)? This cancels the watch - the customer or guest will need to register it again to be notified.","Видалити вибрані підписки на відстеження ціни? Це скасує відстеження - клієнту або гостю потрібно буде зареєструвати його знову, щоб отримувати сповіщення."
"lead routing rule","правило маршрутизації лідів"
"Opted out","Відмовився"
"Enable in Configuration","Увімкнути в конфігурації"
"Segments, tags, RFM, lead score, NPS and loyalty tier for one customer","Сегменти, теги, RFM, оцінка ліда, NPS і рівень лояльності для одного клієнта"
"Meta Template ID","ID шаблону Meta"
"Order approvals stuck","Затвердження замовлень зависли"
"Summary","Підсумок"
"Opt in","Погодитись"
"SMS","SMS"
"Add New Lead Routing Rule","Додати нове правило маршрутизації лідів"
"Customer","Клієнт"
"Import %1","Імпортувати %1"
"Every snapshot taken of a Magento email template, with a restore option","Усі знімки шаблону email Magento з можливістю відновлення"
"Open Setup Guide","Відкрити посібник із налаштування"
"Conversations","Розмови"
"Delete lead routing rules","Видалити правила маршрутизації лідів"
"Last Known Price","Остання відома ціна"
"Notified Admin","Адміністратора сповіщено"
"Ad Audience Information","Інформація про рекламну аудиторію"
"Add New Template","Додати новий шаблон"
"Order count, at least","Кількість замовлень, не менше"
"Could not save the lead routing rule: %1","Не вдалося зберегти правило маршрутизації лідів: %1"
"Are you sure you want to delete the selected lead routing rule(s)?","Ви впевнені, що хочете видалити вибрані правила маршрутизації лідів?"
"Entity","Сутність"
"Edit Lead Routing Rule ""%1""","Редагування правила маршрутизації лідів «%1»"
"Segment ID","ID сегмента"
"Refresh Status from Meta","Оновити статус із Meta"
"+%1 hours","+%1 год."
"A total of %1 push subscription(s) have been deleted.","Видалено push-підписок: %1."
"No sends recorded for this campaign yet.","Для цієї кампанії ще не зафіксовано жодного надсилання."
"Pick two different segments.","Виберіть два різні сегменти."
"SMS message","SMS-повідомлення"
"The ad audience has been deleted.","Рекламну аудиторію видалено."
"Segment A","Сегмент A"
"Admin User","Користувач адмінпанелі"
"Free Gift Offer","Пропозиція подарунка"
"Sun","Нд"
"Delete free gift offers","Видалити пропозиції подарунка"
"SKU (optional)","SKU (необов'язково)"
"Group (nested AND/OR)","Група (вкладені AND/OR)"
"Params (comma-separated)","Параметри (через кому)"
"Setup Guide","Посібник із налаштування"
"← Back to Campaign Action Timeline","← Назад до часової шкали дій кампанії"
"Every browser/device Web Push subscription currently registered","Усі наразі зареєстровані підписки Web Push для браузерів/пристроїв"
"Read-only: raw delivery status of every SMS/email a campaign action sent","Лише для читання: необроблений статус доставки кожного SMS/email, надісланого дією кампанії"
"Cart built for this customer - review and place the order below.","Кошик сформовано для цього клієнта - перегляньте та оформіть замовлення нижче."
"Stop Keyword","Ключове слово відмови"
"A total of %1 free gift offer(s) have been enabled.","Увімкнено пропозицій подарунка: %1."
"Create","Створити"
"Full Screen","На весь екран"
"Start a new order for this customer with this product already added?","Почати нове замовлення для цього клієнта з уже доданим цим товаром?"
"Build Cart","Сформувати кошик"
"Scheduled Campaign Calendar","Календар запланованих кампаній"
"The ad audience has been saved.","Рекламну аудиторію збережено."
"Product","Товар"
"Tue","Вт"
"Cron Run Log","Журнал запусків cron"
"Not set up yet — publish your catalog as a Google Merchant Center feed to unlock free Google Shopping listings.","Ще не налаштовано — опублікуйте свій каталог як фід Google Merchant Center, щоб відкрити безкоштовні оголошення Google Shopping."
"Content Block","Блок контенту"
"Price Watch Subscriptions","Підписки на відстеження ціни"
"Mon","Пн"
"Segment not found.","Сегмент не знайдено."
"Reset the cached RFM score for %1 customer(s) — recomputed on the next scheduled run (or live in the meantime).","Скинуто кешовану оцінку RFM для %1 клієнт(ів) — буде перераховано під час наступного запланованого запуску (або одразу за потреби)."
"Lead Routing Rules","Правила маршрутизації лідів"
"Send Reminder Now","Надіслати нагадування зараз"
"Crons failed (last 24h)","Помилок cron (за останні 24 год)"
"Read-only: every shopping feed generation attempt, per store - success/error, item count","Лише для читання: кожна спроба генерації товарного фіда для магазину - успіх/помилка, кількість товарів"
"Refresh this template's status from Meta?","Оновити статус цього шаблону з Meta?"
"Undelivered","Не доставлено"
"Decided","Вирішено"
"A total of %1 content block(s) have been deleted.","Видалено блоків контенту: %1."
"Are you sure you want to delete the selected WhatsApp template(s)?","Ви впевнені, що хочете видалити вибрані шаблони WhatsApp?"
"Product Feed Health","Стан товарного фіда"
"Delete content blocks","Видалити блоки контенту"
"Score Rule","Правило нарахування балів"
"From","Від"
"Notified","Сповіщено"
"Recalculate Now","Перерахувати зараз"
"Review Request Due (N days after a completed order)","Настав час запиту на відгук (через N днів після завершеного замовлення)"
"Compare","Порівняти"
"Add New Ad Audience","Додати нову рекламну аудиторію"
"Conversion Rate","Коефіцієнт конверсії"
"Product ID","ID товару"
"Yes - defer to this customer's own historically-best open/click hour (Model\Campaign\SendTimeOptimizer), when enough history exists","Так - орієнтуватися на історично найкращу годину відкриття/кліку цього клієнта (Model\Campaign\SendTimeOptimizer), якщо є достатньо історії"
"Approve","Затвердити"
"Recency (days since last order, at most)","Давність (днів з останнього замовлення, не більше)"
"Up to 10 conditions per list (this one, or a single group's own nested list).","До 10 умов у списку (у цьому, або у вкладеному списку окремої групи)."
"Restore template version(s)","Відновити версії шаблону"
"Google Merchant Center feed URL:","URL фіда Google Merchant Center:"
"Back In Stock","Знову в наявності"
"View Scheduled Campaign Calendar →","Переглянути календар запланованих кампаній →"
"WhatsApp template","шаблон WhatsApp"
"Notification body","Текст сповіщення"
"Submit for Review","Надіслати на перевірку"
"Are you sure you want to delete the selected reorder cycle(s)?","Ви впевнені, що хочете видалити вибрані цикли повторного замовлення?"
"Endpoint","Кінцева точка"
"(deleted campaign)","(кампанію видалено)"
"WhatsApp","WhatsApp"
"Wed","Ср"
"Ad Audience","Рекламна аудиторія"
"A later ""Send Email"" action in this same chain can render the result with {{var <output variable name>|raw}}. Defaults to ""ai_content_html"" if left blank.","Наступна дія «Надіслати email» у цьому ж ланцюжку може вивести результат за допомогою {{var <output variable name>|raw}}. Якщо залишити порожнім, за замовчуванням використовується «ai_content_html»."
"Email address, or +15551234567 for SMS/WhatsApp","Адреса email або +15551234567 для SMS/WhatsApp"
"Send a real test email/SMS/WhatsApp message to catch a typo before a customer does","Надішліть справжнє тестове повідомлення email/SMS/WhatsApp, щоб виявити помилку раніше за клієнта"
"Edit WhatsApp Template ""%1""","Редагування шаблону WhatsApp «%1»"
"A total of %1 content block(s) have been disabled.","Вимкнено блоків контенту: %1."
"-- Select --","-- Виберіть --"
"Delete price watch subscription(s)","Видалити підписки на відстеження ціни"
"Are you sure you want to delete the selected segment(s)?","Ви впевнені, що хочете видалити вибрані сегменти?"
"Leave blank to match any product.","Залиште порожнім, щоб відповідав будь-який товар."
"Sales Reps","Менеджери з продажу"
"Segment","Сегмент"
"You have unsaved changes on this page — the count below still reflects this segment's last saved conditions, not what's currently on screen.","На цій сторінці є незбережені зміни — кількість нижче все ще відображає останні збережені умови цього сегмента, а не те, що зараз на екрані."
"Update","Оновити"
"Meta Template Name","Назва шаблону Meta"
"Used instead of a real Ollama response whenever AI content generation is disabled, unconfigured, or the local instance times out - the send is never blocked by this action.","Використовується замість справжньої відповіді Ollama, коли генерація AI-контенту вимкнена, не налаштована або локальний екземпляр не відповідає вчасно - ця дія ніколи не блокує надсилання."
"Message Log","Журнал повідомлень"
"""All"" (AND) requires every condition below to match; ""Any"" (OR) requires only one.","«Всі» (AND) вимагає збігу за всіма умовами нижче; «Будь-яка» (OR) вимагає збігу лише за однією."
"The lead routing rule has been deleted.","Правило маршрутизації лідів видалено."
"File","Файл"
"Admin Action Log","Журнал дій адміністратора"
"Delete campaigns","Видалити кампанії"
"See how many customers match two segments at once","Перегляньте, скільки клієнтів одночасно відповідають двом сегментам"
"Combines this group's own conditions below with AND/OR, independently of the segment's top-level setting.","Об'єднує власні умови цієї групи нижче за допомогою AND/OR, незалежно від налаштування верхнього рівня сегмента."
"Ad Audiences","Рекламні аудиторії"
"Export","Експортувати"
"Could not delete the ad audience: %1","Не вдалося видалити рекламну аудиторію: %1"
"New Ad Audience","Нова рекламна аудиторія"
"Use {{1}}, {{2}}, ... for placeholders filled positionally by the send_whatsapp campaign action's own ""params"" field at send time. Max 1024 characters, matching Meta's own WhatsApp template body limit.","Використовуйте {{1}}, {{2}}, ... для плейсхолдерів, що заповнюються позиційно полем «params» дії кампанії send_whatsapp під час надсилання. Максимум 1024 символи - відповідно до обмеження тіла шаблону WhatsApp у Meta."
"Rejection Reason","Причина відхилення"
"A total of %1 ad audience(s) have been disabled.","Вимкнено рекламних аудиторій: %1."
"Recurring Schedule","Повторюваний розклад"
"Failed","Помилка"
"Next month →","Наступний місяць →"
"Note","Примітка"
"Product Count","Кількість товарів"
"Survey question","Питання опитування"
"New here? Finish setting up Ordo Automation.","Вперше тут? Завершіть налаштування Ordo Automation."
"Segment ""%1"" was imported.","Сегмент «%1» імпортовано."
"Could not submit the template to Meta: %1","Не вдалося надіслати шаблон до Meta: %1"
"Output variable name","Назва змінної результату"
"Platform","Платформа"
"Any condition (OR)","Будь-яка умова (OR)"
"Loyalty tiers","Рівні лояльності"
"Revenue","Дохід"
"Pick two segments to see how many customers currently match both — useful for avoiding message fatigue from campaigns that unknowingly target the same people.","Виберіть два сегменти, щоб побачити, скільки клієнтів наразі відповідають обом — корисно, щоб уникнути перевтоми від повідомлень через кампанії, які ненавмисно таргетують тих самих людей."
"Missing WhatsApp template id.","Відсутній ID шаблону WhatsApp."
"Read-only: every summary/failure line every cron in this module has logged","Лише для читання: кожен рядок підсумку/помилки, зафіксований будь-яким cron-завданням цього модуля"
"Customers currently matching this segment's saved conditions.","Клієнти, які наразі відповідають збереженим умовам цього сегмента."
"Template parameters (comma-separated, optional)","Параметри шаблону (через кому, необов'язково)"
"Product feed refresh failed: %1","Не вдалося оновити товарний фід: %1"
"Date/time (store timezone)","Дата/час (часовий пояс магазину)"
"A total of %1 free gift offer(s) have been disabled.","Вимкнено пропозицій подарунка: %1."
"Fallback text","Резервний текст"
"A total of %1 lead routing rule(s) have been disabled.","Вимкнено правил маршрутизації лідів: %1."
"The WhatsApp template has been saved.","Шаблон WhatsApp збережено."
"Restore the selected version(s)? This overwrites each version's template with this snapshot's subject/content, and itself creates a new snapshot of the resulting state.","Відновити вибрані версії? Це перезапише шаблон кожної версії темою/вмістом цього знімка й одразу створить новий знімок отриманого стану."
"Fills the template's {{1}}, {{2}}, ... placeholders in order, e.g. for a template body of ""Hi {{1}}, your order {{2}} shipped"": John,ORD-1234","Послідовно заповнює плейсхолдери шаблону {{1}}, {{2}}, ... наприклад, для тіла шаблону «Hi {{1}}, your order {{2}} shipped»: John,ORD-1234"
"Google Ads","Google Ads"
"Search palette blocks","Пошук блоків палітри"
"Campaigns & Automation","Кампанії та автоматизація"
"Could not send the reminder: %1","Не вдалося надіслати нагадування: %1"
"A total of %1 lead routing rule(s) have been deleted.","Видалено правил маршрутизації лідів: %1."
"Go","Перейти"
"Are you sure you want to delete the selected free gift offer(s)?","Ви впевнені, що хочете видалити вибрані пропозиції подарунка?"
"A total of %1 segment(s) have been deleted.","Видалено сегментів: %1."
"Template Test Send","Тестове надсилання шаблону"
"The lead routing rule has been saved.","Правило маршрутизації лідів збережено."
"Approved","Затверджено"
"Converted","Конвертовано"
"Variants","Варіанти"
"Segment B size:","Розмір сегмента B:"
"Look up one customer by email to view or change their marketing consent, export their data, or permanently erase it — for handling a GDPR/data-protection rights request.","Знайдіть клієнта за email, щоб переглянути чи змінити його маркетингову згоду, експортувати його дані або остаточно видалити їх — для обробки запиту щодо прав за GDPR/захистом даних."
"A total of %1 segment(s) have been disabled.","Вимкнено сегментів: %1."
"SMS (Twilio) or WhatsApp (Meta) — a campaign's send_sms/send_whatsapp action silently fails at dispatch time until credentials are set here.","SMS (Twilio) або WhatsApp (Meta) — дія кампанії send_sms/send_whatsapp мовчки завершується невдачею під час диспетчеризації, доки тут не буде вказано облікові дані."
"Read-only: every admin save of a Campaign or Segment - who, when, and what changed","Лише для читання: кожне збереження кампанії або сегмента адміністратором - хто, коли і що змінив"
"Audience & Targeting","Аудиторія та таргетинг"
"Delete score rules","Видалити правила нарахування балів"
"Are you sure you want to delete the selected message log entry(s)?","Ви впевнені, що хочете видалити вибрані записи журналу повідомлень?"
"Every price-drop or back-in-stock watch a customer or guest has registered","Усі відстеження зниження ціни або повернення в наявність, зареєстровані клієнтом чи гостем"
"+1 hour","+1 година"
"Submit this template to Meta for approval?","Надіслати цей шаблон до Meta на затвердження?"
"Meta","Meta"
"Enable","Увімкнути"
"Import","Імпортувати"
"Cron expression","Вираз cron"
"Only in Segment B:","Тільки в сегменті B:"
"Last Sync Status","Статус останньої синхронізації"
"Delivered","Доставлено"
"Are you sure you want to delete the selected ad audience(s)?","Ви впевнені, що хочете видалити вибрані рекламні аудиторії?"
"Every enabled campaign's ""Scheduled Date/Time"" or ""Recurring Schedule"" trigger, plotted on the day it will (or did) fire — event-based triggers (order placed, tag added, ...) have no fixed date and so don't appear here; see ""Campaign Action Timeline"" for those.","Тригери «Запланована дата/час» або «Повторюваний розклад» усіх увімкнених кампаній, відображені на дату спрацювання (або дату, коли вони вже спрацювали) — тригери на основі подій (оформлення замовлення, додавання тега тощо) не мають фіксованої дати й тому тут не показуються; для них дивіться «Часову шкалу дій кампанії»."
"Channel","Канал"
"Are you sure you want to delete this ad audience?","Ви впевнені, що хочете видалити цю рекламну аудиторію?"
"Yes","Так"
"Success","Успіх"
"Could not refresh the template status: %1","Не вдалося оновити статус шаблону: %1"
"A total of %1 segment(s) have been enabled.","Увімкнено сегментів: %1."
"Reorder reminder sent to %1.","Нагадування про повторне замовлення надіслано %1."
"Each variant gets a relative weight (they don't need to sum to 100) and its own action chain. A customer is assigned to exactly one variant, deterministically, the first time they enter this split - repeat dispatches (and a delayed resume elsewhere in the chain) always land in the same variant. A variant's own actions can't have their own delay yet.","Кожен варіант отримує відносну вагу (їхня сума не обов'язково має дорівнювати 100) і власний ланцюжок дій. Клієнт детерміновано призначається рівно на один варіант при першому входженні в цей розподіл - повторні запуски (і відкладене відновлення в іншій частині ланцюжка) завжди потрапляють у той самий варіант. Власні дії варіанта поки не можуть мати власної затримки."
"E.g. 80 = among the best 20% of customers on this metric.","Наприклад, 80 = серед найкращих 20% клієнтів за цим показником."
"Invalid customer.","Некоректний клієнт."
"Add Rep","Додати менеджера"
"Campaign Action Timeline","Часова шкала дій кампанії"
"Consent — customer #%1 (%2)","Згода — клієнт №%1 (%2)"
"Minimum NPS score","Мінімальна оцінка NPS"
"A saved, reusable set of customer conditions — reference it from any campaign via the ""In Segment"" condition instead of repeating the same conditions everywhere.","Збережений, багаторазовий набір умов клієнтів — посилайтеся на нього з будь-якої кампанії за допомогою умови «У сегменті», замість того щоб повторювати ті самі умови всюди."
"Are you sure you want to delete the selected score rule(s)?","Ви впевнені, що хочете видалити вибрані правила нарахування балів?"
"GDPR / Consent","GDPR / Згода"
"Status refreshed from Meta: %1","Статус оновлено з Meta: %1"
"Within days","У межах днів"
"Only in Segment A:","Тільки в сегменті A:"
"Reorder cycles recalculated: %1 pair(s).","Перераховано циклів повторного замовлення: %1 пар(и)."
"Reset Cached Score","Скинути кешовану оцінку"
"Sat","Сб"
"A quick checklist for the real dependency order: configure a channel, build a segment, then a campaign that uses it.","Короткий чекліст реального порядку залежностей: спочатку налаштуйте канал, потім створіть сегмент, а тоді — кампанію, що його використовує."
"No","Ні"
"No - send immediately","Ні - надіслати негайно"
"Restore","Відновити"
"Template Name","Назва шаблону"
"WhatsApp Templates","Шаблони WhatsApp"
"Snapshot Taken","Знімок зроблено"
"Edit Ad Audience ""%1""","Редагування рекламної аудиторії «%1»"
"This customer has opted out of email - reminder not sent.","Цей клієнт відмовився від email-розсилки - нагадування не надіслано."
"Send to","Надіслати до"
"A total of %1 lead routing rule(s) have been enabled.","Увімкнено правил маршрутизації лідів: %1."
"Admin-facing only - not sent to Meta.","Лише для адмінпанелі - не надсилається в Meta."
"Search blocks…","Пошук блоків…"
"Reject","Відхилити"
"Prompt","Промпт"
"Rejected","Відхилено"
"Start typing to search the catalog.","Почніть вводити текст, щоб шукати в каталозі."
"A total of %1 reorder cycle(s) have been deleted.","Видалено циклів повторного замовлення: %1."
"Reject order","Відхилити замовлення"
"Scheduled Date/Time","Запланована дата/час"
"Campaign conversion rate (%1 sent, %2 converted)","Коефіцієнт конверсії кампанії (надіслано %1, конвертовано %2)"
"Connected. Response: ""%1""","Підключено. Відповідь: «%1»"
"Visitor ID","ID відвідувача"
"Percentile, at least (0-100)","Процентиль, не менше (0-100)"
"Read-only: what the reorder-detection engine currently believes about each customer/SKU","Лише для читання: поточні припущення рушія виявлення повторних замовлень щодо кожного клієнта/SKU"
"Product Recommendations","Рекомендації товарів"
"Step %1","Крок %1"
"The test failed.","Тест не пройдено."
"Build reorder cart","Сформувати кошик повторного замовлення"
"%1 — customer #%2 (%3)","%1 — клієнт №%2 (%3)"
"Back to Dashboard","Назад до панелі приладів"
"Segment B","Сегмент B"
"The real dependency order for a working campaign: configure a channel first, then build a segment, then a campaign that uses it. Each step below reflects whether it's actually been done, not just clicked through.","Реальний порядок залежностей для працюючої кампанії: спочатку налаштуйте канал, потім створіть сегмент, а тоді — кампанію, що його використовує. Кожен крок нижче відображає, чи виконано його насправді, а не просто переглянуто."
"Permanently erase all Ordo Automation data for this customer? This cannot be undone.","Остаточно видалити всі дані Ordo Automation для цього клієнта? Цю дію неможливо скасувати."
"A total of %1 score rule(s) have been deleted.","Видалено правил нарахування балів: %1."
"No response - check the Base URL/Model below, and that the Ollama instance is reachable from this server.","Немає відповіді - перевірте Base URL/Model нижче та доступність екземпляра Ollama з цього сервера."
"This template has already been submitted to Meta - nothing to do.","Цей шаблон уже надіслано до Meta - немає що робити."
"Missing ad audience id.","Відсутній ID рекламної аудиторії."
"A trigger, plus whatever conditions/actions should run when it fires — the Flow canvas is the fastest way to build one.","Тригер плюс усі умови/дії, що мають виконуватися при його спрацюванні — полотно Flow є найшвидшим способом його створити."
"Phone","Телефон"
"A total of %1 campaign(s) have been deleted.","Видалено кампаній: %1."
"A single 0-10 question, e.g. ""How likely are you to recommend us to a friend?""","Одне запитання за шкалою 0-10, наприклад «Наскільки ймовірно, що ви порекомендуєте нас другу?»"
"Body Text","Текст повідомлення"
"Compliance & Settings","Комплаєнс і налаштування"
"Guest Email","Email гостя"
"This lead routing rule no longer exists.","Цього правила маршрутизації лідів більше не існує."
"Delete message log entries","Видалити записи журналу повідомлень"
"A total of %1 content block(s) have been enabled.","Увімкнено блоків контенту: %1."
"Authentication","Автентифікація"
"Product feeds refreshed for %1 store/format combination(s): %2 product(s) total.","Товарні фіди оновлено для %1 комбінацій магазин/формат: усього товарів — %2."
"Group conditions","Умови групи"
"Round-robin sales rep assignment for qualifying leads","Розподіл менеджерів по черзі (round-robin) для лідів, що відповідають умовам"
"Last Seen","Востаннє в мережі"
"Delete push subscription(s)","Видалити push-підписки"
"Look up one customer by email to see everything this module already knows about them - segments, tags, RFM/CLV, lead score, NPS, loyalty tier, and order history - on one screen.","Знайдіть клієнта за email, щоб побачити на одному екрані все, що модуль уже знає про нього - сегменти, теги, RFM/CLV, оцінку ліда, NPS, рівень лояльності та історію замовлень."
"Send at customer's optimal time","Надіслати в оптимальний для клієнта час"
"A total of %1 ad audience(s) have been enabled.","Увімкнено рекламних аудиторій: %1."
"Configure a messaging channel","Налаштуйте канал повідомлень"
"A total of %1 message log entry(s) have been deleted.","Видалено записів журналу повідомлень: %1."
"Opted Out","Відмовився"
"Matching customers are assigned round-robin across this pool, in the order listed","Клієнти, що відповідають умовам, розподіляються по черзі (round-robin) у цьому пулі, у вказаному порядку"
"WhatsApp Template Information","Інформація про шаблон WhatsApp"
"Delete WhatsApp templates","Видалити шаблони WhatsApp"
"+1 day","+1 день"
"Could not delete the WhatsApp template: %1","Не вдалося видалити шаблон WhatsApp: %1"
"Minimum order count","Мінімальна кількість замовлень"
"Good news — the price dropped to %1.","Хороша новина — ціна знизилась до %1."
"Marketing","Маркетинг"
"New Lead Routing Rule","Нове правило маршрутизації лідів"
"+%1 days","+%1 дн."
"Follow Up on Tagged Customers","Подальші дії для клієнтів із тегами"
"Updated At","Оновлено"
"Diagnostics","Діагностика"
"Test Connection","Перевірити з'єднання"
"Push Subscriptions","Push-підписки"
"Delete the selected push subscription(s)? The device will need to re-subscribe to receive push notifications again.","Видалити вибрані push-підписки? Пристрою потрібно буде підписатися повторно, щоб знову отримувати push-сповіщення."
"Already fired","Вже спрацював"
"Import Segment","Імпортувати сегмент"
"Opened","Відкрито"
"Qualifies For","Відповідає умовам"
"Opened by push-sw.js's notificationclick handler when the browser notification is clicked - defaults to ""/"" if left blank.","Відкривається обробником notificationclick у push-sw.js при кліку на браузерне сповіщення - за замовчуванням «/», якщо залишити порожнім."
"That reorder cycle no longer exists.","Цього циклу повторного замовлення більше не існує."
"A total of %1 score rule(s) have been enabled.","Увімкнено правил нарахування балів: %1."
"Redo","Повторити"
"Received At","Отримано"
"Delete ad audiences","Видалити рекламні аудиторії"
"Opt out","Відмовитись"
"Load a Template","Завантажити шаблон"
"A total of %1 price watch subscription(s) have been deleted.","Видалено підписок на відстеження ціни: %1."
"Meta locale code, e.g. en_US, pl_PL.","Код локалі Meta, наприклад en_US, pl_PL."
"Notification title","Заголовок сповіщення"
"Send Test","Надіслати тест"
"Delete reorder cycles","Видалити цикли повторного замовлення"
"Build a campaign","Створіть кампанію"
"The WhatsApp template has been deleted.","Шаблон WhatsApp видалено."
"Are you sure you want to reject this order?","Ви впевнені, що хочете відхилити це замовлення?"
"Minimum tier","Мінімальний рівень"
"Erased %1 Ordo Automation row(s) for customer #%2.","Видалено %1 запис(ів) Ordo Automation для клієнта №%2."
"A total of %1 ad audience(s) have been deleted.","Видалено рекламних аудиторій: %1."
"This WhatsApp template no longer exists.","Цього шаблону WhatsApp більше не існує."
"Disable","Вимкнути"
"Average projected CLV","Середній прогнозований CLV"
"How many recommended products to include","Скільки рекомендованих товарів включати"
"Minimum lifetime total","Мінімальна загальна сума покупок"
"Sales Rep Pool","Пул менеджерів із продажу"
"Last Reminder Sent","Останнє надіслане нагадування"
"Reset cached RFM score","Скинути кешовану оцінку RFM"
"Are you sure you want to delete this WhatsApp template?","Ви впевнені, що хочете видалити цей шаблон WhatsApp?"
"Audience Size As Of","Розмір аудиторії станом на"
"Campaign not found.","Кампанію не знайдено."
"Error Code","Код помилки"
"Save Ad Audience","Зберегти рекламну аудиторію"
"Reference dispatch context with {{placeholders}}, e.g. {{customer_first_name}}. Calls the self-hosted Ollama instance configured under Stores > Configuration > Ordo Automation > AI Content.","Посилайтеся на контекст диспетчеризації за допомогою {{placeholders}}, наприклад {{customer_first_name}}. Викликає власний екземпляр Ollama, налаштований у Stores > Configuration > Ordo Automation > AI Content."
"Missing lead routing rule id.","Відсутній ID правила маршрутизації лідів."
"WhatsApp Template","Шаблон WhatsApp"
"Segment matches","Збіги сегмента"
"Pending","Очікує"
"Delete segments","Видалити сегменти"
"Estimated Audience Size","Орієнтовний розмір аудиторії"
"Group matches","Збіги в групі"
"Order ID","ID замовлення"
"Reminders Sent","Надіслано нагадувань"
"Could not delete the lead routing rule: %1","Не вдалося видалити правило маршрутизації лідів: %1"
"Lowercase letters, digits, and underscores only - this is the exact name registered with Meta.","Лише малі літери, цифри та підкреслення - це точна назва, зареєстрована в Meta."
"Sync a segment as a Google Ads / Meta remarketing audience","Синхронізуйте сегмент як аудиторію ремаркетингу Google Ads / Meta"
"Format: YYYY-MM-DD HH:MM:SS, e.g. 2026-11-28 09:00:00. Fires at most once, the next time Cron\DispatchScheduledCampaignTriggers scans (every 5 minutes) after this moment.","Формат: YYYY-MM-DD HH:MM:SS, наприклад 2026-11-28 09:00:00. Спрацьовує щонайбільше один раз, під час наступного сканування Cron\DispatchScheduledCampaignTriggers (кожні 5 хвилин) після цього моменту."
"Consent updated.","Згоду оновлено."
"Feed","Фід"
"This template has not been submitted to Meta yet - nothing to refresh.","Цей шаблон ще не надсилався до Meta - немає що оновлювати."
"Could not save the WhatsApp template: %1","Не вдалося зберегти шаблон WhatsApp: %1"
"Watch Type","Тип відстеження"
"Cancel","Скасувати"
"Reorder Cycle Drift Ratio, At Least (1.0 = exactly on schedule)","Коефіцієнт відхилення циклу повторного замовлення, не менше (1.0 = точно за графіком)"
"(no split)","(без розділення)"
"Funnel","Воронка"
"A total of %1 campaign(s) have been disabled.","Вимкнено кампаній: %1."
"Month-grid view of when scheduled/recurring campaigns fire","Місячна сітка спрацювань запланованих/повторюваних кампаній"
"The template has been submitted to Meta for approval.","Шаблон надіслано до Meta на затвердження."
"Added to Wishlist","Додано в список бажань"
"Segment A size:","Розмір сегмента A:"
"← Previous month","← Попередній місяць"
"Are you sure you want to delete the selected content block(s)?","Ви впевнені, що хочете видалити вибрані блоки контенту?"
"This order is no longer awaiting approval and cannot be acted on via this link.","Це замовлення вже не очікує затвердження, і виконати дію за цим посиланням неможливо."
"A total of %1 WhatsApp template(s) have been deleted.","Видалено шаблонів WhatsApp: %1."
"In both (intersection):","В обох (перетин):"
"Thu","Чт"
"Internal engine views for verifying automation is working correctly - not needed for day-to-day use.","Внутрішні представлення рушія для перевірки коректної роботи автоматизації - не потрібні для щоденного використання."
"Google Ads: an existing user list resourceName (customers/{id}/userLists/{id}). Meta: leave blank to have a new Custom Audience created on first sync.","Google Ads: resourceName наявного списку користувачів (customers/{id}/userLists/{id}). Meta: залиште порожнім, щоб під час першої синхронізації створити нову Custom Audience."
"This ad audience no longer exists.","Цієї рекламної аудиторії більше не існує."
"Fit all nodes in view","Вписати всі вузли в екран"
"Store","Магазин"
"Undo","Скасувати дію"
"Save Template","Зберегти шаблон"
"Utility","Службове"
"Manage and submit templates the send_whatsapp campaign action can use","Керуйте та надсилайте шаблони, які може використовувати дія кампанії send_whatsapp"
"Matches a purchase from this category or any of its subcategories.","Відповідає покупці з цієї категорії або будь-якої з її підкатегорій."
"Last Sync Message","Повідомлення останньої синхронізації"
"A total of %1 free gift offer(s) have been deleted.","Видалено пропозицій подарунка: %1."
"URL to open on click (optional)","URL для відкриття при кліку (необов'язково)"
