"""Discount Amount"" (Y) must not exceed ""Discount Qty Step"" (X), or no discount will apply.","""折扣数量""（Y）不能超过""折扣数量阶梯""（X），否则折扣将不会生效。"
"+ New Campaign","+ 新建活动"
"+%1 min","+%1 分钟"
"Abandoned Cart Recovery","购物车挽回"
"Action","操作"
"Action timeline","操作时间线"
"Actions","操作"
"Actions (run in order)","操作（按顺序执行）"
"Add Action","添加操作"
"Add Condition","添加条件"
"Add New Campaign","新建活动"
"Add New Content Block","新建内容块"
"Add New Free Gift Offer","新建赠品活动"
"Add New Score Rule","新建评分规则"
"Add New Segment","新建客户群组"
"Add Points","添加积分"
"Add SKU","添加 SKU"
"Add Tag","添加标签"
"Add Tier","添加阶梯"
"Add Trigger","添加触发器"
"Apply flow to form & Save","应用流程图到表单并保存"
"Are you sure you want to delete this %1?","确定要删除此%1吗？"
"Are you sure you want to delete this campaign?","确定要删除此活动吗？"
"Are you sure you want to delete this content block?","确定要删除此内容块吗？"
"Are you sure you want to delete this free gift offer?","确定要删除此赠品活动吗？"
"Are you sure you want to delete this score rule?","确定要删除此评分规则吗？"
"Are you sure you want to delete this segment?","确定要删除此客户群组吗？"
"Assigned Sales Rep — Email","指定销售代表 — 邮箱"
"Assigned Sales Rep — Name","指定销售代表 — 姓名"
"Assigned Sales Rep — Phone","指定销售代表 — 电话"
"Attribute","属性"
"Attribute Code","属性代码"
"Avg. Interval (days)","平均间隔（天）"
"B2C Lifecycle Emails (Welcome / Win-back)","B2C 生命周期邮件（欢迎 / 召回）"
"Back","返回"
"Block Checkout When Over Credit Limit","超出信用额度时阻止结账"
"Build and manage automation campaigns","创建和管理自动化营销活动"
"Bulk actions on current members","对当前成员执行批量操作"
"Buy %1, get %2 free — customers pay for %1 out of every %3 (%4% off that batch).","买 %1 送 %2 —— 客户每 %3 件只需支付 %1 件的费用（该批次减免 %4%）。"
"CTA button URL","行动号召按钮链接"
"CTA button label","行动号召按钮文字"
"Call-to-action button URL","行动号召按钮链接"
"Call-to-action button label","行动号召按钮文字"
"Campaign Information","活动信息"
"Campaign Calendar","活动日历"
"Campaign","活动"
"Campaign action with id ""%1"" does not exist.","ID 为""%1""的活动操作不存在。"
"Campaign condition with id ""%1"" does not exist.","ID 为""%1""的活动条件不存在。"
"Campaign trigger with id ""%1"" does not exist.","ID 为""%1""的活动触发器不存在。"
"Campaign with id ""%1"" does not exist.","ID 为""%1""的活动不存在。"
"Campaigns","活动"
"Campaigns by trigger","按触发器划分的活动"
"Can be negative (a penalty rule).","可以为负数（作为惩罚规则）。"
"Can be negative to subtract points when this rule matches","可以为负数，当规则匹配时扣除积分"
"Cart Abandoned","购物车已放弃"
"Cart Price Rule","购物车价格规则"
"Cart Price Rule ID","购物车价格规则 ID"
"Cart price rule ID","购物车价格规则 ID"
"Cart with id ""%1"" does not exist.","ID 为""%1""的购物车不存在。"
"Cascading tiers — every tier the cart subtotal reaches ADDS its gift slots, cumulative","阶梯累加 —— 购物车小计每达到一个阶梯，都会累加该阶梯的赠品名额"
"Category","分类"
"Category ID","分类 ID"
"Cheapest item in qualifying set free (Ordo Automation)","符合条件商品组中最便宜的一件免费（Ordo Automation）"
"Condition","条件"
"Conditions","条件"
"Conditions (all must match — AND)","条件（必须全部满足 — 且）"
"Conditions (all must pass — AND)","条件（必须全部通过 — 且）"
"Configuration","配置"
"Contains","包含"
"Content Block Information","内容块信息"
"Content Blocks","内容块"
"Content block","内容块"
"Content block not found.","未找到内容块。"
"Could not add gift ""%1"" to the cart: %2","无法将赠品""%1""添加到购物车：%2"
"Could not delete the campaign action: %1","无法删除活动操作：%1"
"Could not delete the campaign condition: %1","无法删除活动条件：%1"
"Could not delete the campaign trigger: %1","无法删除活动触发器：%1"
"Could not delete the campaign: %1","无法删除活动：%1"
"Could not delete the content block: %1","无法删除内容块：%1"
"Could not delete the free gift offer: %1","无法删除赠品活动：%1"
"Could not delete the free gift product: %1","无法删除赠品商品：%1"
"Could not delete the free gift tier: %1","无法删除赠品阶梯：%1"
"Could not delete the offer: %1","无法删除活动：%1"
"Could not delete the score rule: %1","无法删除评分规则：%1"
"Could not delete the segment: %1","无法删除客户群组：%1"
"Could not save the campaign action: %1","无法保存活动操作：%1"
"Could not save the campaign condition: %1","无法保存活动条件：%1"
"Could not save the campaign trigger: %1","无法保存活动触发器：%1"
"Could not save the campaign: %1","无法保存活动：%1"
"Could not save the content block: %1","无法保存内容块：%1"
"Could not save the free gift offer: %1","无法保存赠品活动：%1"
"Could not save the free gift product: %1","无法保存赠品商品：%1"
"Could not save the free gift tier: %1","无法保存赠品阶梯：%1"
"Could not save the offer: %1","无法保存活动：%1"
"Could not save the score rule: %1","无法保存评分规则：%1"
"Could not save the segment: %1","无法保存客户群组：%1"
"Coupon code prefix","优惠券代码前缀"
"Created","创建时间"
"Credit Limit","信用额度"
"Credit Limit Alert","信用额度预警"
"Customer ID","客户 ID"
"Customer Registered","客户已注册"
"Dashboard","仪表盘"
"Days Since Last Order","距上次订单天数"
"Days added per self-extension","每次自助延期增加的天数"
"Delay (minutes)","延迟（分钟）"
"Delete","删除"
"Delete %1 ""%2""","删除%1""%2"""
"Delete raw events older than this many days","删除超过此天数的原始事件"
"Demographic-attribute lead scoring rules","基于人口统计属性的潜客评分规则"
"Diagnostic view of detected reorder patterns","检测到的复购模式诊断视图"
"Disabled","已禁用"
"Drag a block from the palette onto the canvas, then drag from the small dot on the right edge of one node to the dot on the left edge of the next to connect them. A campaign can start from more than one trigger — every one of them must lead all the way through to an Action before you can save. Then ""Apply flow to form & Save"" writes the graph into the form below and saves through the same action the Save button uses.","从左侧面板拖动模块到画布上，然后从一个节点右边缘的小圆点拖到下一个节点左边缘的圆点，将它们连接起来。一个活动可以有多个触发器 —— 但每一条路径都必须最终连接到一个操作节点才能保存。之后点击""应用流程图到表单并保存""，会将该流程图写入下方表单，并通过与""保存""按钮相同的方式进行保存。"
"Edit","编辑"
"Edit Campaign ""%1""","编辑活动""%1"""
"Edit Content Block ""%1""","编辑内容块""%1"""
"Edit Free Gift Offer ""%1""","编辑赠品活动""%1"""
"Edit Score Rule ""%1""","编辑评分规则""%1"""
"Edit Segment ""%1""","编辑客户群组""%1"""
"Email","邮箱"
"Email template identifier","邮件模板标识符"
"Enable on-site popups","启用站内弹窗"
"Enabled","已启用"
"Enter ""Discount Qty Step (Buy X)"" and ""Discount Amount"" (as Y, free qty) to see a preview.","输入""折扣数量阶梯（购买 X 件）""和""折扣数量""（即赠送 Y 件）以查看预览。"
"Equals","等于"
"Escalate (resend) if not decided within this many days","若超过此天数未处理则升级（重新发送）"
"Expires","到期时间"
"Every campaign's trigger(s) and its action chain's timing in one place — ""offset"" is the cumulative wait since the trigger fires, not just that step's own delay, since each action's delay_minutes counts from the PREVIOUS action, not from the start.","在一处查看每个活动的触发器和操作链的时间安排 — ""偏移量""是自触发器触发以来的累计等待时间，而不仅仅是该步骤自身的延迟，因为每个操作的 delay_minutes 是从上一个操作开始计算的，而不是从活动开始时计算。"
"Every campaign's trigger(s) and action timing in one place","在一处查看每个活动的触发器和操作时间安排"
"Extend by %1 day(s)","延长 %1 天"
"F Quintile","F 五分位"
"Feed URL","订阅源链接"
"Feed refreshed.","订阅源已刷新。"
"First Name","名"
"Flow","流程图"
"Free Gift Above Threshold","满额赠"
"Free Gift Offer Information","赠品活动信息"
"Free Gift Offers","赠品活动"
"Free gift offer with id ""%1"" does not exist.","ID 为""%1""的赠品活动不存在。"
"Free gift offers","赠品活动"
"Free gift product with id ""%1"" does not exist.","ID 为""%1""的赠品商品不存在。"
"Free gift tier with id ""%1"" does not exist.","ID 为""%1""的赠品阶梯不存在。"
"General","常规"
"Gift pool — SKUs a customer may pick from once eligible","赠品池 —— 客户符合条件后可从中选择的 SKU"
"Gift slots this tier adds","此阶梯增加的赠品名额"
"HTML","HTML"
"HTML Snippet","HTML 代码片段"
"Hard-blocks order placement for a logged-in customer whose credit limit utilization has reached 100%. Disabled by default — separate opt-in from the warning email above.","当已登录客户的信用额度使用率达到 100% 时，完全阻止其下单。默认禁用 —— 与上方的预警邮件是各自独立启用的设置。"
"How many feed items to include","要包含的订阅源条目数量"
"How many products to include","要包含的商品数量"
"ID","ID"
"Identifier","标识符"
"Invalid bulk action type.","批量操作类型无效。"
"Invalid offer.","活动无效。"
"Invalid or already-used approval token.","审批令牌无效或已被使用。"
"Invalid segment.","客户群组无效。"
"Item Count","条目数量"
"Last Name","姓"
"Last Order","最近订单"
"Last Recalculated","最近一次重新计算"
"Lead Scoring","潜客评分"
"Leave blank if you filled in Tag / Minimum order total / Minimum score above.","如果已填写上方的标签 / 最小订单总额 / 最低评分，则留空。"
"Leave blank if you filled in one of the dedicated fields above.","如果已填写上方任一专用字段，则留空。"
"M Quintile","M 五分位"
"Manage cascading-tier gift offers and their gift pools","管理阶梯累加式赠品活动及其赠品池"
"Maximum reminders per cart","每个购物车的最大提醒次数"
"Maximum times a customer can self-extend an offer","客户可自助延期活动的最大次数"
"Message","消息内容"
"Minimum cart subtotal","最小购物车小计"
"Minimum cart subtotal to trigger a reminder","触发提醒所需的最小购物车小计"
"Minimum days between repeated alerts for the same threshold","同一阈值重复预警的最小间隔天数"
"Minimum order total","最小订单总额"
"Minimum orders to detect a pattern","检测复购模式所需的最少订单数"
"Minimum score","最低评分"
"Minimum time between two popups shown to the same visitor/customer. 0 disables the cap.","向同一访客/客户展示两次弹窗之间的最小间隔时间。设为 0 则不限制。"
"Missing campaign id.","缺少活动 ID。"
"Missing content block id.","缺少内容块 ID。"
"Missing free gift offer id.","缺少赠品活动 ID。"
"Missing score rule id.","缺少评分规则 ID。"
"Missing segment id.","缺少客户群组 ID。"
"My Offers","我的活动"
"Name","名称"
"New Campaign","新建活动"
"New Content Block","新建内容块"
"New Free Gift Offer","新建赠品活动"
"New Score Rule","新建评分规则"
"New Segment","新建客户群组"
"Next Expected","预计下次时间"
"No authenticated customer for this request.","此请求没有已认证的客户。"
"No actions configured","未配置操作"
"No campaigns yet — create one to get started.","暂无活动 —— 创建一个即可开始。"
"No customers currently match this segment.","目前没有客户匹配此客户群组。"
"No free items — Y is 0. Set ""Discount Amount"" to how many should be free.","没有赠品 —— Y 为 0。请将""折扣数量""设置为应赠送的数量。"
"No trigger configured","未配置触发器"
"Not Equals","不等于"
"Not eligible for extension","不符合延期条件"
"Offer ""%1"" has been extended to %2.","活动""%1""已延期至 %2。"
"Offer Expiry Reminder","活动到期提醒"
"Offer with id ""%1"" does not exist.","ID 为""%1""的活动不存在。"
"On-Site Behavior Tracking","站内行为追踪"
"Operator","运算符"
"Order Approval Admin Email","订单审批管理员邮箱"
"Order Approval Workflow","订单审批流程"
"Order Placed","订单已提交"
"Order Spend Limit (requires approval above this amount)","订单消费限额（超过此金额需要审批）"
"Order approval with id ""%1"" does not exist or is no longer pending.","ID 为""%1""的订单审批不存在或已不再等待处理。"
"Order approval with id ""%1"" does not exist.","ID 为""%1""的订单审批不存在。"
"Orders","订单"
"Orders Considered","纳入统计的订单"
"Ordo Automation","Ordo Automation"
"Ordo Automation Campaigns","Ordo Automation 活动"
"Ordo Automation Content Blocks","Ordo Automation 内容块"
"Ordo Automation Free Gifts","Ordo Automation 赠品"
"Ordo Automation Score Rules","Ordo Automation 评分规则"
"Ordo Automation Section","Ordo Automation 分区"
"Ordo Automation Segments","Ordo Automation 客户群组"
"Output variable name (optional)","输出变量名（可选）"
"Params (JSON)","参数（JSON）"
"Params (JSON) — only needed for a condition type without a dedicated field above","参数（JSON）—— 仅在上方没有该条件类型的专用字段时才需要填写"
"Params (JSON) — only needed for an action type without a dedicated field above","参数（JSON）—— 仅在上方没有该操作类型的专用字段时才需要填写"
"Please enter a tag.","请输入标签。"
"Please enter a valid number of points.","请输入有效的积分数。"
"Points","积分"
"Points (used by ""Add Points"")","积分（用于""添加积分""）"
"Popup body","弹窗正文"
"Popup frequency cap (hours)","弹窗频次上限（小时）"
"Popup headline","弹窗标题"
"Popup poll interval (seconds)","弹窗轮询间隔（秒）"
"Preview","预览"
"Product Feed","商品订阅源"
"Products","商品"
"Queued ""%1"" for %2 matching customer(s).","已为 %2 位匹配的客户排队执行""%1""。"
"R Quintile","R 五分位"
"RFM Report","RFM 报告"
"RFM Score","RFM 评分"
"RSS 2.0 feed URL, refetched every 30 minutes by cron (or on demand via ""Refresh Feed Now"")","RSS 2.0 订阅源链接，由计划任务每 30 分钟重新抓取一次（或通过""立即刷新订阅源""按需抓取）"
"RSS Feed","RSS 订阅源"
"Raw HTML to embed for a ""snippet"" block.","""代码片段""类型内容块要嵌入的原始 HTML。"
"Recency, frequency and spend quintiles across all customers","全体客户的最近购买时间、购买频率与消费金额五分位"
"Recovered revenue","挽回的收入"
"Reference","参考编号"
"Refresh Feed Now","立即刷新订阅源"
"Refresh failed: %1","刷新失败：%1"
"Remove","移除"
"Reorder Cycles","复购周期"
"Reorder Reminder","复购提醒"
"Reorder cycle with id ""%1"" does not exist.","ID 为""%1""的复购周期不存在。"
"Responded","已响应"
"Response rate","响应率"
"Reusable HTML snippet, RSS, and product feed blocks for campaign emails","可复用于活动邮件的 HTML 代码片段、RSS 及商品订阅源内容块"
"Run Bulk Action","执行批量操作"
"Runs against everyone currently matching this segment's conditions. The action is queued and applied asynchronously.","将对当前所有符合此客户群组条件的客户执行。该操作会排队并异步执行。"
"SKU","SKU"
"SKU ""%1"" is not an eligible free gift for this cart.","SKU""%1""不符合此购物车的赠品条件。"
"Sales Rep Signature & Digest","销售代表签名及摘要"
"Save & Continue Edit","保存并继续编辑"
"Save Campaign","保存活动"
"Save Content Block","保存内容块"
"Save Offer","保存活动"
"Save Score Rule","保存评分规则"
"Save Segment","保存客户群组"
"Saved, reusable customer conditions — reference from any campaign via the ""In Segment"" condition","已保存、可复用的客户条件 —— 可通过""属于客户群组""条件在任意活动中引用"
"Score Rule Information","评分规则信息"
"Score Rules","评分规则"
"Score Threshold","评分阈值"
"Score Threshold Crossed","评分已超过阈值"
"Searchable — includes core customer fields and EAV custom attributes","可搜索 —— 包含核心客户字段及 EAV 自定义属性"
"Segment Information","客户群组信息"
"Segments","客户群组"
"Send reminder N days before the expected date","在预计日期前 N 天发送提醒"
"Send reminder N days before the offer expires","在活动到期前 N 天发送提醒"
"Send reminder N minutes after last cart activity","在最后一次购物车活动后 N 分钟发送提醒"
"Send weekly digest to reps","向销售代表发送每周摘要"
"Sent","已发送"
"Sort Order","排序"
"Source","来源"
"Status","状态"
"Tag","标签"
"Tag (used by ""Add Tag"")","标签（用于""添加标签""）"
"Tag Added","标签已添加"
"Tag a customer ""inactive"" after this many days without an order","客户超过此天数未下单则标记为""不活跃"""
"Tag a customer after this many clicks on the same tracked element","客户对同一被追踪元素点击达到此次数后打标签"
"Tag a customer after this many views of the same item","客户浏览同一商品达到此次数后打标签"
"The campaign has been deleted.","活动已删除。"
"The campaign has been saved.","活动已保存。"
"The content block has been deleted.","内容块已删除。"
"The content block has been saved.","内容块已保存。"
"The free gift offer has been deleted.","赠品活动已删除。"
"The free gift offer has been saved.","赠品活动已保存。"
"The gift selection contains duplicate SKUs.","所选赠品中包含重复的 SKU。"
"The order for this approval could not be found.","未找到此审批对应的订单。"
"The score rule has been deleted.","评分规则已删除。"
"The score rule has been saved.","评分规则已保存。"
"The segment has been deleted.","客户群组已删除。"
"The segment has been saved.","客户群组已保存。"
"This campaign no longer exists.","此活动已不存在。"
"This content block is not an RSS feed.","此内容块不是 RSS 订阅源。"
"This content block no longer exists.","此内容块已不存在。"
"This free gift offer no longer exists.","此赠品活动已不存在。"
"This offer could not be found.","未找到此活动。"
"This offer has already been extended the maximum of %1 time(s).","此活动已延期达到最大次数 %1 次。"
"This score rule no longer exists.","此评分规则已不存在。"
"This segment no longer exists.","此客户群组已不存在。"
"Tiers","阶梯"
"Total","总计"
"Total Spend","总消费"
"Total campaigns","活动总数"
"Tracked reorder cycles","已追踪的复购周期"
"Trigger","触发器"
"Trigger Event","触发事件"
"Trigger performance","触发器表现"
"Triggers","触发器"
"Trigger(s)","触发器"
"Triggers, thresholds, tracking, and more","触发器、阈值、追踪等设置"
"Triggers: %1","触发器：%1"
"Type","类型"
"Unique machine identifier, referenced by a campaign's ""Add Dynamic Content"" action","唯一机器标识符，供活动的""添加动态内容""操作引用"
"Updated","更新时间"
"Value","值"
"Visitor Tag Added (anonymous)","已为匿名访客添加标签"
"Wait this long after the previous step (or the trigger, for the first action) before running this one. 0 runs immediately.","在上一步骤（对于第一个操作则是触发器）之后等待此时长再执行本操作。设为 0 则立即执行。"
"Warn at this % of credit limit used","当信用额度使用率达到此百分比时发出预警"
"You have no offers yet.","您还没有任何活动。"
"You may select at most %1 gift(s) with the current cart subtotal.","按当前购物车小计，您最多可选择 %1 件赠品。"
"Your order could not be placed because your account has reached its credit limit. Please contact your sales representative.","您的订单无法提交，因为您的账户已达到信用额度上限。请联系您的销售代表。"
"campaign","活动"
"content block","内容块"
"e.g. {""tag"":""vip""}, {""amount"":""100""}, {""threshold"":""50""}, {""days"":""30""}, {""count"":""3""}, {""segment_id"":""2""} — see the condition type's docblock in Model/Campaign/Condition/ for the exact keys it reads.","例如：{""tag"":""vip""}、{""amount"":""100""}、{""threshold"":""50""}、{""days"":""30""}、{""count"":""3""}、{""segment_id"":""2""} —— 具体读取哪些键请参见 Model/Campaign/Condition/ 中对应条件类型的文档注释。"
"free gift offer","赠品活动"
"score rule","评分规则"
"immediate","立即"
"segment","客户群组"
"Customer 360","客户360"
"Customer email","客户邮箱"
"Find a customer","查找客户"
"Search","搜索"
"← Back to Dashboard","← 返回仪表盘"
"Lead score","潜在客户评分"
"Loyalty tier","忠诚等级"
"NPS score","NPS得分"
"Never surveyed","从未参与调查"
"RFM / order history","RFM / 订单历史"
"RFM score","RFM得分"
"Not yet computed","尚未计算"
"Days since last order","距最后一次订单的天数"
"Never ordered","从未下单"
"Total orders","订单总数"
"Lifetime spend","累计消费"
"Tags","标签"
"No tags.","无标签。"
"Qualifies for segments","符合的分组"
"No matching enabled segments.","没有匹配的已启用分组。"
"No customer found for that email.","未找到该邮箱对应的客户。"
"Referral Program","推荐计划"
"Email Template Version History","邮件模板版本历史"
"Email Template Versions","邮件模板版本"
"Could not restore template ""%1"": %2","无法恢复模板“%1”：%2"
"Restored %1 template version(s).","已恢复 %1 个模板版本。"
"AI-Agent Commerce Readiness","AI代理商业就绪度"
"Description","描述"
"Contact Email","联系邮箱"
"Requests Per Minute Per API Key","每个API密钥每分钟请求数"
"Estimated Delivery Days","预估配送天数"
"AI-agent commerce endpoints are disabled.","AI代理端点已禁用。"
"Missing or invalid API key.","API密钥缺失或无效。"
"Rate limit exceeded.","超过请求频率限制。"
"None of the requested SKUs could be quoted.","所有请求的SKU均无法报价。"
"Ordo Automation Customer 360","Ordo Automation 客户360"
"Ordo Automation Email Template Versioning","Ordo Automation 邮件模板版本"
"Level","级别"
"Refresh","刷新"
"Provider Message ID","服务商消息 ID"
"Entity ID","实体 ID"
"Good news — the product you were watching is back in stock.","好消息 —— 您关注的商品已补货。"
"Template ID","模板 ID"
"Submitted At","提交时间"
"Per-customer marketing consent, data export, and erasure","按客户管理营销同意状态、数据导出与数据清除"
"Reorder cycle recalculation failed: %1","复购周期重新计算失败：%1"
"Browse and act on pending order approvals without the original decision email","无需原始决策邮件即可浏览并处理待审批订单"
"Are you sure you want to delete this lead routing rule?","确定要删除此潜客分配规则吗？"
"Channels & Content","渠道与内容"
"Include an opt-out instruction (e.g. ""Reply STOP to unsubscribe"") in the first message to any recipient — required by Twilio's messaging policy and, in the US, the TCPA.","在发给任何收件人的首条消息中附上退订说明（例如""回复 STOP 退订"")——这是 Twilio 消息政策以及美国 TCPA 法规的要求。"
"Order Approvals","订单审批"
"Clicked","已点击"
"Invalid consent update request.","同意状态更新请求无效。"
"Done","完成"
"Customer Email","客户邮箱"
"Post-Purchase Thank You + Coupon","购后感谢 + 优惠券"
"0 / %1 characters","0 / %1 个字符"
"Subject","主题"
"Sent At","发送时间"
"Missing reorder cycle id.","缺少复购周期 ID。"
"Upcoming","即将到来"
"Failure","失败"
"Variant","变体"
"Referral Converted (referred customer placed their first order)","推荐转化（被推荐客户提交了首笔订单）"
"Send a reorder reminder email to this customer now?","确定要立即向此客户发送复购提醒邮件吗？"
"Send reorder reminder","发送复购提醒"
"Erase all data","清除所有数据"
"Attributed Revenue","归因收入"
"All conditions (AND)","所有条件（且）"
"Data subject actions","数据主体操作"
"External Audience ID","外部受众 ID"
"Could not build the cart: %1","无法生成购物车：%1"
"That customer no longer exists.","该客户已不存在。"
"Are you sure you want to delete the selected campaign(s)?","确定要删除所选的活动吗？"
"Campaign ""%1"" was imported.","活动""%1""已导入。"
"Too many attempts. Please wait a while and try again.","尝试次数过多。请稍后再试。"
"Opted in","已接受"
"Standard 5-field cron, e.g. ""0 8 * * 1"" for every Monday at 08:00. Precision is bounded by the 5-minute scan interval — a minute field that isn't a multiple of 5 will never match.","标准 5 字段 cron 表达式，例如 ""0 8 * * 1"" 表示每周一 08:00。精度受 5 分钟扫描间隔限制 —— 分钟字段若不是 5 的倍数将永远无法匹配。"
"Read-only: inbound SMS/WhatsApp replies per customer, including STOP-keyword opt-outs","只读：每位客户的短信/WhatsApp 入站回复，包括 STOP 关键词退订"
"Reset the cached RFM score for the selected customer(s)? It will be recomputed on the next scheduled run (or live in the meantime).","确定要重置所选客户的缓存 RFM 评分吗？将在下次计划运行时重新计算（期间也可能实时计算）。"
"Only APPROVED templates appear here — the WhatsApp Business Platform never allows a free-form message from a campaign send.","此处仅显示已批准（APPROVED）的模板 —— WhatsApp Business Platform 从不允许活动发送任意格式的消息。"
"Drift ratio, at least (1.0 = exactly on schedule)","最小偏移比率（1.0 = 完全符合计划）"
"Added to Cart","已加入购物车"
"A total of %1 score rule(s) have been disabled.","共禁用了 %1 条评分规则。"
"Browse Abandoned (viewed a product, no order since)","浏览未转化（浏览过商品，此后未下单）"
"Changes","变更内容"
"Last Synced At","最后同步时间"
"Save Lead Routing Rule","保存潜客分配规则"
"Language","语言"
"To","收件人"
"Export all data (JSON)","导出所有数据（JSON）"
"Fri","周五"
"Shopping feed","购物订阅源"
"New WhatsApp Template","新建 WhatsApp 模板"
"Leave blank to match every customer (a catch-all/default pool rule)","留空则匹配所有客户（作为兜底/默认池规则）"
"Error","错误"
"Reordered?","已复购？"
"Welcome New Customer","欢迎新客户"
"ad audience","广告受众"
"Refresh Now","立即刷新"
"Import Campaign","导入活动"
"Build a segment","创建客户群组"
"Match order — the first enabled rule that matches a customer wins","匹配顺序 —— 第一条与客户匹配的已启用规则生效"
"Webhook Received (signed, from an external system)","已接收 Webhook（来自外部系统，已签名）"
"Price Drop","降价"
"Maximum days since last order","距上次订单的最大天数"
"Lead Routing Rule Information","潜客分配规则信息"
"Segment Overlap","客户群组重叠"
"Not calculated yet","尚未计算"
"Send a real test message on any channel to catch a typo'd placeholder before a real customer does. Consent, quiet hours, and frequency caps are all skipped - this always attempts to send.","通过任意渠道发送真实测试消息，抢在真实客户之前发现占位符拼写错误。此操作会跳过同意状态、免打扰时段和频次上限检查 —— 始终尝试发送。"
"A total of %1 campaign(s) have been enabled.","共启用了 %1 个活动。"
"Could not save the ad audience: %1","无法保存广告受众：%1"
"Event","事件"
"Delete the selected price watch subscription(s)? This cancels the watch - the customer or guest will need to register it again to be notified.","确定要删除所选的价格监控订阅吗？这将取消该监控 —— 客户或访客需重新注册才能再次收到通知。"
"lead routing rule","潜客分配规则"
"Opted out","已退出"
"Enable in Configuration","在配置中启用"
"Segments, tags, RFM, lead score, NPS and loyalty tier for one customer","单个客户的客户群组、标签、RFM、潜客评分、NPS 及会员等级"
"Meta Template ID","Meta 模板 ID"
"Order approvals stuck","订单审批滞留"
"Summary","摘要"
"Opt in","选择接受"
"SMS","短信"
"Add New Lead Routing Rule","新建潜客分配规则"
"Customer","客户"
"Import %1","导入 %1"
"Every snapshot taken of a Magento email template, with a restore option","Magento 邮件模板的每一个快照，均可恢复"
"Open Setup Guide","打开设置指南"
"Conversations","对话记录"
"Delete lead routing rules","删除潜客分配规则"
"Last Known Price","最后已知价格"
"Notified Admin","已通知管理员"
"Ad Audience Information","广告受众信息"
"Add New Template","新建模板"
"Order count, at least","最少订单数量"
"Could not save the lead routing rule: %1","无法保存潜客分配规则：%1"
"Are you sure you want to delete the selected lead routing rule(s)?","确定要删除所选的潜客分配规则吗？"
"Entity","实体"
"Edit Lead Routing Rule ""%1""","编辑潜客分配规则""%1"""
"Segment ID","客户群组 ID"
"Refresh Status from Meta","从 Meta 刷新状态"
"+%1 hours","+%1 小时"
"A total of %1 push subscription(s) have been deleted.","共删除了 %1 个推送订阅。"
"No sends recorded for this campaign yet.","此活动尚无发送记录。"
"Pick two different segments.","请选择两个不同的客户群组。"
"SMS message","短信内容"
"The ad audience has been deleted.","广告受众已删除。"
"Segment A","客户群组 A"
"Admin User","管理员用户"
"Free Gift Offer","赠品活动"
"Sun","周日"
"Delete free gift offers","删除赠品活动"
"SKU (optional)","SKU（可选）"
"Group (nested AND/OR)","分组（嵌套且/或）"
"Params (comma-separated)","参数（逗号分隔）"
"Setup Guide","设置指南"
"← Back to Campaign Action Timeline","← 返回活动操作时间线"
"Every browser/device Web Push subscription currently registered","当前已注册的每一个浏览器/设备 Web 推送订阅"
"Read-only: raw delivery status of every SMS/email a campaign action sent","只读：活动操作发送的每条短信/邮件的原始送达状态"
"Cart built for this customer - review and place the order below.","已为该客户生成购物车 —— 请在下方核对并提交订单。"
"Stop Keyword","退订关键词"
"A total of %1 free gift offer(s) have been enabled.","共启用了 %1 个赠品活动。"
"Create","新建"
"Full Screen","全屏"
"Start a new order for this customer with this product already added?","确定要为此客户新建一个已加入该商品的订单吗？"
"Build Cart","生成购物车"
"Scheduled Campaign Calendar","计划活动日历"
"The ad audience has been saved.","广告受众已保存。"
"Product","商品"
"Tue","周二"
"Cron Run Log","计划任务运行日志"
"Not set up yet — publish your catalog as a Google Merchant Center feed to unlock free Google Shopping listings.","尚未设置 —— 将您的商品目录发布为 Google Merchant Center 订阅源，即可免费展示于 Google 购物。"
"Content Block","内容块"
"Price Watch Subscriptions","价格监控订阅"
"Mon","周一"
"Segment not found.","未找到客户群组。"
"Reset the cached RFM score for %1 customer(s) — recomputed on the next scheduled run (or live in the meantime).","已重置 %1 位客户的缓存 RFM 评分 —— 将在下次计划运行时重新计算（期间也可能实时计算）。"
"Lead Routing Rules","潜客分配规则"
"Send Reminder Now","立即发送提醒"
"Crons failed (last 24h)","过去 24 小时内失败的计划任务"
"Read-only: every shopping feed generation attempt, per store - success/error, item count","只读：每个店铺的每一次购物订阅源生成尝试 —— 成功/失败状态及条目数量"
"Refresh this template's status from Meta?","确定要从 Meta 刷新此模板的状态吗？"
"Undelivered","未送达"
"Decided","已处理"
"A total of %1 content block(s) have been deleted.","共删除了 %1 个内容块。"
"Are you sure you want to delete the selected WhatsApp template(s)?","确定要删除所选的 WhatsApp 模板吗？"
"Product Feed Health","商品订阅源健康状况"
"Delete content blocks","删除内容块"
"Score Rule","评分规则"
"From","发件人"
"Notified","已通知"
"Recalculate Now","立即重新计算"
"Review Request Due (N days after a completed order)","评价请求到期（订单完成后 N 天）"
"Compare","对比"
"Add New Ad Audience","新建广告受众"
"Conversion Rate","转化率"
"Product ID","商品 ID"
"Yes - defer to this customer's own historically-best open/click hour (Model\Campaign\SendTimeOptimizer), when enough history exists","是 —— 当历史数据足够时，采用该客户历史上打开/点击率最佳的时段（Model\Campaign\SendTimeOptimizer）"
"Approve","批准"
"Recency (days since last order, at most)","最近购买（距上次订单最大天数）"
"Up to 10 conditions per list (this one, or a single group's own nested list).","每个列表最多 10 个条件（此列表本身，或单个分组的嵌套列表）。"
"Restore template version(s)","恢复模板版本"
"Google Merchant Center feed URL:","Google Merchant Center 订阅源链接："
"Back In Stock","补货到货"
"View Scheduled Campaign Calendar →","查看计划活动日历 →"
"WhatsApp template","WhatsApp 模板"
"Notification body","通知正文"
"Submit for Review","提交审核"
"Are you sure you want to delete the selected reorder cycle(s)?","确定要删除所选的复购周期吗？"
"Endpoint","端点"
"(deleted campaign)","（活动已删除）"
"WhatsApp","WhatsApp"
"Wed","周三"
"Ad Audience","广告受众"
"A later ""Send Email"" action in this same chain can render the result with {{var <output variable name>|raw}}. Defaults to ""ai_content_html"" if left blank.","同一操作链中后续的""发送邮件""操作可以通过 {{var <输出变量名>|raw}} 渲染结果。留空则默认为 ""ai_content_html""。"
"Email address, or +15551234567 for SMS/WhatsApp","邮箱地址，或用于短信/WhatsApp 的号码（如 +15551234567）"
"Send a real test email/SMS/WhatsApp message to catch a typo before a customer does","发送真实的测试邮件/短信/WhatsApp 消息，抢在客户之前发现拼写错误"
"Edit WhatsApp Template ""%1""","编辑 WhatsApp 模板""%1"""
"A total of %1 content block(s) have been disabled.","共禁用了 %1 个内容块。"
"-- Select --","-- 请选择 --"
"Delete price watch subscription(s)","删除价格监控订阅"
"Are you sure you want to delete the selected segment(s)?","确定要删除所选的客户群组吗？"
"Leave blank to match any product.","留空则匹配任意商品。"
"Sales Reps","销售代表"
"Segment","客户群组"
"You have unsaved changes on this page — the count below still reflects this segment's last saved conditions, not what's currently on screen.","此页面存在未保存的更改 —— 下方数量仍反映该客户群组上一次保存的条件，而非当前屏幕上的内容。"
"Update","更新"
"Meta Template Name","Meta 模板名称"
"Used instead of a real Ollama response whenever AI content generation is disabled, unconfigured, or the local instance times out - the send is never blocked by this action.","在 AI 内容生成被禁用、未配置，或本地实例超时的情况下，用作真实 Ollama 响应的替代内容 —— 发送流程不会因此操作而被阻断。"
"Message Log","消息日志"
"""All"" (AND) requires every condition below to match; ""Any"" (OR) requires only one.","""全部""（且）要求下方所有条件均匹配；""任一""（或）只需满足一个。"
"The lead routing rule has been deleted.","潜客分配规则已删除。"
"File","文件"
"Admin Action Log","管理员操作日志"
"Delete campaigns","删除活动"
"See how many customers match two segments at once","查看同时匹配两个客户群组的客户数量"
"Combines this group's own conditions below with AND/OR, independently of the segment's top-level setting.","此分组下方自身的条件按且/或组合，与客户群组顶层设置相互独立。"
"Ad Audiences","广告受众"
"Export","导出"
"Could not delete the ad audience: %1","无法删除广告受众：%1"
"New Ad Audience","新建广告受众"
"Use {{1}}, {{2}}, ... for placeholders filled positionally by the send_whatsapp campaign action's own ""params"" field at send time. Max 1024 characters, matching Meta's own WhatsApp template body limit.","使用 {{1}}、{{2}}……作为占位符，由 send_whatsapp 活动操作在发送时通过自身的""params""字段按位置填充。最多 1024 个字符，与 Meta 自身的 WhatsApp 模板正文长度限制一致。"
"Rejection Reason","拒绝原因"
"A total of %1 ad audience(s) have been disabled.","共禁用了 %1 个广告受众。"
"Recurring Schedule","重复计划"
"Failed","失败"
"Next month →","下个月 →"
"Note","备注"
"Product Count","商品数量"
"Survey question","调查问题"
"New here? Finish setting up Ordo Automation.","刚接触本模块？请完成 Ordo Automation 的初始设置。"
"Segment ""%1"" was imported.","客户群组""%1""已导入。"
"Could not submit the template to Meta: %1","无法向 Meta 提交模板：%1"
"Output variable name","输出变量名"
"Platform","平台"
"Any condition (OR)","任一条件（或）"
"Loyalty tiers","会员等级"
"Revenue","收入"
"Pick two segments to see how many customers currently match both — useful for avoiding message fatigue from campaigns that unknowingly target the same people.","选择两个客户群组，查看当前同时匹配两者的客户数量 —— 有助于避免多个活动在不知情的情况下重复触达同一批客户，造成消息疲劳。"
"Missing WhatsApp template id.","缺少 WhatsApp 模板 ID。"
"Read-only: every summary/failure line every cron in this module has logged","只读：本模块中每个计划任务记录的每一条摘要/失败日志"
"Customers currently matching this segment's saved conditions.","目前符合此客户群组已保存条件的客户。"
"Template parameters (comma-separated, optional)","模板参数（逗号分隔，可选）"
"Product feed refresh failed: %1","商品订阅源刷新失败：%1"
"Date/time (store timezone)","日期/时间（店铺时区）"
"A total of %1 free gift offer(s) have been disabled.","共禁用了 %1 个赠品活动。"
"Fallback text","备用文本"
"A total of %1 lead routing rule(s) have been disabled.","共禁用了 %1 条潜客分配规则。"
"The WhatsApp template has been saved.","WhatsApp 模板已保存。"
"Restore the selected version(s)? This overwrites each version's template with this snapshot's subject/content, and itself creates a new snapshot of the resulting state.","确定要恢复所选版本吗？这将用该快照的主题/内容覆盖每个版本对应的模板，并会为恢复后的状态创建一个新快照。"
"Fills the template's {{1}}, {{2}}, ... placeholders in order, e.g. for a template body of ""Hi {{1}}, your order {{2}} shipped"": John,ORD-1234","按顺序填充模板中的 {{1}}、{{2}}……占位符，例如对于模板正文""Hi {{1}}, your order {{2}} shipped""：John,ORD-1234"
"Google Ads","Google Ads"
"Search palette blocks","搜索面板模块"
"Campaigns & Automation","活动与自动化"
"Could not send the reminder: %1","无法发送提醒：%1"
"A total of %1 lead routing rule(s) have been deleted.","共删除了 %1 条潜客分配规则。"
"Go","前往"
"Are you sure you want to delete the selected free gift offer(s)?","确定要删除所选的赠品活动吗？"
"A total of %1 segment(s) have been deleted.","共删除了 %1 个客户群组。"
"Template Test Send","模板测试发送"
"The lead routing rule has been saved.","潜客分配规则已保存。"
"Approved","已批准"
"Converted","已转化"
"Variants","变体"
"Segment B size:","客户群组 B 规模："
"Look up one customer by email to view or change their marketing consent, export their data, or permanently erase it — for handling a GDPR/data-protection rights request.","通过邮箱查找单个客户，以查看或更改其营销同意状态、导出其数据，或永久清除其数据 —— 用于处理 GDPR/数据保护权利请求。"
"A total of %1 segment(s) have been disabled.","共禁用了 %1 个客户群组。"
"SMS (Twilio) or WhatsApp (Meta) — a campaign's send_sms/send_whatsapp action silently fails at dispatch time until credentials are set here.","短信（Twilio）或 WhatsApp（Meta）—— 在此处设置凭据之前，活动的 send_sms/send_whatsapp 操作在触发时会静默失败。"
"Read-only: every admin save of a Campaign or Segment - who, when, and what changed","只读：每一次管理员对活动或客户群组的保存操作 —— 记录操作人、时间及变更内容"
"Audience & Targeting","受众与定向"
"Delete score rules","删除评分规则"
"Are you sure you want to delete the selected message log entry(s)?","确定要删除所选的消息日志记录吗？"
"Every price-drop or back-in-stock watch a customer or guest has registered","客户或访客注册的每一个降价或补货监控"
"+1 hour","+1 小时"
"Submit this template to Meta for approval?","确定要将此模板提交给 Meta 审批吗？"
"Meta","Meta"
"Enable","启用"
"Import","导入"
"Cron expression","Cron 表达式"
"Only in Segment B:","仅存在于客户群组 B："
"Last Sync Status","最后同步状态"
"Delivered","已送达"
"Are you sure you want to delete the selected ad audience(s)?","确定要删除所选的广告受众吗？"
"Every enabled campaign's ""Scheduled Date/Time"" or ""Recurring Schedule"" trigger, plotted on the day it will (or did) fire — event-based triggers (order placed, tag added, ...) have no fixed date and so don't appear here; see ""Campaign Action Timeline"" for those.","每个已启用活动的""计划日期/时间""或""重复计划""触发器，按其（将要或已经）触发的日期显示 —— 基于事件的触发器（订单提交、添加标签等）没有固定日期，因此不会出现在此处；这类触发器请参见""活动操作时间线""。"
"Channel","渠道"
"Are you sure you want to delete this ad audience?","确定要删除此广告受众吗？"
"Yes","是"
"Success","成功"
"Could not refresh the template status: %1","无法刷新模板状态：%1"
"A total of %1 segment(s) have been enabled.","共启用了 %1 个客户群组。"
"Reorder reminder sent to %1.","复购提醒已发送至 %1。"
"Each variant gets a relative weight (they don't need to sum to 100) and its own action chain. A customer is assigned to exactly one variant, deterministically, the first time they enter this split - repeat dispatches (and a delayed resume elsewhere in the chain) always land in the same variant. A variant's own actions can't have their own delay yet.","每个变体拥有一个相对权重（权重总和无需为 100）以及各自的操作链。客户首次进入此分流节点时会被确定性地分配到唯一一个变体 —— 后续重复触发（以及操作链其他位置延迟恢复的执行）始终会落入同一个变体。变体自身的操作暂不支持单独设置延迟。"
"E.g. 80 = among the best 20% of customers on this metric.","例如：80 表示在该指标上位列前 20% 的客户。"
"Invalid customer.","客户无效。"
"Add Rep","添加代表"
"Campaign Action Timeline","活动操作时间线"
"Consent — customer #%1 (%2)","同意状态 —— 客户 #%1（%2）"
"Minimum NPS score","最低 NPS 评分"
"A saved, reusable set of customer conditions — reference it from any campaign via the ""In Segment"" condition instead of repeating the same conditions everywhere.","一组已保存、可复用的客户条件 —— 可通过""属于客户群组""条件在任意活动中引用，无需在各处重复设置相同条件。"
"Are you sure you want to delete the selected score rule(s)?","确定要删除所选的评分规则吗？"
"GDPR / Consent","GDPR / 同意管理"
"Status refreshed from Meta: %1","已从 Meta 刷新状态：%1"
"Within days","天数以内"
"Only in Segment A:","仅存在于客户群组 A："
"Reorder cycles recalculated: %1 pair(s).","已重新计算复购周期：%1 组。"
"Reset Cached Score","重置缓存评分"
"Sat","周六"
"A quick checklist for the real dependency order: configure a channel, build a segment, then a campaign that uses it.","一份关于真实依赖顺序的快速清单：先配置渠道，再创建客户群组，然后创建使用该群组的活动。"
"No","否"
"No - send immediately","否 —— 立即发送"
"Restore","恢复"
"Template Name","模板名称"
"WhatsApp Templates","WhatsApp 模板"
"Snapshot Taken","快照生成时间"
"Edit Ad Audience ""%1""","编辑广告受众""%1"""
"This customer has opted out of email - reminder not sent.","此客户已选择退出邮件 —— 提醒未发送。"
"Send to","发送至"
"A total of %1 lead routing rule(s) have been enabled.","共启用了 %1 条潜客分配规则。"
"Admin-facing only - not sent to Meta.","仅面向管理员 —— 不会发送给 Meta。"
"Search blocks…","搜索模块…"
"Reject","拒绝"
"Prompt","提示词"
"Rejected","已拒绝"
"Start typing to search the catalog.","开始输入以搜索商品目录。"
"A total of %1 reorder cycle(s) have been deleted.","共删除了 %1 个复购周期。"
"Reject order","拒绝订单"
"Scheduled Date/Time","计划日期/时间"
"Campaign conversion rate (%1 sent, %2 converted)","活动转化率（已发送 %1，已转化 %2）"
"Connected. Response: ""%1""","连接成功。响应：""%1"""
"Visitor ID","访客 ID"
"Percentile, at least (0-100)","最低百分位（0-100）"
"Read-only: what the reorder-detection engine currently believes about each customer/SKU","只读：复购检测引擎当前对每个客户/SKU 组合的判断结果"
"Product Recommendations","商品推荐"
"Step %1","步骤 %1"
"The test failed.","测试失败。"
"Build reorder cart","生成复购购物车"
"%1 — customer #%2 (%3)","%1 —— 客户 #%2（%3）"
"Back to Dashboard","返回仪表盘"
"Segment B","客户群组 B"
"The real dependency order for a working campaign: configure a channel first, then build a segment, then a campaign that uses it. Each step below reflects whether it's actually been done, not just clicked through.","让活动真正生效所需的真实依赖顺序：先配置渠道，再创建客户群组，然后创建使用该群组的活动。下方每个步骤反映的是是否已实际完成，而非仅仅点击浏览过。"
"Permanently erase all Ordo Automation data for this customer? This cannot be undone.","确定要永久清除此客户的所有 Ordo Automation 数据吗？此操作无法撤销。"
"A total of %1 score rule(s) have been deleted.","共删除了 %1 条评分规则。"
"No response - check the Base URL/Model below, and that the Ollama instance is reachable from this server.","无响应 —— 请检查下方的基础 URL/模型设置，并确认此服务器可以访问该 Ollama 实例。"
"This template has already been submitted to Meta - nothing to do.","此模板已提交给 Meta —— 无需操作。"
"Missing ad audience id.","缺少广告受众 ID。"
"A trigger, plus whatever conditions/actions should run when it fires — the Flow canvas is the fastest way to build one.","一个触发器，加上触发时应执行的条件/操作 —— 使用流程图画布是构建它最快的方式。"
"Phone","电话"
"A total of %1 campaign(s) have been deleted.","共删除了 %1 个活动。"
"A single 0-10 question, e.g. ""How likely are you to recommend us to a friend?""","一个 0-10 分的单一问题，例如""您向朋友推荐我们的可能性有多大？"""
"Body Text","正文内容"
"Compliance & Settings","合规与设置"
"Guest Email","访客邮箱"
"This lead routing rule no longer exists.","此潜客分配规则已不存在。"
"Delete message log entries","删除消息日志记录"
"A total of %1 content block(s) have been enabled.","共启用了 %1 个内容块。"
"Authentication","身份验证"
"Product feeds refreshed for %1 store/format combination(s): %2 product(s) total.","已为 %1 个店铺/格式组合刷新商品订阅源：共 %2 件商品。"
"Group conditions","分组条件"
"Round-robin sales rep assignment for qualifying leads","对符合条件的潜客进行销售代表轮流分配"
"Last Seen","最后出现时间"
"Delete push subscription(s)","删除推送订阅"
"Look up one customer by email to see everything this module already knows about them - segments, tags, RFM/CLV, lead score, NPS, loyalty tier, and order history - on one screen.","通过邮箱查找单个客户，在一个页面查看此模块已掌握的该客户全部信息 —— 客户群组、标签、RFM/客户终身价值、潜客评分、NPS、会员等级及订单历史。"
"Send at customer's optimal time","在客户最佳时间发送"
"A total of %1 ad audience(s) have been enabled.","共启用了 %1 个广告受众。"
"Configure a messaging channel","配置消息渠道"
"A total of %1 message log entry(s) have been deleted.","共删除了 %1 条消息日志记录。"
"Opted Out","已退出"
"Matching customers are assigned round-robin across this pool, in the order listed","匹配的客户将按列表顺序在此销售代表池中轮流分配"
"WhatsApp Template Information","WhatsApp 模板信息"
"Delete WhatsApp templates","删除 WhatsApp 模板"
"+1 day","+1 天"
"Could not delete the WhatsApp template: %1","无法删除 WhatsApp 模板：%1"
"Minimum order count","最少订单数量"
"Good news — the price dropped to %1.","好消息 —— 价格已降至 %1。"
"Marketing","营销"
"New Lead Routing Rule","新建潜客分配规则"
"+%1 days","+%1 天"
"Follow Up on Tagged Customers","对已打标签客户进行跟进"
"Updated At","更新时间"
"Diagnostics","诊断"
"Test Connection","测试连接"
"Push Subscriptions","推送订阅"
"Delete the selected push subscription(s)? The device will need to re-subscribe to receive push notifications again.","确定要删除所选的推送订阅吗？该设备需要重新订阅才能再次接收推送通知。"
"Already fired","已触发"
"Import Segment","导入客户群组"
"Opened","已打开"
"Qualifies For","符合条件"
"Opened by push-sw.js's notificationclick handler when the browser notification is clicked - defaults to ""/"" if left blank.","点击浏览器通知时由 push-sw.js 的 notificationclick 处理程序打开 —— 留空则默认为 ""/""。"
"That reorder cycle no longer exists.","该复购周期已不存在。"
"A total of %1 score rule(s) have been enabled.","共启用了 %1 条评分规则。"
"Redo","重做"
"Received At","接收时间"
"Delete ad audiences","删除广告受众"
"Opt out","选择退出"
"Load a Template","加载模板"
"A total of %1 price watch subscription(s) have been deleted.","共删除了 %1 个价格监控订阅。"
"Meta locale code, e.g. en_US, pl_PL.","Meta 语言区域代码，例如 en_US、pl_PL。"
"Notification title","通知标题"
"Send Test","发送测试"
"Delete reorder cycles","删除复购周期"
"Build a campaign","创建活动"
"The WhatsApp template has been deleted.","WhatsApp 模板已删除。"
"Are you sure you want to reject this order?","确定要拒绝此订单吗？"
"Minimum tier","最低等级"
"Erased %1 Ordo Automation row(s) for customer #%2.","已为客户 #%2 清除 %1 条 Ordo Automation 数据记录。"
"A total of %1 ad audience(s) have been deleted.","共删除了 %1 个广告受众。"
"This WhatsApp template no longer exists.","此 WhatsApp 模板已不存在。"
"Disable","禁用"
"Average projected CLV","平均预测客户终身价值"
"How many recommended products to include","要包含的推荐商品数量"
"Minimum lifetime total","最低累计总额"
"Sales Rep Pool","销售代表池"
"Last Reminder Sent","最后一次提醒发送时间"
"Reset cached RFM score","重置缓存的 RFM 评分"
"Are you sure you want to delete this WhatsApp template?","确定要删除此 WhatsApp 模板吗？"
"Audience Size As Of","受众规模统计时间"
"Campaign not found.","未找到活动。"
"Error Code","错误代码"
"Save Ad Audience","保存广告受众"
"Reference dispatch context with {{placeholders}}, e.g. {{customer_first_name}}. Calls the self-hosted Ollama instance configured under Stores > Configuration > Ordo Automation > AI Content.","使用 {{占位符}} 引用触发上下文，例如 {{customer_first_name}}。将调用在 Stores > Configuration > Ordo Automation > AI Content 中配置的自托管 Ollama 实例。"
"Missing lead routing rule id.","缺少潜客分配规则 ID。"
"WhatsApp Template","WhatsApp 模板"
"Segment matches","客户群组匹配情况"
"Pending","待处理"
"Delete segments","删除客户群组"
"Estimated Audience Size","预估受众规模"
"Group matches","分组匹配情况"
"Order ID","订单 ID"
"Reminders Sent","已发送提醒数"
"Could not delete the lead routing rule: %1","无法删除潜客分配规则：%1"
"Lowercase letters, digits, and underscores only - this is the exact name registered with Meta.","仅限小写字母、数字和下划线 —— 这是在 Meta 处注册的确切名称。"
"Sync a segment as a Google Ads / Meta remarketing audience","将客户群组同步为 Google Ads / Meta 再营销受众"
"Format: YYYY-MM-DD HH:MM:SS, e.g. 2026-11-28 09:00:00. Fires at most once, the next time Cron\DispatchScheduledCampaignTriggers scans (every 5 minutes) after this moment.","格式：YYYY-MM-DD HH:MM:SS，例如 2026-11-28 09:00:00。此后 Cron\DispatchScheduledCampaignTriggers 下一次扫描（每 5 分钟一次）时最多触发一次。"
"Consent updated.","同意状态已更新。"
"Feed","订阅源"
"This template has not been submitted to Meta yet - nothing to refresh.","此模板尚未提交给 Meta —— 无内容可刷新。"
"Could not save the WhatsApp template: %1","无法保存 WhatsApp 模板：%1"
"Watch Type","监控类型"
"Cancel","取消"
"Reorder Cycle Drift Ratio, At Least (1.0 = exactly on schedule)","最小复购周期偏移比率（1.0 = 完全符合计划）"
"(no split)","（无分流）"
"Funnel","转化漏斗"
"A total of %1 campaign(s) have been disabled.","共禁用了 %1 个活动。"
"Month-grid view of when scheduled/recurring campaigns fire","以月历网格视图查看计划/重复活动的触发时间"
"The template has been submitted to Meta for approval.","模板已提交给 Meta 审批。"
"Added to Wishlist","已加入心愿单"
"Segment A size:","客户群组 A 规模："
"← Previous month","← 上个月"
"Are you sure you want to delete the selected content block(s)?","确定要删除所选的内容块吗？"
"This order is no longer awaiting approval and cannot be acted on via this link.","此订单已不再等待审批，无法通过此链接进行操作。"
"A total of %1 WhatsApp template(s) have been deleted.","共删除了 %1 个 WhatsApp 模板。"
"In both (intersection):","两者共有（交集）："
"Thu","周四"
"Internal engine views for verifying automation is working correctly - not needed for day-to-day use.","用于验证自动化引擎是否正常运行的内部视图 —— 日常使用中无需查看。"
"Google Ads: an existing user list resourceName (customers/{id}/userLists/{id}). Meta: leave blank to have a new Custom Audience created on first sync.","Google Ads：现有用户列表的 resourceName（customers/{id}/userLists/{id}）。Meta：留空则在首次同步时创建新的自定义受众。"
"This ad audience no longer exists.","此广告受众已不存在。"
"Fit all nodes in view","将所有节点适配到视图"
"Store","店铺"
"Undo","撤销"
"Save Template","保存模板"
"Utility","实用工具"
"Manage and submit templates the send_whatsapp campaign action can use","管理并提交 send_whatsapp 活动操作可使用的模板"
"Matches a purchase from this category or any of its subcategories.","匹配来自该分类或其任意子分类的购买行为。"
"Last Sync Message","最后同步消息"
"A total of %1 free gift offer(s) have been deleted.","共删除了 %1 个赠品活动。"
"URL to open on click (optional)","点击后打开的链接（可选）"
